19.95,20,14.32,0.16,0
20.03,20,14.31,0.16,0.01
19.88,20,14.31,0.16,0.02
19.95,20,14.3,0.16,0.03
19.95,20,14.29,0.16,0.04
19.95,20,14.3,0.16,0.05
20.03,20,14.31,0.16,0.06
19.95,20,14.3,0.16,0.07
19.95,20,14.3,0.16,0.08
19.95,20,14.31,0.16,0.09
19.95,20,14.3,0.16,0.1
19.88,20,14.29,0.16,0.11
19.95,20,14.31,0.16,0.12
19.95,20,14.3,0.16,0.13
19.95,20,14.31,0.16,0.14
20.03,20,14.3,0.16,0.15
19.95,20,14.3,0.16,0.16
20.03,20,14.31,0.16,0.17
20.03,20,14.32,0.16,0.18
20.03,20,14.3,0.16,0.19
19.95,20,14.3,0.16,0.2
20.03,20,14.31,0.16,0.21
19.95,20,14.3,0.16,0.22
20.03,20,14.31,0.16,0.23
19.95,20,14.3,0.16,0.24
20.03,20,14.3,0.16,0.25
20.03,20,14.31,0.16,0.26
20.03,20,14.3,0.16,0.27
20.03,20,14.29,0.16,0.28
20.03,20,14.3,0.16,0.29
20.03,20,14.31,0.16,0.3
19.95,20,14.3,0.16,0.31
19.95,20,14.29,0.16,0.32
19.88,20,14.3,0.16,0.33
19.95,20,14.3,0.16,0.34
20.11,20,14.31,0.16,0.35
19.95,20,14.3,0.16,0.36
20.03,20,14.3,0.16,0.37
20.03,20,14.29,0.16,0.38
20.03,20,14.31,0.16,0.39
19.95,20,14.31,0.16,0.4
19.95,20,14.29,0.16,0.41
20.03,20,14.3,0.16,0.42
19.95,20,14.31,0.16,0.43
19.95,20,14.3,0.16,0.44
19.95,20,14.3,0.16,0.45
19.95,20,14.3,0.16,0.46
19.95,20,14.29,0.16,0.47
20.03,20,14.29,0.16,0.48
19.95,20,14.3,0.16,0.49
20.11,20,14.3,0.16,0.5
19.95,20,14.29,0.16,0.51
19.95,20,14.29,0.16,0.52
20.03,20,14.29,0.16,0.53
19.95,20,14.32,0.16,0.54
19.95,20,14.32,0.16,0.55
20.03,20,14.3,0.16,0.56
19.95,20,14.31,0.16,0.57
19.95,20,14.3,0.16,0.58
19.65,20,14.3,0.16,0.59
19.88,20,14.28,0.16,0.6
19.88,20,14.3,0.16,0.61
20.03,20,14.3,0.16,0.62
19.95,20,14.29,0.16,0.63
20.03,20,14.3,0.16,0.64
19.88,20,14.31,0.16,0.65
19.95,20,14.28,0.16,0.66
19.95,20,14.3,0.16,0.67
19.95,20,14.28,0.16,0.68
19.95,20,14.3,0.16,0.69
19.95,20,14.3,0.16,0.7
19.95,20,14.3,0.16,0.71
19.95,20,14.3,0.16,0.72
19.95,20,14.3,0.16,0.73
20.03,20,14.3,0.16,0.74
20.03,20,14.3,0.16,0.75
19.95,20,14.3,0.16,0.76
20.03,20,14.29,0.16,0.77
19.95,20,14.29,0.16,0.78
20.03,20,14.3,0.16,0.79
19.88,20,14.31,0.16,0.8
19.95,20,14.29,0.16,0.81
19.95,20,14.3,0.16,0.82
19.95,20,14.29,0.16,0.83
20.03,20,14.31,0.16,0.84
20.03,20,14.3,0.16,0.85
19.95,20,14.29,0.16,0.86
20.03,20,14.3,0.16,0.87
19.95,20,14.3,0.16,0.88
19.88,20,14.3,0.16,0.89
19.95,20,14.29,0.16,0.9
19.88,20,14.29,0.16,0.91
19.88,20,14.29,0.16,0.92
19.95,20,14.3,0.16,0.93
19.88,20,14.29,0.16,0.94
19.95,20,14.3,0.16,0.95
19.88,20,14.3,0.16,0.96
19.95,20,14.31,0.16,0.97
19.95,20,14.29,0.16,0.98
19.95,20,14.33,0.16,0.99
19.88,20,14.27,0.16,1
19.95,20,14.25,0.16,1.01
19.95,20,14.3,0.16,1.02
19.95,20,14.31,0.16,1.03
19.95,20,14.29,0.16,1.04
20.03,20,14.29,0.16,1.05
19.95,20,14.28,0.16,1.06
20.03,20,14.31,0.16,1.07
19.88,20,14.31,0.16,1.08
20.03,20,14.32,0.16,1.09
19.95,20,14.3,0.16,1.1
19.95,20,14.31,0.16,1.11
19.95,20,14.3,0.16,1.12
19.95,20,14.29,0.16,1.13
19.95,20,14.3,0.16,1.14
19.95,20,14.3,0.16,1.15
19.88,20,14.29,0.16,1.16
19.95,20,14.29,0.16,1.17
20.03,20,14.31,0.16,1.18
19.95,20,14.31,0.16,1.19
20.03,20,14.3,0.16,1.2
19.95,20,14.3,0.16,1.21
20.03,20,14.3,0.16,1.22
19.95,20,14.31,0.16,1.23
19.95,20,14.3,0.16,1.24
19.95,20,14.3,0.16,1.25
20.03,20,14.3,0.16,1.26
19.88,20,14.31,0.16,1.27
20.03,20,14.29,0.16,1.28
19.95,20,14.3,0.16,1.29
19.95,20,14.29,0.16,1.3
20.03,20,14.3,0.16,1.31
20.03,20,14.3,0.16,1.32
19.95,20,14.29,0.16,1.33
20.03,20,14.28,0.16,1.34
20.03,20,14.3,0.16,1.35
19.95,20,14.29,0.16,1.36
20.03,20,14.3,0.16,1.37
20.03,20,14.28,0.16,1.38
20.03,20,14.31,0.16,1.39
20.03,20,14.3,0.16,1.4
20.03,20,14.29,0.16,1.41
19.95,20,14.31,0.16,1.42
20.03,20,14.3,0.16,1.43
19.88,20,14.29,0.16,1.44
19.95,20,14.3,0.16,1.45
19.95,20,14.3,0.16,1.46
20.03,20,14.3,0.16,1.47
19.95,20,14.3,0.16,1.48
19.95,20,14.29,0.16,1.49
19.88,20,14.3,0.16,1.5
19.95,20,14.3,0.16,1.51
19.95,20,14.29,0.16,1.52
20.03,20,14.3,0.16,1.53
19.95,20,14.31,0.16,1.54
20.03,20,14.28,0.16,1.55
19.95,20,14.31,0.16,1.56
19.95,20,14.28,0.16,1.57
20.34,20,14.31,0.16,1.58
19.95,20,14.3,0.16,1.59
19.95,20,14.3,0.16,1.6
19.88,20,14.29,0.16,1.61
19.95,20,14.3,0.16,1.62
19.95,20,14.3,0.16,1.63
19.95,20,14.3,0.16,1.64
20.03,20,14.3,0.16,1.65
19.88,20,14.3,0.16,1.66
19.95,20,14.29,0.16,1.67
19.95,20,14.31,0.16,1.68
20.03,20,14.29,0.16,1.69
20.03,20,14.3,0.16,1.7
20.03,20,14.3,0.16,1.71
19.95,20,14.3,0.16,1.72
19.95,20,14.28,0.16,1.73
20.03,20,14.3,0.16,1.74
20.03,20,14.3,0.16,1.75
20.03,20,14.29,0.16,1.76
20.03,20,14.3,0.16,1.77
20.03,20,14.3,0.16,1.78
19.88,5,20.01,0,1.79
19.57,5,19.82,0,1.8
18.96,5,19.37,0,1.81
18.66,5,18.88,0,1.82
18.21,5,18.4,0,1.83
17.76,5,18.02,0,1.84
17.39,5,17.66,0,1.85
17.09,5,17.31,0,1.86
16.94,5,17.02,0,1.87
16.65,5,16.73,0,1.88
16.35,5,16.52,0,1.89
16.21,5,16.3,0,1.9
15.91,5,16.05,0,1.91
15.77,5,15.88,0,1.92
15.62,5,15.74,0,1.93
15.48,5,15.58,0,1.94
15.33,5,15.42,0,1.95
15.26,5,15.33,0,1.96
15.19,5,15.23,0,1.97
14.97,5,15.11,0,1.98
14.9,5,15,0,1.99
14.9,5,14.91,0,2
14.83,5,14.84,0,2.01
14.76,5,14.75,0,2.02
14.69,5,14.69,0,2.03
14.69,5,14.66,0,2.04
14.69,5,14.6,0,2.05
14.61,5,14.58,0,2.06
14.4,5,14.54,0,2.07
14.4,5,14.49,0,2.08
14.4,5,14.46,0,2.09
14.4,5,14.39,0,2.1
14.33,5,14.38,0,2.11
14.26,5,14.36,0,2.12
14.33,5,14.33,0,2.13
14.19,5,14.3,0,2.14
14.26,5,14.3,0,2.15
14.26,5,14.29,0,2.16
14.26,5,14.28,0,2.17
14.33,5,14.26,0,2.18
14.19,5,14.22,0,2.19
14.19,5,14.24,0,2.2
14.19,5,14.23,0,2.21
14.19,5,14.22,0,2.22
14.12,5,14.21,0,2.23
14.12,5,14.2,0,2.24
14.04,5,14.19,0,2.25
14.12,5,14.16,0,2.26
14.19,5,14.17,0,2.27
14.19,5,14.17,0,2.28
14.19,5,14.15,0,2.29
14.19,5,14.15,0,2.3
14.19,5,14.16,0,2.31
14.19,5,14.14,0,2.32
14.04,5,14.14,0,2.33
14.12,5,14.14,0,2.34
14.12,5,14.15,0,2.35
14.12,5,14.14,0,2.36
14.12,5,14.12,0,2.37
14.12,5,14.13,0,2.38
14.04,5,14.12,0,2.39
14.12,5,14.12,0,2.4
14.19,5,14.12,0,2.41
14.12,5,14.13,0,2.42
14.12,5,14.12,0,2.43
14.19,5,14.12,0,2.44
14.12,5,14.14,0,2.45
14.19,5,14.13,0,2.46
14.19,5,14.12,0,2.47
14.12,5,14.14,0,2.48
14.19,5,14.12,0,2.49
14.12,5,14.12,0,2.5
14.04,5,14.12,0,2.51
14.12,5,14.12,0,2.52
14.12,5,14.12,0,2.53
14.12,5,14.13,0,2.54
14.12,5,14.14,0,2.55
14.04,5,14.12,0,2.56
14.12,5,14.14,0,2.57
14.12,5,14.13,0,2.58
14.12,5,14.12,0,2.59
14.12,5,14.14,0,2.6
14.04,5,14.13,0,2.61
14.12,5,14.12,0,2.62
14.12,5,14.13,0,2.63
14.12,5,14.13,0,2.64
14.12,5,14.14,0,2.65
14.12,5,14.13,0,2.66
14.12,5,14.14,0,2.67
14.12,5,14.14,0,2.68
14.12,5,14.11,0,2.69
14.12,5,14.12,0,2.7
14.12,5,14.13,0,2.71
14.19,5,14.13,0,2.72
14.19,5,14.12,0,2.73
14.12,5,14.12,0,2.74
14.12,5,14.12,0,2.75
14.19,5,14.14,0,2.76
14.12,5,14.12,0,2.77
14.12,5,14.13,0,2.78
14.12,5,14.13,0,2.79
14.04,5,14.12,0,2.8
14.04,5,14.1,0,2.81
14.12,5,14.14,0,2.82
14.12,5,14.14,0,2.83
14.19,5,14.13,0,2.84
14.12,5,14.12,0,2.85
14.12,5,14.15,0,2.86
14.12,5,14.16,0,2.87
14.12,5,14.15,0,2.88
14.19,5,14.13,0,2.89
14.19,5,14.14,0,2.9
14.19,5,14.13,0,2.91
14.12,5,14.15,0,2.92
14.04,5,14.14,0,2.93
14.12,5,14.13,0,2.94
14.12,5,14.14,0,2.95
14.19,5,14.13,0,2.96
14.19,5,14.13,0,2.97
14.19,5,14.15,0,2.98
14.19,5,14.15,0,2.99
14.12,5,14.12,0,3
14.19,5,14.14,0,3.01
14.19,5,14.16,0,3.02
14.19,5,14.14,0,3.03
14.12,5,14.16,0,3.04
14.19,5,14.14,0,3.05
14.12,5,14.14,0,3.06
14.12,5,14.15,0,3.07
14.19,5,14.16,0,3.08
14.19,5,14.14,0,3.09
14.19,5,14.13,0,3.1
14.12,5,14.16,0,3.11
14.19,5,14.15,0,3.12
14.12,5,14.16,0,3.13
14.19,5,14.14,0,3.14
14.19,5,14.16,0,3.15
14.19,5,14.15,0,3.16
14.19,5,14.14,0,3.17
14.12,5,14.15,0,3.18
14.04,5,14.17,0,3.19
14.12,5,14.16,0,3.2
14.19,5,14.13,0,3.21
14.19,5,14.16,0,3.22
14.12,5,14.13,0,3.23
14.19,5,14.16,0,3.24
14.12,5,14.15,0,3.25
14.19,5,14.16,0,3.26
14.12,5,14.16,0,3.27
14.19,5,14.14,0,3.28
14.12,5,14.14,0,3.29
14.04,5,14.15,0,3.3
14.19,5,14.15,0,3.31
14.12,5,14.14,0,3.32
14.12,5,14.16,0,3.33
14.19,5,14.16,0,3.34
14.19,5,14.16,0,3.35
14.26,5,14.16,0,3.36
14.19,5,14.15,0,3.37
14.12,5,14.16,0,3.38
14.12,5,14.16,0,3.39
14.12,5,14.15,0,3.4
14.12,5,14.16,0,3.41
14.12,5,14.16,0,3.42
14.04,5,14.15,0,3.43
14.12,5,14.16,0,3.44
14.19,5,14.15,0,3.45
14.12,5,14.16,0,3.46
14.12,5,14.15,0,3.47
14.12,5,14.16,0,3.48
14.12,5,14.16,0,3.49
14.19,5,14.15,0,3.5
14.04,5,14.17,0,3.51
14.12,5,14.16,0,3.52
14.12,5,14.16,0,3.53
14.26,5,14.18,0,3.54
14.19,5,14.18,0,3.55
14.12,5,14.15,0,3.56
14.12,5,14.17,0,3.57
14.12,5,14.16,0,3.58
14.12,5,14.17,0,3.59
14.12,5,14.17,0,3.6
14.12,5,14.17,0,3.61
14.26,5,14.2,0,3.62
14.19,5,14.17,0,3.63
14.19,5,14.16,0,3.64
14.19,5,14.17,0,3.65
14.19,5,14.16,0,3.66
14.12,5,14.15,0,3.67
14.19,5,14.17,0,3.68
14.19,5,14.18,0,3.69
14.12,5,14.18,0,3.7
14.12,5,14.16,0,3.71
14.12,5,14.16,0,3.72
14.19,5,14.17,0,3.73
14.19,5,14.17,0,3.74
14.19,5,14.16,0,3.75
14.12,5,14.16,0,3.76
14.19,5,14.17,0,3.77
14.26,5,14.18,0,3.78
14.19,5,14.17,0,3.79
14.19,5,14.19,0,3.8
14.12,5,14.17,0,3.81
14.04,5,14.17,0,3.82
14.19,5,14.17,0,3.83
14.12,5,14.17,0,3.84
14.12,5,14.17,0,3.85
14.19,5,14.16,0,3.86
14.12,5,14.18,0,3.87
14.19,5,14.17,0,3.88
14.12,5,14.17,0,3.89
14.19,5,14.15,0,3.9
14.47,5,14.17,0,3.91
14.12,5,14.17,0,3.92
14.19,5,14.16,0,3.93
14.19,5,14.17,0,3.94
14.12,5,14.18,0,3.95
14.12,5,14.15,0,3.96
14.12,5,14.17,0,3.97
14.12,5,14.17,0,3.98
14.19,5,14.17,0,3.99
14.19,5,14.18,0,4
14.19,5,14.17,0,4.01
14.12,5,14.17,0,4.02
14.12,5,14.16,0,4.03
14.12,5,14.17,0,4.04
14.12,5,14.17,0,4.05
14.12,5,14.17,0,4.06
14.04,5,14.18,0,4.07
14.12,5,14.17,0,4.08
14.12,5,14.17,0,4.09
14.12,5,14.18,0,4.1
14.19,5,14.17,0,4.11
14.12,5,14.17,0,4.12
14.12,5,14.16,0,4.13
14.19,5,14.17,0,4.14
14.12,5,14.18,0,4.15
14.19,5,14.17,0,4.16
14.19,5,14.16,0,4.17
14.26,5,14.18,0,4.18
14.12,5,14.16,0,4.19
14.19,5,14.17,0,4.2
14.19,5,14.17,0,4.21
14.12,5,14.17,0,4.22
14.19,5,14.18,0,4.23
14.19,5,14.18,0,4.24
14.19,5,14.17,0,4.25
14.19,5,14.14,0,4.26
14.12,5,14.18,0,4.27
14.12,5,14.17,0,4.28
14.12,5,14.17,0,4.29
14.12,5,14.17,0,4.3
14.19,5,14.17,0,4.31
14.19,5,14.17,0,4.32
14.12,5,14.17,0,4.33
14.19,5,14.19,0,4.34
14.12,5,14.18,0,4.35
14.19,5,14.18,0,4.36
14.12,5,14.19,0,4.37
14.26,5,14.18,0,4.38
14.19,5,14.17,0,4.39
14.19,5,14.17,0,4.4
14.12,5,14.17,0,4.41
14.12,5,14.18,0,4.42
14.12,5,14.19,0,4.43
14.12,5,14.18,0,4.44
14.12,5,14.17,0,4.45
14.12,5,14.18,0,4.46
14.12,5,14.17,0,4.47
14.19,5,14.17,0,4.48
14.12,5,14.17,0,4.49
14.19,5,14.16,0,4.5
14.12,5,14.18,0,4.51
14.12,5,14.16,0,4.52
14.12,5,14.18,0,4.53
14.19,5,14.17,0,4.54
14.19,5,14.19,0,4.55
14.12,5,14.17,0,4.56
14.19,5,14.17,0,4.57
14.19,5,14.18,0,4.58
14.26,5,14.19,0,4.59
14.12,5,14.17,0,4.6
14.26,5,14.18,0,4.61
14.19,5,14.17,0,4.62
14.19,5,14.18,0,4.63
14.12,5,14.18,0,4.64
14.19,5,14.18,0,4.65
14.12,5,14.18,0,4.66
14.19,5,14.18,0,4.67
14.19,5,14.19,0,4.68
14.12,5,14.18,0,4.69
14.19,5,14.18,0,4.7
14.12,5,14.15,0,4.71
14.12,5,14.18,0,4.72
14.12,5,14.18,0,4.73
14.19,5,14.2,0,4.74
14.12,5,14.18,0,4.75
14.19,5,14.17,0,4.76
14.19,5,14.18,0,4.77
14.19,5,14.19,0,4.78
14.26,5,14.18,0,4.79
14.19,5,14.18,0,4.8
14.19,5,14.17,0,4.81
14.12,5,14.18,0,4.82
14.12,5,14.17,0,4.83
14.04,5,14.17,0,4.84
14.19,5,14.2,0,4.85
14.19,5,14.18,0,4.86
14.26,5,14.17,0,4.87
14.19,5,14.18,0,4.88
14.12,5,14.17,0,4.89
14.19,5,14.18,0,4.9
14.26,5,14.18,0,4.91
14.19,5,14.17,0,4.92
14.12,5,14.19,0,4.93
14.26,5,14.2,0,4.94
14.19,5,14.18,0,4.95
14.12,5,14.17,0,4.96
14.12,5,14.19,0,4.97
14.19,5,14.19,0,4.98
14.12,5,14.19,0,4.99
14.12,5,14.18,0,5
14.12,5,14.18,0,5.01
14.12,5,14.2,0,5.02
14.19,5,14.17,0,5.03
14.19,5,14.18,0,5.04
14.12,5,14.17,0,5.05
14.19,5,14.18,0,5.06
14.19,5,14.18,0,5.07
14.19,5,14.18,0,5.08
14.12,5,14.18,0,5.09
14.19,5,14.17,0,5.1
14.19,5,14.19,0,5.11
14.12,5,14.18,0,5.12
14.12,5,14.19,0,5.13
14.19,5,14.18,0,5.14
14.12,5,14.19,0,5.15
14.12,5,14.17,0,5.16
14.12,5,14.18,0,5.17
14.19,5,14.17,0,5.18
14.33,5,14.18,0,5.19
14.19,5,14.18,0,5.2
14.12,5,14.18,0,5.21
14.19,5,14.2,0,5.22
14.19,5,14.19,0,5.23
14.19,5,14.19,0,5.24
14.26,5,14.18,0,5.25
14.19,5,14.17,0,5.26
14.19,5,14.16,0,5.27
14.12,5,14.18,0,5.28
14.19,5,14.18,0,5.29
14.12,5,14.19,0,5.3
14.19,5,14.18,0,5.31
14.19,5,14.16,0,5.32
14.19,5,14.19,0,5.33
14.12,5,14.17,0,5.34
14.19,5,14.2,0,5.35
14.12,5,14.19,0,5.36
13.97,5,14.17,0,5.37
14.19,5,14.16,0,5.38
14.12,5,14.18,0,5.39
14.12,5,14.18,0,5.4
14.19,5,14.19,0,5.41
14.19,5,14.17,0,5.42
14.12,5,14.19,0,5.43
14.12,5,14.17,0,5.44
14.12,5,14.18,0,5.45
14.19,5,14.18,0,5.46
14.12,5,14.17,0,5.47
14.19,5,14.19,0,5.48
14.19,5,14.18,0,5.49
14.19,5,14.19,0,5.5
14.12,5,14.19,0,5.51
14.19,5,14.19,0,5.52
14.19,5,14.18,0,5.53
14.19,5,14.2,0,5.54
14.12,5,14.19,0,5.55
14.12,5,14.19,0,5.56
14.12,5,14.18,0,5.57
14.19,5,14.19,0,5.58
14.19,5,14.18,0,5.59
14.19,5,14.18,0,5.6
14.26,5,14.18,0,5.61
14.19,5,14.17,0,5.62
14.12,5,14.18,0,5.63
14.19,5,14.18,0,5.64
14.26,5,14.18,0,5.65
14.12,5,14.2,0,5.66
14.19,5,14.18,0,5.67
14.12,5,14.18,0,5.68
14.26,5,14.18,0,5.69
14.12,5,14.17,0,5.7
14.19,20,3.94,0.29,5.71
14.83,20,4.19,0.29,5.72
15.7,20,4.98,0.29,5.73
16.57,20,5.83,0.29,5.74
17.31,20,6.72,0.29,5.75
18.06,20,7.51,0.29,5.76
18.74,20,8.19,0.28,5.77
19.27,20,8.87,0.28,5.78
19.88,20,9.47,0.28,5.79
20.18,20,10.05,0.28,5.8
20.57,20,10.5,0.28,5.81
20.88,20,10.95,0.28,5.82
21.35,20,11.42,0.28,5.83
21.74,20,11.73,0.27,5.84
21.97,20,12.11,0.27,5.85
22.21,20,12.4,0.27,5.86
22.36,20,12.7,0.27,5.87
22.6,20,12.96,0.27,5.88
22.68,20,13.16,0.27,5.89
22.84,20,13.34,0.27,5.9
23.08,20,13.57,0.26,5.91
23.08,20,13.71,0.26,5.92
23.24,20,13.85,0.26,5.93
23.24,20,14.01,0.26,5.94
23.32,20,14.13,0.26,5.95
23.4,20,14.22,0.26,5.96
23.48,20,14.31,0.26,5.97
23.48,20,14.39,0.26,5.98
23.64,20,14.45,0.25,5.99
23.64,20,14.57,0.25,6
23.48,20,14.65,0.25,6.01
23.64,20,14.69,0.25,6.02
23.64,20,14.73,0.25,6.03
23.4,20,14.78,0.25,6.04
23.48,20,14.82,0.25,6.05
23.4,20,14.87,0.25,6.06
23.64,20,14.88,0.24,6.07
23.4,20,14.89,0.24,6.08
23.56,20,14.93,0.24,6.09
23.48,20,14.91,0.24,6.1
23.4,20,14.92,0.24,6.11
23.4,20,14.94,0.24,6.12
23.4,20,14.96,0.24,6.13
23.4,20,14.99,0.24,6.14
23.4,20,15.01,0.24,6.15
23.4,20,15.01,0.23,6.16
23.24,20,15,0.23,6.17
23.24,20,15.01,0.23,6.18
23.24,20,15,0.23,6.19
23.24,20,15.01,0.23,6.2
23.16,20,15.02,0.23,6.21
23.08,20,15.02,0.23,6.22
23.08,20,15,0.23,6.23
23,20,15,0.23,6.24
22.92,20,15.01,0.23,6.25
22.84,20,15,0.23,6.26
23,20,15.01,0.22,6.27
22.76,20,15.01,0.22,6.28
22.76,20,14.97,0.22,6.29
22.76,20,14.97,0.22,6.3
22.68,20,14.97,0.22,6.31
22.68,20,14.95,0.22,6.32
22.6,20,14.96,0.22,6.33
22.6,20,14.94,0.22,6.34
22.6,20,14.94,0.22,6.35
22.52,20,14.94,0.22,6.36
22.52,20,14.94,0.22,6.37
22.52,20,14.93,0.22,6.38
22.44,20,14.94,0.21,6.39
22.44,20,14.93,0.21,6.4
22.44,20,14.93,0.21,6.41
22.36,20,14.91,0.21,6.42
22.29,20,14.9,0.21,6.43
22.36,20,14.91,0.21,6.44
22.36,20,14.9,0.21,6.45
22.36,20,14.87,0.21,6.46
22.21,20,14.88,0.21,6.47
22.21,20,14.83,0.21,6.48
22.13,20,14.83,0.21,6.49
22.05,20,14.81,0.21,6.5
22.13,20,14.8,0.21,6.51
22.13,20,14.8,0.21,6.52
22.13,20,14.8,0.2,6.53
22.13,20,14.78,0.2,6.54
21.89,20,14.78,0.2,6.55
21.89,20,14.8,0.2,6.56
21.81,20,14.77,0.2,6.57
21.97,20,14.79,0.2,6.58
21.81,20,14.76,0.2,6.59
21.89,20,14.74,0.2,6.6
21.81,20,14.73,0.2,6.61
21.81,20,14.74,0.2,6.62
21.74,20,14.76,0.2,6.63
21.74,20,14.76,0.2,6.64
21.74,20,14.76,0.2,6.65
21.74,20,14.75,0.2,6.66
21.66,20,14.74,0.2,6.67
21.58,20,14.73,0.2,6.68
21.66,20,14.74,0.2,6.69
21.58,20,14.72,0.2,6.7
21.58,20,14.7,0.19,6.71
21.58,20,14.66,0.19,6.72
21.5,20,14.7,0.19,6.73
21.42,20,14.68,0.19,6.74
21.42,20,14.63,0.19,6.75
21.5,20,14.64,0.19,6.76
21.5,20,14.64,0.19,6.77
21.5,20,14.63,0.19,6.78
21.42,20,14.62,0.19,6.79
21.42,20,14.64,0.19,6.8
21.42,20,14.64,0.19,6.81
21.42,20,14.62,0.19,6.82
21.42,20,14.63,0.19,6.83
21.35,20,14.63,0.19,6.84
21.27,20,14.63,0.19,6.85
21.35,20,14.63,0.19,6.86
21.27,20,14.64,0.19,6.87
21.27,20,14.63,0.19,6.88
21.19,20,14.61,0.19,6.89
21.27,20,14.6,0.19,6.9
21.19,20,14.6,0.19,6.91
21.19,20,14.61,0.19,6.92
21.11,20,14.6,0.19,6.93
21.19,20,14.58,0.19,6.94
21.19,20,14.6,0.19,6.95
21.19,20,14.58,0.18,6.96
21.03,20,14.55,0.18,6.97
20.96,20,14.55,0.18,6.98
21.11,20,14.55,0.18,6.99
20.96,20,14.51,0.18,7
20.96,20,14.51,0.18,7.01
20.96,20,14.51,0.18,7.02
20.88,20,14.51,0.18,7.03
20.96,20,14.52,0.18,7.04
20.96,20,14.5,0.18,7.05
20.96,20,14.5,0.18,7.06
20.88,20,14.54,0.18,7.07
20.8,20,14.51,0.18,7.08
20.88,20,14.51,0.18,7.09
20.88,20,14.5,0.18,7.1
20.96,20,14.49,0.18,7.11
20.8,20,14.49,0.18,7.12
20.8,20,14.48,0.18,7.13
20.88,20,14.48,0.18,7.14
20.88,20,14.48,0.18,7.15
20.8,20,14.46,0.18,7.16
20.72,20,14.48,0.18,7.17
20.72,20,14.49,0.18,7.18
20.8,20,14.5,0.18,7.19
20.8,20,14.46,0.18,7.2
20.72,20,14.47,0.18,7.21
20.8,20,14.48,0.18,7.22
20.65,20,14.47,0.18,7.23
20.72,20,14.46,0.18,7.24
20.65,20,14.44,0.18,7.25
20.65,20,14.44,0.18,7.26
20.65,20,14.43,0.18,7.27
20.72,20,14.43,0.18,7.28
20.65,20,14.42,0.18,7.29
20.72,20,14.42,0.18,7.3
20.72,20,14.43,0.18,7.31
20.65,20,14.42,0.18,7.32
20.65,20,14.43,0.18,7.33
20.65,20,14.42,0.18,7.34
20.65,20,14.45,0.18,7.35
20.57,20,14.44,0.17,7.36
20.65,20,14.44,0.17,7.37
20.57,20,14.43,0.17,7.38
20.65,20,14.43,0.17,7.39
20.49,20,14.45,0.17,7.4
20.57,20,14.44,0.17,7.41
20.65,20,14.44,0.17,7.42
20.49,20,14.44,0.17,7.43
20.49,20,14.44,0.17,7.44
20.57,20,14.44,0.17,7.45
20.57,20,14.44,0.17,7.46
20.49,20,14.42,0.17,7.47
20.57,20,14.45,0.17,7.48
20.57,20,14.44,0.17,7.49
20.49,20,14.42,0.17,7.5
20.57,20,14.44,0.17,7.51
20.49,20,14.41,0.17,7.52
20.49,20,14.43,0.17,7.53
20.57,20,14.43,0.17,7.54
20.57,20,14.44,0.17,7.55
20.57,20,14.43,0.17,7.56
20.49,20,14.41,0.17,7.57
20.57,20,14.4,0.17,7.58
20.49,20,14.4,0.17,7.59
20.34,20,14.41,0.17,7.6
20.42,20,14.39,0.17,7.61
20.34,20,14.4,0.17,7.62
20.49,20,14.38,0.17,7.63
20.34,20,14.39,0.17,7.64
20.42,20,14.4,0.17,7.65
20.26,20,14.39,0.17,7.66
20.42,20,14.38,0.17,7.67
20.49,20,14.37,0.17,7.68
20.34,20,14.36,0.17,7.69
20.34,20,14.37,0.17,7.7
20.34,20,14.37,0.17,7.71
20.26,20,14.38,0.17,7.72
20.34,20,14.33,0.17,7.73
20.26,20,14.33,0.17,7.74
20.34,20,14.34,0.17,7.75
20.34,20,14.33,0.17,7.76
20.34,20,14.35,0.17,7.77
20.34,20,14.33,0.17,7.78
20.34,20,14.32,0.17,7.79
20.34,20,14.29,0.17,7.8
20.42,20,14.32,0.17,7.81
20.34,20,14.32,0.17,7.82
20.34,20,14.32,0.17,7.83
20.26,20,14.32,0.17,7.84
20.26,20,14.31,0.17,7.85
20.34,20,14.33,0.17,7.86
20.26,20,14.31,0.17,7.87
20.34,20,14.31,0.17,7.88
20.26,20,14.34,0.17,7.89
20.26,20,14.31,0.17,7.9
20.26,20,14.33,0.17,7.91
20.18,20,14.32,0.17,7.92
20.34,20,14.31,0.17,7.93
20.26,20,14.31,0.17,7.94
20.26,20,14.34,0.17,7.95
20.26,20,14.33,0.17,7.96
20.26,20,14.33,0.17,7.97
20.34,20,14.35,0.17,7.98
20.26,20,14.35,0.17,7.99
20.18,20,14.32,0.17,8
20.18,20,14.33,0.17,8.01
20.18,20,14.34,0.17,8.02
20.26,20,14.33,0.17,8.03
20.26,20,14.35,0.17,8.04
20.26,20,14.34,0.17,8.05
20.26,20,14.34,0.17,8.06
20.18,20,14.33,0.17,8.07
20.18,20,14.34,0.17,8.08
20.26,20,14.34,0.17,8.09
20.34,20,14.34,0.17,8.1
20.18,20,14.31,0.17,8.11
20.26,20,14.34,0.17,8.12
20.26,20,14.34,0.17,8.13
20.18,20,14.35,0.17,8.14
20.26,20,14.35,0.17,8.15
20.11,20,14.34,0.17,8.16
20.18,20,14.34,0.17,8.17
20.26,20,14.33,0.17,8.18
20.26,20,14.34,0.17,8.19
20.26,20,14.34,0.17,8.2
20.18,20,14.33,0.17,8.21
20.18,20,14.34,0.17,8.22
20.18,20,14.34,0.17,8.23
20.18,20,14.33,0.17,8.24
20.18,20,14.36,0.17,8.25
20.11,20,14.34,0.17,8.26
20.11,20,14.34,0.17,8.27
20.18,20,14.33,0.17,8.28
20.11,20,14.32,0.16,8.29
20.11,20,14.34,0.16,8.3
20.18,20,14.32,0.16,8.31
20.03,20,14.32,0.16,8.32
20.11,20,14.32,0.16,8.33
20.18,20,14.33,0.16,8.34
20.11,20,14.33,0.16,8.35
20.18,20,14.32,0.16,8.36
20.26,20,14.34,0.16,8.37
20.18,20,14.33,0.16,8.38
20.18,20,14.33,0.16,8.39
20.11,20,14.33,0.16,8.4
19.72,20,14.33,0.16,8.41
20.11,20,14.32,0.16,8.42
20.11,20,14.35,0.16,8.43
20.11,20,14.31,0.16,8.44
20.11,20,14.34,0.16,8.45
20.18,20,14.33,0.16,8.46
20.18,20,14.33,0.16,8.47
20.11,20,14.32,0.16,8.48
20.03,20,14.33,0.16,8.49
20.18,20,14.34,0.16,8.5
20.18,20,14.32,0.16,8.51
20.11,20,14.33,0.16,8.52
20.11,20,14.33,0.16,8.53
20.11,20,14.33,0.16,8.54
20.11,20,14.31,0.16,8.55
20.03,20,14.32,0.16,8.56
20.11,20,14.35,0.16,8.57
20.03,20,14.32,0.16,8.58
20.11,20,14.33,0.16,8.59
20.18,20,14.32,0.16,8.6
20.11,20,14.32,0.16,8.61
20.03,20,14.31,0.16,8.62
20.11,20,14.34,0.16,8.63
20.03,20,14.31,0.16,8.64
20.03,20,14.32,0.16,8.65
20.18,20,14.32,0.16,8.66
20.11,20,14.31,0.16,8.67
20.11,20,14.3,0.16,8.68
20.11,20,14.31,0.16,8.69
20.03,20,14.32,0.16,8.7
20.11,20,14.31,0.16,8.71
20.03,20,14.31,0.16,8.72
20.11,20,14.32,0.16,8.73
20.11,20,14.33,0.16,8.74
20.03,20,14.32,0.16,8.75
20.03,20,14.33,0.16,8.76
20.11,20,14.3,0.16,8.77
19.95,20,14.29,0.16,8.78
20.03,20,14.3,0.16,8.79
20.03,20,14.29,0.16,8.8
20.03,20,14.29,0.16,8.81
20.03,20,14.3,0.16,8.82
20.03,20,14.3,0.16,8.83
20.03,20,14.29,0.16,8.84
20.11,20,14.29,0.16,8.85
20.03,20,14.29,0.16,8.86
20.03,20,14.31,0.16,8.87
20.11,20,14.3,0.16,8.88
20.03,20,14.3,0.16,8.89
19.95,20,14.3,0.16,8.9
20.03,20,14.3,0.16,8.91
19.95,20,14.32,0.16,8.92
20.11,20,14.31,0.16,8.93
20.03,20,14.3,0.16,8.94
20.11,20,14.3,0.16,8.95
19.88,20,14.3,0.16,8.96
20.03,20,14.3,0.16,8.97
20.11,20,14.29,0.16,8.98
20.11,20,14.31,0.16,8.99
20.03,20,14.3,0.16,9
20.03,20,14.3,0.16,9.01
20.11,20,14.3,0.16,9.02
20.03,20,14.31,0.16,9.03
20.11,20,14.28,0.16,9.04
20.03,20,14.31,0.16,9.05
20.03,20,14.29,0.16,9.06
20.03,20,14.3,0.16,9.07
20.11,20,14.31,0.16,9.08
20.03,20,14.29,0.16,9.09
20.03,20,14.31,0.16,9.1
20.11,20,14.29,0.16,9.11
20.03,20,14.3,0.16,9.12
20.03,20,14.3,0.16,9.13
20.11,20,14.3,0.16,9.14
19.95,20,14.32,0.16,9.15
20.03,20,14.3,0.16,9.16
20.03,20,14.31,0.16,9.17
20.03,20,14.31,0.16,9.18
20.11,20,14.3,0.16,9.19
19.95,20,14.32,0.16,9.2
20.03,20,14.3,0.16,9.21
20.03,20,14.29,0.16,9.22
20.03,20,14.28,0.16,9.23
20.03,20,14.3,0.16,9.24
20.03,20,14.3,0.16,9.25
19.95,20,14.3,0.16,9.26
19.95,20,14.28,0.16,9.27
20.11,20,14.29,0.16,9.28
20.03,20,14.29,0.16,9.29
20.03,20,14.31,0.16,9.3
20.11,20,14.29,0.16,9.31
19.95,20,14.3,0.16,9.32
20.03,20,14.29,0.16,9.33
20.03,20,14.3,0.16,9.34
20.03,20,14.29,0.16,9.35
20.03,20,14.28,0.16,9.36
19.95,20,14.3,0.16,9.37
20.11,20,14.29,0.16,9.38
20.11,20,14.28,0.16,9.39
20.03,20,14.28,0.16,9.4
20.03,20,14.3,0.16,9.41
20.03,20,14.3,0.16,9.42
20.11,20,14.29,0.16,9.43
20.11,20,14.3,0.16,9.44
20.03,20,14.29,0.16,9.45
20.11,20,14.3,0.16,9.46
19.95,20,14.3,0.16,9.47
20.11,20,14.3,0.16,9.48
20.03,20,14.31,0.16,9.49
20.11,20,14.3,0.16,9.5
20.03,20,14.31,0.16,9.51
20.03,20,14.3,0.16,9.52
19.95,20,14.29,0.16,9.53
20.03,20,14.31,0.16,9.54
19.95,20,14.31,0.16,9.55
20.03,20,14.3,0.16,9.56
20.11,20,14.31,0.16,9.57
20.03,20,14.31,0.16,9.58
19.95,20,14.31,0.16,9.59
20.03,20,14.3,0.16,9.6
20.03,20,14.3,0.16,9.61
19.95,20,14.29,0.16,9.62
20.11,20,14.3,0.16,9.63
19.95,20,14.29,0.16,9.64
20.03,20,14.29,0.16,9.65
20.03,20,14.28,0.16,9.66
20.11,20,14.3,0.16,9.67
20.03,20,14.3,0.16,9.68
20.03,20,14.3,0.16,9.69
19.95,20,14.3,0.16,9.7
19.95,20,14.31,0.16,9.71
20.03,20,14.29,0.16,9.72
20.03,20,14.31,0.16,9.73
19.95,20,14.3,0.16,9.74
20.03,20,14.29,0.16,9.75
20.03,20,14.31,0.16,9.76
20.03,20,14.31,0.16,9.77
19.95,20,14.3,0.16,9.78
20.11,20,14.3,0.16,9.79
19.95,20,14.3,0.16,9.8
20.11,20,14.29,0.16,9.81
20.03,20,14.3,0.16,9.82
19.95,20,14.3,0.16,9.83
19.95,20,14.29,0.16,9.84
19.95,20,14.31,0.16,9.85
20.11,20,14.28,0.16,9.86
20.03,20,14.31,0.16,9.87
19.95,20,14.29,0.16,9.88
19.95,20,14.3,0.16,9.89
20.03,20,14.3,0.16,9.9
20.03,20,14.29,0.16,9.91
20.03,20,14.32,0.16,9.92
19.95,5,20.03,0,9.93
19.57,5,19.86,0,9.94
18.96,5,19.39,0,9.95
18.51,5,18.9,0,9.96
18.21,5,18.42,0,9.97
17.83,5,18.07,0,9.98
17.54,5,17.67,0,9.99
17.09,5,17.35,0,10
16.87,5,17.04,0,10.01
16.57,5,16.74,0,10.02
16.43,5,16.53,0,10.03
16.21,5,16.31,0,10.04
15.99,5,16.05,0,10.05
15.77,5,15.88,0,10.06
15.62,5,15.74,0,10.07
15.55,5,15.59,0,10.08
15.33,5,15.45,0,10.09
15.26,5,15.32,0,10.1
15.19,5,15.23,0,10.11
15.12,5,15.12,0,10.12
14.97,5,14.98,0,10.13
14.83,5,14.92,0,10.14
14.76,5,14.85,0,10.15
14.69,5,14.78,0,10.16
14.61,5,14.7,0,10.17
14.69,5,14.67,0,10.18
14.4,5,14.63,0,10.19
14.61,5,14.57,0,10.2
14.4,5,14.55,0,10.21
14.47,5,14.49,0,10.22
14.33,5,14.44,0,10.23
14.4,5,14.41,0,10.24
14.4,5,14.37,0,10.25
14.33,5,14.35,0,10.26
14.26,5,14.33,0,10.27
14.26,5,14.32,0,10.28
14.19,5,14.3,0,10.29
14.26,5,14.28,0,10.3
14.33,5,14.28,0,10.31
14.26,5,14.26,0,10.32
14.19,5,14.24,0,10.33
14.19,5,14.25,0,10.34
14.12,5,14.22,0,10.35
14.19,5,14.21,0,10.36
14.26,5,14.2,0,10.37
14.19,5,14.19,0,10.38
14.26,5,14.2,0,10.39
14.12,5,14.19,0,10.4
14.19,5,14.17,0,10.41
14.12,5,14.17,0,10.42
14.12,5,14.13,0,10.43
14.12,5,14.16,0,10.44
14.12,5,14.17,0,10.45
14.12,5,14.16,0,10.46
14.04,5,14.14,0,10.47
14.19,5,14.14,0,10.48
14.19,5,14.14,0,10.49
14.12,5,14.13,0,10.5
14.19,5,14.14,0,10.51
14.19,5,14.13,0,10.52
14.04,5,14.12,0,10.53
14.19,5,14.12,0,10.54
14.12,5,14.12,0,10.55
14.12,5,14.11,0,10.56
14.04,5,14.11,0,10.57
14.12,5,14.11,0,10.58
14.12,5,14.13,0,10.59
14.12,5,14.11,0,10.6
14.33,5,14.12,0,10.61
14.12,5,14.12,0,10.62
14.04,5,14.12,0,10.63
14.19,5,14.13,0,10.64
14.19,5,14.12,0,10.65
14.12,5,14.12,0,10.66
14.19,5,14.13,0,10.67
14.12,5,14.12,0,10.68
14.12,5,14.13,0,10.69
14.04,5,14.11,0,10.7
14.12,5,14.12,0,10.71
14.19,5,14.13,0,10.72
14.12,5,14.14,0,10.73
14.04,5,14.12,0,10.74
14.12,5,14.13,0,10.75
14.19,5,14.14,0,10.76
14.19,5,14.13,0,10.77
14.12,5,14.13,0,10.78
14.12,5,14.12,0,10.79
14.12,5,14.12,0,10.8
14.12,5,14.12,0,10.81
14.19,5,14.14,0,10.82
14.12,5,14.12,0,10.83
14.12,5,14.13,0,10.84
14.12,5,14.14,0,10.85
14.19,5,14.14,0,10.86
14.19,5,14.14,0,10.87
14.12,5,14.15,0,10.88
14.19,5,14.13,0,10.89
14.19,5,14.14,0,10.9
14.12,5,14.15,0,10.91
14.04,5,14.13,0,10.92
14.19,5,14.14,0,10.93
14.12,5,14.14,0,10.94
14.12,5,14.13,0,10.95
14.04,5,14.12,0,10.96
14.12,5,14.14,0,10.97
14.19,5,14.13,0,10.98
14.12,5,14.12,0,10.99
14.12,5,14.14,0,11
14.19,5,14.13,0,11.01
14.19,5,14.14,0,11.02
14.19,5,14.15,0,11.03
14.19,5,14.15,0,11.04
14.12,5,14.15,0,11.05
14.12,5,14.14,0,11.06
14.19,5,14.14,0,11.07
14.19,5,14.14,0,11.08
14.12,5,14.14,0,11.09
14.19,5,14.14,0,11.1
14.19,5,14.15,0,11.11
14.12,5,14.13,0,11.12
14.26,5,14.15,0,11.13
14.19,5,14.14,0,11.14
14.19,5,14.14,0,11.15
14.12,5,14.14,0,11.16
14.19,5,14.15,0,11.17
14.19,5,14.16,0,11.18
14.12,5,14.15,0,11.19
14.04,5,14.13,0,11.2
14.12,5,14.15,0,11.21
14.12,5,14.17,0,11.22
14.12,5,14.16,0,11.23
14.12,5,14.15,0,11.24
14.12,5,14.15,0,11.25
14.12,5,14.14,0,11.26
14.12,5,14.14,0,11.27
14.12,5,14.17,0,11.28
14.12,5,14.16,0,11.29
14.12,5,14.16,0,11.3
14.12,5,14.13,0,11.31
14.12,5,14.15,0,11.32
14.12,5,14.16,0,11.33
14.12,5,14.15,0,11.34
14.19,5,14.15,0,11.35
14.12,5,14.14,0,11.36
14.12,5,14.15,0,11.37
14.12,5,14.14,0,11.38
14.12,5,14.14,0,11.39
14.12,5,14.16,0,11.4
14.19,5,14.15,0,11.41
14.12,5,14.14,0,11.42
14.12,5,14.15,0,11.43
14.19,5,14.15,0,11.44
14.12,5,14.16,0,11.45
14.19,5,14.15,0,11.46
14.19,5,14.16,0,11.47
14.19,5,14.15,0,11.48
14.12,5,14.15,0,11.49
14.19,5,14.15,0,11.5
14.12,5,14.17,0,11.51
14.19,5,14.18,0,11.52
14.19,5,14.16,0,11.53
14.19,5,14.16,0,11.54
14.12,5,14.16,0,11.55
14.12,5,14.15,0,11.56
14.19,5,14.14,0,11.57
14.12,5,14.14,0,11.58
14.12,5,14.16,0,11.59
14.26,5,14.15,0,11.6
14.12,5,14.15,0,11.61
14.19,5,14.17,0,11.62
14.12,5,14.15,0,11.63
14.12,5,14.15,0,11.64
14.26,5,14.16,0,11.65
14.12,5,14.15,0,11.66
14.12,5,14.15,0,11.67
14.19,5,14.16,0,11.68
14.12,5,14.16,0,11.69
14.19,5,14.17,0,11.7
14.12,5,14.15,0,11.71
14.12,5,14.15,0,11.72
14.19,5,14.17,0,11.73
14.19,5,14.17,0,11.74
14.19,5,14.15,0,11.75
14.12,5,14.17,0,11.76
14.19,5,14.16,0,11.77
14.12,5,14.16,0,11.78
14.12,5,14.16,0,11.79
14.19,5,14.14,0,11.8
14.19,5,14.17,0,11.81
14.19,5,14.13,0,11.82
14.19,5,14.16,0,11.83
14.19,5,14.17,0,11.84
14.19,5,14.17,0,11.85
14.12,5,14.17,0,11.86
14.12,5,14.16,0,11.87
14.19,5,14.18,0,11.88
14.12,5,14.18,0,11.89
14.19,5,14.19,0,11.9
14.19,5,14.15,0,11.91
14.19,5,14.17,0,11.92
14.19,5,14.18,0,11.93
14.12,5,14.18,0,11.94
14.12,5,14.16,0,11.95
14.19,5,14.17,0,11.96
14.19,5,14.16,0,11.97
14.19,5,14.17,0,11.98
14.19,5,14.16,0,11.99
14.12,5,14.17,0,12
14.12,5,14.15,0,12.01
14.12,5,14.17,0,12.02
14.19,5,14.17,0,12.03
14.19,5,14.17,0,12.04
14.19,5,14.17,0,12.05
14.12,5,14.18,0,12.06
14.12,5,14.17,0,12.07
14.19,5,14.15,0,12.08
14.12,5,14.17,0,12.09
14.19,5,14.18,0,12.1
14.12,5,14.18,0,12.11
14.19,5,14.17,0,12.12
14.19,5,14.16,0,12.13
14.19,5,14.16,0,12.14
14.19,5,14.16,0,12.15
14.19,5,14.15,0,12.16
14.12,5,14.17,0,12.17
14.12,5,14.17,0,12.18
14.12,5,14.18,0,12.19
14.26,5,14.18,0,12.2
14.12,5,14.18,0,12.21
14.12,5,14.16,0,12.22
14.26,5,14.18,0,12.23
14.12,5,14.17,0,12.24
14.19,5,14.17,0,12.25
14.12,5,14.17,0,12.26
14.19,5,14.17,0,12.27
14.12,5,14.14,0,12.28
14.26,5,14.17,0,12.29
14.19,5,14.18,0,12.3
14.12,5,14.14,0,12.31
14.19,5,14.16,0,12.32
14.12,5,14.16,0,12.33
14.12,5,14.17,0,12.34
14.12,5,14.17,0,12.35
14.19,5,14.15,0,12.36
14.26,5,14.17,0,12.37
14.12,5,14.19,0,12.38
14.12,5,14.18,0,12.39
14.26,5,14.17,0,12.4
14.26,5,14.16,0,12.41
14.12,5,14.19,0,12.42
14.12,5,14.16,0,12.43
14.19,5,14.18,0,12.44
14.12,5,14.17,0,12.45
14.12,5,14.17,0,12.46
14.19,5,14.17,0,12.47
14.12,5,14.18,0,12.48
14.12,5,14.18,0,12.49
14.19,5,14.17,0,12.5
14.19,5,14.15,0,12.51
14.12,5,14.18,0,12.52
14.19,5,14.17,0,12.53
14.12,5,14.18,0,12.54
14.19,5,14.17,0,12.55
14.19,5,14.17,0,12.56
14.12,5,14.17,0,12.57
14.26,5,14.17,0,12.58
14.26,5,14.17,0,12.59
14.12,5,14.17,0,12.6
14.12,5,14.17,0,12.61
14.19,5,14.17,0,12.62
14.12,5,14.16,0,12.63
14.19,5,14.18,0,12.64
14.12,5,14.18,0,12.65
14.19,5,14.18,0,12.66
14.19,5,14.16,0,12.67
14.19,5,14.15,0,12.68
14.19,5,14.15,0,12.69
14.12,5,14.16,0,12.7
14.12,5,14.16,0,12.71
14.12,5,14.17,0,12.72
14.19,5,14.16,0,12.73
14.12,5,14.17,0,12.74
14.12,5,14.16,0,12.75
14.12,5,14.15,0,12.76
14.19,5,14.17,0,12.77
14.19,5,14.17,0,12.78
14.19,5,14.18,0,12.79
14.26,5,14.17,0,12.8
14.19,5,14.17,0,12.81
14.12,5,14.17,0,12.82
14.19,5,14.18,0,12.83
14.12,5,14.16,0,12.84
14.12,5,14.17,0,12.85
14.19,5,14.17,0,12.86
14.19,5,14.17,0,12.87
14.26,5,14.18,0,12.88
14.19,5,14.18,0,12.89
14.12,5,14.18,0,12.9
14.12,5,14.18,0,12.91
14.12,5,14.17,0,12.92
14.12,5,14.18,0,12.93
14.12,5,14.18,0,12.94
14.19,5,14.18,0,12.95
14.19,5,14.17,0,12.96
14.19,5,14.2,0,12.97
14.19,5,14.19,0,12.98
14.19,5,14.18,0,12.99
14.19,5,14.17,0,13
14.12,5,14.18,0,13.01
14.19,5,14.18,0,13.02
14.12,5,14.18,0,13.03
14.19,5,14.19,0,13.04
14.12,5,14.17,0,13.05
14.19,5,14.17,0,13.06
14.12,5,14.16,0,13.07
14.12,5,14.18,0,13.08
14.19,5,14.17,0,13.09
14.12,5,14.18,0,13.1
14.19,5,14.17,0,13.11
14.19,5,14.15,0,13.12
14.19,5,14.19,0,13.13
14.12,5,14.18,0,13.14
14.19,5,14.18,0,13.15
14.12,5,14.17,0,13.16
14.26,5,14.17,0,13.17
14.12,5,14.19,0,13.18
14.19,5,14.17,0,13.19
14.19,5,14.19,0,13.2
14.12,5,14.16,0,13.21
14.12,5,14.21,0,13.22
14.19,5,14.2,0,13.23
14.12,5,14.17,0,13.24
14.19,5,14.19,0,13.25
14.19,5,14.16,0,13.26
14.19,5,14.18,0,13.27
14.19,5,14.17,0,13.28
14.19,5,14.18,0,13.29
14.12,5,14.19,0,13.3
14.19,5,14.17,0,13.31
14.12,5,14.16,0,13.32
14.19,5,14.2,0,13.33
14.12,5,14.18,0,13.34
14.19,5,14.17,0,13.35
14.12,5,14.18,0,13.36
14.12,5,14.18,0,13.37
14.26,5,14.18,0,13.38
14.19,5,14.17,0,13.39
14.19,5,14.17,0,13.4
14.19,5,14.18,0,13.41
14.26,5,14.19,0,13.42
14.12,5,14.19,0,13.43
14.19,5,14.17,0,13.44
14.12,5,14.2,0,13.45
14.12,5,14.18,0,13.46
14.19,5,14.18,0,13.47
14.19,5,14.19,0,13.48
14.19,5,14.17,0,13.49
14.12,5,14.17,0,13.5
14.12,5,14.19,0,13.51
14.19,5,14.18,0,13.52
14.19,5,14.2,0,13.53
14.12,5,14.18,0,13.54
14.12,5,14.19,0,13.55
14.26,5,14.19,0,13.56
14.26,5,14.2,0,13.57
14.19,5,14.19,0,13.58
14.19,5,14.18,0,13.59
14.12,5,14.2,0,13.6
14.19,5,14.18,0,13.61
14.12,5,14.19,0,13.62
14.12,5,14.18,0,13.63
14.19,5,14.18,0,13.64
14.12,5,14.18,0,13.65
14.19,5,14.19,0,13.66
14.12,5,14.17,0,13.67
14.19,5,14.21,0,13.68
14.19,5,14.19,0,13.69
14.19,5,14.18,0,13.7
14.12,5,14.18,0,13.71
14.12,5,14.19,0,13.72
14.12,5,14.18,0,13.73
14.19,5,14.18,0,13.74
14.19,5,14.18,0,13.75
14.19,5,14.18,0,13.76
14.19,5,14.19,0,13.77
14.12,5,14.17,0,13.78
14.19,5,14.18,0,13.79
14.19,5,14.18,0,13.8
14.12,5,14.18,0,13.81
14.12,5,14.18,0,13.82
14.19,5,14.18,0,13.83
14.19,5,14.19,0,13.84
14.12,5,14.19,0,13.85
14.19,5,14.2,0,13.86
14.12,5,14.18,0,13.87
14.19,5,14.19,0,13.88
14.19,5,14.19,0,13.89
14.12,5,14.18,0,13.9
14.12,5,14.22,0,13.91
14.12,5,14.18,0,13.92
14.12,5,14.19,0,13.93
14.12,5,14.19,0,13.94
14.26,5,14.19,0,13.95
14.12,5,14.18,0,13.96
14.12,5,14.2,0,13.97
14.19,5,14.19,0,13.98
14.12,5,14.19,0,13.99
14.26,5,14.2,0,14
14.12,5,14.2,0,14.01
14.12,5,14.2,0,14.02
14.12,5,14.18,0,14.03
14.19,5,14.19,0,14.04
14.12,5,14.2,0,14.05
14.12,5,14.18,0,14.06
14.19,5,14.18,0,14.07
14.12,5,14.19,0,14.08
14.19,5,14.17,0,14.09
14.19,5,14.18,0,14.1
14.19,5,14.17,0,14.11
14.19,5,14.19,0,14.12
14.19,5,14.19,0,14.13
14.19,5,14.19,0,14.14
14.12,5,14.19,0,14.15
14.19,5,14.19,0,14.16
14.12,5,14.18,0,14.17
14.26,5,14.18,0,14.18
14.19,5,14.2,0,14.19
14.19,5,14.21,0,14.2
14.12,5,14.19,0,14.21
14.19,5,14.19,0,14.22
14.12,5,14.19,0,14.23
14.19,5,14.18,0,14.24
14.19,5,14.19,0,14.25
14.12,5,14.18,0,14.26
14.26,5,14.17,0,14.27
14.12,5,14.18,0,14.28
14.12,5,14.19,0,14.29
14.12,5,14.19,0,14.3
14.19,5,14.2,0,14.31
14.26,5,14.17,0,14.32
14.12,5,14.17,0,14.33
14.19,5,14.19,0,14.34
14.26,5,14.19,0,14.35
14.26,5,14.2,0,14.36
14.19,5,14.18,0,14.37
14.19,5,14.19,0,14.38
14.12,5,14.18,0,14.39
14.12,5,14.19,0,14.4
14.12,5,14.18,0,14.41
14.12,5,14.2,0,14.42
14.19,5,14.19,0,14.43
14.19,5,14.19,0,14.44
14.26,5,14.17,0,14.45
14.19,5,14.19,0,14.46
14.26,5,14.17,0,14.47
14.19,5,14.17,0,14.48
14.19,5,14.16,0,14.49
14.19,5,14.18,0,14.5
14.12,5,14.17,0,14.51
14.12,5,14.19,0,14.52
14.19,5,14.18,0,14.53
14.12,5,14.19,0,14.54
14.26,5,14.18,0,14.55
14.19,5,14.2,0,14.56
14.19,5,14.18,0,14.57
14.12,5,14.18,0,14.58
14.19,5,14.18,0,14.59
14.12,5,14.21,0,14.6
14.19,5,14.19,0,14.61
14.12,5,14.2,0,14.62
14.12,5,14.2,0,14.63
14.26,5,14.18,0,14.64
14.12,5,14.2,0,14.65
14.26,5,14.18,0,14.66
14.19,5,14.19,0,14.67
14.26,5,14.2,0,14.68
14.19,5,14.19,0,14.69
14.19,5,14.2,0,14.7
14.19,5,14.19,0,14.71
14.19,5,14.21,0,14.72
14.12,5,14.19,0,14.73
14.19,5,14.2,0,14.74
14.19,5,14.19,0,14.75
14.12,5,14.19,0,14.76
14.19,5,14.2,0,14.77
14.12,5,14.2,0,14.78
14.19,5,14.2,0,14.79
14.19,5,14.19,0,14.8
14.19,5,14.2,0,14.81
14.26,5,14.19,0,14.82
14.19,5,14.18,0,14.83
14.12,5,14.19,0,14.84
14.19,5,14.2,0,14.85
14.19,5,14.2,0,14.86
14.12,5,14.2,0,14.87
14.12,5,14.18,0,14.88
14.12,5,14.19,0,14.89
14.26,5,14.2,0,14.9
14.12,5,14.21,0,14.91
14.19,5,14.19,0,14.92
14.12,5,14.19,0,14.93
14.12,5,14.2,0,14.94
14.19,5,14.2,0,14.95
14.26,5,14.2,0,14.96
14.12,5,14.19,0,14.97
14.19,5,14.2,0,14.98
14.26,5,14.2,0,14.99
14.26,5,14.18,0,15
14.12,5,14.18,0,15.01
14.12,5,14.19,0,15.02
14.19,5,14.19,0,15.03
14.19,5,14.19,0,15.04
14.19,5,14.19,0,15.05
14.12,5,14.2,0,15.06
14.19,20,14.21,0,15.07
14.19,20,14.19,0,15.08
14.19,20,14.18,0,15.09
14.19,20,14.19,0,15.1
14.12,20,14.18,0,15.11
14.12,20,14.2,0,15.12
14.19,20,14.2,0,15.13
14.19,20,14.2,0,15.14
14.12,20,14.18,0,15.15
14.19,20,14.19,0,15.16
14.19,20,14.19,0,15.17
14.12,20,14.18,0,15.18
14.12,20,14.19,0,15.19
14.12,20,14.19,0,15.2
14.19,20,14.19,0,15.21
14.19,20,14.19,0,15.22
14.04,20,14.2,0,15.23
14.19,20,14.2,0,15.24
14.26,20,14.19,0,15.25
14.19,20,14.19,0,15.26
14.19,20,14.19,0,15.27
14.33,20,14.18,0,15.28
14.12,20,14.17,0,15.29
14.19,20,14.19,0,15.3
14.19,20,14.19,0,15.31
14.19,20,14.18,0,15.32
14.26,20,14.2,0,15.33
14.26,20,14.18,0,15.34
14.19,20,14.19,0,15.35
14.26,20,14.17,0,15.36
14.19,20,14.19,0,15.37
14.19,20,14.19,0,15.38
14.19,20,14.2,0,15.39
14.12,20,14.2,0,15.4
14.26,20,14.2,0,15.41
14.19,20,14.2,0,15.42
14.12,20,14.21,0,15.43
14.19,20,14.19,0,15.44
14.19,20,14.19,0,15.45
14.26,20,14.21,0,15.46
14.19,20,14.22,0,15.47
14.19,20,14.2,0,15.48
14.19,20,14.2,0,15.49
14.19,20,14.2,0,15.5
13.97,20,14.21,0,15.51
14.19,20,14.19,0,15.52
14.19,20,14.19,0,15.53
14.12,20,14.19,0,15.54
14.12,20,14.2,0,15.55
14.19,20,14.19,0,15.56
14.12,20,14.2,0,15.57
14.19,20,14.18,0,15.58
14.12,20,14.21,0,15.59
14.19,20,14.19,0,15.6
14.12,20,14.18,0,15.61
14.19,20,14.17,0,15.62
14.19,20,14.19,0,15.63
14.19,20,14.2,0,15.64
14.19,20,14.2,0,15.65
14.12,20,14.2,0,15.66
14.19,20,14.19,0,15.67
14.19,20,14.2,0,15.68
14.19,20,14.21,0,15.69
14.26,20,14.2,0,15.7
14.19,20,14.2,0,15.71
14.19,20,14.21,0,15.72
14.26,20,14.19,0,15.73
14.12,20,14.21,0,15.74
14.19,20,14.2,0,15.75
14.12,20,14.18,0,15.76
14.26,20,14.18,0,15.77
14.19,20,14.19,0,15.78
14.19,20,14.2,0,15.79
14.19,20,14.2,0,15.8
14.19,20,14.2,0,15.81
14.26,20,14.21,0,15.82
14.26,20,14.2,0,15.83
14.19,20,14.22,0,15.84
14.12,20,14.2,0,15.85
14.19,20,14.19,0,15.86
14.26,20,14.19,0,15.87
14.26,20,14.19,0,15.88
14.12,20,14.19,0,15.89
14.12,20,14.2,0,15.9
14.19,20,14.2,0,15.91
14.12,20,14.2,0,15.92
14.12,20,14.19,0,15.93
14.19,20,14.21,0,15.94
14.12,20,14.21,0,15.95
14.26,20,14.2,0,15.96
14.19,20,14.18,0,15.97
14.12,20,14.2,0,15.98
14.12,20,14.19,0,15.99
14.19,20,14.2,0,16
14.26,20,14.19,0,16.01
14.19,20,14.21,0,16.02
14.26,20,14.2,0,16.03
14.19,20,14.2,0,16.04
14.19,20,14.19,0,16.05
14.26,20,14.21,0,16.06
14.19,20,14.2,0,16.07
14.19,20,14.19,0,16.08
14.12,20,14.2,0,16.09
14.12,20,14.21,0,16.1
14.12,20,14.19,0,16.11
14.26,20,14.2,0,16.12
14.26,20,14.2,0,16.13
14.12,20,14.19,0,16.14
14.12,20,14.19,0,16.15
14.12,20,14.19,0,16.16
14.19,20,14.2,0,16.17
14.19,20,14.2,0,16.18
14.19,20,14.21,0,16.19
14.12,20,14.19,0,16.2
14.12,20,14.2,0,16.21
14.12,20,14.19,0,16.22
14.19,20,14.19,0,16.23
14.26,20,14.19,0,16.24
14.19,20,14.21,0,16.25
14.12,20,14.2,0,16.26
14.12,20,14.2,0,16.27
14.26,20,14.21,0,16.28
14.26,20,14.19,0,16.29
14.19,20,14.2,0,16.3
14.19,20,14.19,0,16.31
14.19,20,14.2,0,16.32
14.12,20,14.2,0,16.33
14.12,20,14.19,0,16.34
14.26,20,14.2,0,16.35
14.26,20,14.21,0,16.36
14.12,20,14.21,0,16.37
14.12,20,14.2,0,16.38
14.19,20,14.2,0,16.39
14.19,20,14.2,0,16.4
14.12,20,14.2,0,16.41
14.33,20,14.21,0,16.42
14.19,20,14.2,0,16.43
14.12,20,14.19,0,16.44
14.26,20,14.2,0,16.45
14.12,20,14.21,0,16.46
14.19,20,14.21,0,16.47
14.26,20,14.2,0,16.48
14.19,20,14.2,0,16.49
14.19,20,14.2,0,16.5
14.19,20,14.2,0,16.51
14.19,20,14.21,0,16.52
14.19,20,14.2,0,16.53
14.12,20,14.21,0,16.54
14.19,20,14.2,0,16.55
14.19,20,14.21,0,16.56
14.19,20,14.2,0,16.57
14.19,20,14.18,0,16.58
14.19,20,14.21,0,16.59
14.12,20,14.19,0,16.6
14.12,20,14.19,0,16.61
14.19,20,14.2,0,16.62
14.12,20,14.2,0,16.63
14.12,20,14.19,0,16.64
14.19,20,14.2,0,16.65
14.19,20,14.2,0,16.66
14.19,20,14.2,0,16.67
14.12,20,14.2,0,16.68
14.19,20,14.2,0,16.69
14.26,20,14.21,0,16.7
14.19,20,14.19,0,16.71
14.19,20,14.2,0,16.72
14.26,20,14.2,0,16.73
14.19,20,14.2,0,16.74
14.19,20,14.21,0,16.75
14.26,20,14.2,0,16.76
14.12,20,14.21,0,16.77
14.19,20,14.2,0,16.78
14.19,20,14.2,0,16.79
14.12,20,14.22,0,16.8
14.19,20,14.21,0,16.81
14.19,20,14.2,0,16.82
14.26,20,14.2,0,16.83
14.19,20,14.2,0,16.84
14.26,20,14.21,0,16.85
14.12,20,14.21,0,16.86
14.12,20,14.2,0,16.87
14.12,20,14.19,0,16.88
14.12,20,14.19,0,16.89
14.26,20,14.22,0,16.9
14.19,20,14.2,0,16.91
14.12,20,14.22,0,16.92
14.12,20,14.2,0,16.93
14.12,20,14.2,0,16.94
14.19,20,14.19,0,16.95
14.26,20,14.18,0,16.96
14.12,20,14.19,0,16.97
14.12,20,14.21,0,16.98
14.12,20,14.21,0,16.99
14.12,20,14.2,0,17
14.19,20,14.2,0,17.01
14.12,20,14.2,0,17.02
14.19,20,14.2,0,17.03
14.26,20,14.2,0,17.04
14.19,20,14.2,0,17.05
14.19,20,14.2,0,17.06
14.19,20,14.21,0,17.07
14.19,20,14.19,0,17.08
14.19,20,14.22,0,17.09
14.26,20,14.2,0,17.1
13.97,20,14.2,0,17.11
14.19,20,14.21,0,17.12
14.19,20,14.2,0,17.13
14.12,20,14.21,0,17.14
14.19,20,14.2,0,17.15
14.19,20,14.19,0,17.16
14.19,20,14.21,0,17.17
14.19,20,14.2,0,17.18
14.12,20,14.21,0,17.19
14.19,20,14.2,0,17.2
14.19,20,14.2,0,17.21
14.19,20,14.22,0,17.22
14.19,20,14.19,0,17.23
14.12,20,14.2,0,17.24
14.19,20,14.2,0,17.25
14.19,20,14.21,0,17.26
14.19,20,14.19,0,17.27
14.26,20,14.2,0,17.28
14.19,20,14.22,0,17.29
14.12,20,14.21,0,17.3
14.19,20,14.2,0,17.31
14.12,20,14.2,0,17.32
14.26,20,14.19,0,17.33
14.19,20,14.2,0,17.34
14.19,20,14.19,0,17.35
14.19,20,14.2,0,17.36
14.12,20,14.2,0,17.37
14.19,20,14.2,0,17.38
14.19,20,14.21,0,17.39
14.26,20,14.19,0,17.4
14.26,20,14.22,0,17.41
14.19,20,14.21,0,17.42
14.26,20,14.2,0,17.43
14.12,20,14.2,0,17.44
14.19,20,14.21,0,17.45
14.26,20,14.21,0,17.46
14.26,20,14.21,0,17.47
14.19,20,14.22,0,17.48
14.26,20,14.2,0,17.49
14.19,20,14.22,0,17.5
14.26,20,14.21,0,17.51
14.19,20,14.2,0,17.52
14.19,20,14.2,0,17.53
14.19,20,14.2,0,17.54
14.19,20,14.22,0,17.55
14.19,20,14.2,0,17.56
14.19,20,14.22,0,17.57
14.12,20,14.2,0,17.58
14.26,20,14.21,0,17.59
14.26,20,14.2,0,17.6
14.26,20,14.2,0,17.61
14.12,20,14.2,0,17.62
14.19,20,14.2,0,17.63
14.12,20,14.21,0,17.64
14.19,20,14.21,0,17.65
14.19,20,14.21,0,17.66
14.19,20,14.22,0,17.67
14.12,20,14.21,0,17.68
14.19,20,14.21,0,17.69
14.19,20,14.21,0,17.7
14.26,20,14.21,0,17.71
14.26,20,14.22,0,17.72
14.12,20,14.2,0,17.73
14.12,20,14.22,0,17.74
14.26,20,14.21,0,17.75
14.12,20,14.21,0,17.76
14.12,20,14.2,0,17.77
14.19,20,14.21,0,17.78
14.19,20,14.19,0,17.79
14.26,20,14.2,0,17.8
14.19,20,14.21,0,17.81
14.26,20,14.21,0,17.82
14.26,20,14.22,0,17.83
14.12,20,14.2,0,17.84
14.19,20,14.18,0,17.85
14.12,20,14.19,0,17.86
14.19,20,14.21,0,17.87
14.26,20,14.2,0,17.88
14.12,20,14.21,0,17.89
14.26,20,14.19,0,17.9
14.19,20,14.2,0,17.91
14.12,20,14.22,0,17.92
14.12,20,14.21,0,17.93
14.47,20,14.21,0,17.94
14.12,20,14.22,0,17.95
14.26,20,14.2,0,17.96
14.19,20,14.2,0,17.97
14.12,20,14.21,0,17.98
14.12,20,14.2,0,17.99
14.26,20,14.21,0,18
14.19,20,14.19,0,18.01
14.19,20,14.21,0,18.02
14.19,20,14.2,0,18.03
14.12,20,14.2,0,18.04
14.26,20,14.21,0,18.05
14.19,20,14.2,0,18.06
14.19,20,14.2,0,18.07
14.12,20,14.21,0,18.08
14.19,20,14.2,0,18.09
14.19,20,14.19,0,18.1
14.19,20,14.19,0,18.11
14.19,20,14.21,0,18.12
14.19,20,14.21,0,18.13
14.19,20,14.21,0,18.14
14.19,20,14.21,0,18.15
14.19,20,14.2,0,18.16
14.19,20,14.2,0,18.17
14.12,20,14.21,0,18.18
14.19,20,14.21,0,18.19
14.19,20,14.2,0,18.2
14.12,20,14.21,0,18.21
14.12,20,14.21,0,18.22
14.19,20,14.23,0,18.23
14.12,20,14.2,0,18.24
14.19,20,14.22,0,18.25
14.12,20,14.2,0,18.26
14.19,20,14.21,0,18.27
14.19,20,14.19,0,18.28
14.26,20,14.2,0,18.29
14.12,20,14.18,0,18.3
14.19,20,14.18,0,18.31
14.19,20,14.21,0,18.32
14.19,20,14.2,0,18.33
14.12,20,14.18,0,18.34
14.12,20,14.2,0,18.35
14.12,20,14.2,0,18.36
14.19,20,14.19,0,18.37
14.26,20,14.2,0,18.38
14.12,20,14.21,0,18.39
14.26,20,14.21,0,18.4
14.12,20,14.21,0,18.41
14.12,20,14.21,0,18.42
14.12,20,14.19,0,18.43
14.26,20,14.21,0,18.44
14.12,20,14.21,0,18.45
14.12,20,14.2,0,18.46
14.19,20,14.21,0,18.47
14.19,20,14.2,0,18.48
14.19,20,14.19,0,18.49
14.19,20,14.19,0,18.5
14.19,20,14.2,0,18.51
14.12,20,14.2,0,18.52
14.19,20,14.2,0,18.53
14.26,20,14.2,0,18.54
14.12,20,14.2,0,18.55
14.19,20,14.21,0,18.56
14.12,20,14.23,0,18.57
14.26,20,14.21,0,18.58
14.12,20,14.21,0,18.59
14.19,20,14.21,0,18.6
14.19,20,14.21,0,18.61
14.12,20,14.2,0,18.62
14.19,20,14.2,0,18.63
14.19,20,14.19,0,18.64
14.26,20,14.19,0,18.65
14.12,20,14.21,0,18.66
14.12,20,14.2,0,18.67
14.19,20,14.2,0,18.68
14.12,20,14.18,0,18.69
14.12,20,14.21,0,18.7
14.19,20,14.19,0,18.71
14.19,20,14.22,0,18.72
14.19,20,14.19,0,18.73
14.26,20,14.2,0,18.74
14.19,20,14.22,0,18.75
14.12,20,14.21,0,18.76
14.19,20,14.21,0,18.77
14.19,20,14.2,0,18.78
14.26,20,14.22,0,18.79
14.19,20,14.21,0,18.8
14.19,20,14.22,0,18.81
14.19,20,14.22,0,18.82
14.26,20,14.2,0,18.83
14.19,20,14.2,0,18.84
14.19,20,14.2,0,18.85
14.12,20,14.2,0,18.86
14.26,20,14.2,0,18.87
14.19,20,14.19,0,18.88
14.12,20,14.21,0,18.89
14.26,20,14.2,0,18.9
14.12,20,14.21,0,18.91
14.19,20,14.2,0,18.92
14.19,20,14.19,0,18.93
14.12,20,14.22,0,18.94
14.26,20,14.2,0,18.95
14.19,20,14.21,0,18.96
14.04,20,14.2,0,18.97
14.12,20,14.21,0,18.98
14.26,20,14.2,0,18.99
14.26,20,14.2,0,19
14.19,20,14.2,0,19.01
14.19,20,14.19,0,19.02
14.19,20,14.24,0,19.03
14.26,20,14.19,0,19.04
14.19,20,14.21,0,19.05
14.19,20,14.2,0,19.06
14.19,20,14.2,0,19.07
14.19,20,14.21,0,19.08
14.12,20,14.2,0,19.09
14.19,20,14.22,0,19.1
14.12,20,14.23,0,19.11
14.12,20,14.21,0,19.12
14.19,20,14.21,0,19.13
13.83,20,14.22,0,19.14
14.12,20,14.2,0,19.15
14.26,20,14.22,0,19.16
14.19,20,14.21,0,19.17
14.19,20,14.22,0,19.18
14.19,20,14.21,0,19.19
14.26,20,14.19,0,19.2
14.19,20,14.2,0,19.21
14.19,20,14.21,0,19.22
14.19,20,14.2,0,19.23
14.12,20,14.21,0,19.24
14.26,20,14.21,0,19.25
14.19,20,14.21,0,19.26
14.19,20,14.19,0,19.27
14.12,20,14.21,0,19.28
14.19,20,14.2,0,19.29
14.26,20,14.2,0,19.3
14.19,20,14.21,0,19.31
14.26,20,14.2,0,19.32
14.19,20,14.21,0,19.33
14.19,20,14.23,0,19.34
14.19,20,14.21,0,19.35
14.26,20,14.18,0,19.36
14.12,20,14.2,0,19.37
14.26,20,14.2,0,19.38
14.12,20,14.21,0,19.39
14.26,20,14.18,0,19.4
14.12,20,14.21,0,19.41
14.19,20,14.22,0,19.42
14.19,20,14.22,0,19.43
14.26,20,14.21,0,19.44
14.19,20,14.21,0,19.45
14.12,20,14.2,0,19.46
14.12,20,14.19,0,19.47
14.19,20,14.18,0,19.48
14.19,20,14.21,0,19.49
14.12,20,14.21,0,19.5
14.12,20,14.2,0,19.51
14.19,20,14.21,0,19.52
14.12,20,14.23,0,19.53
14.19,20,14.21,0,19.54
14.19,20,14.2,0,19.55
14.26,20,14.22,0,19.56
14.12,20,14.21,0,19.57
14.19,20,14.21,0,19.58
14.12,20,14.18,0,19.59
14.19,20,14.21,0,19.6
14.26,20,14.19,0,19.61
14.19,20,14.2,0,19.62
14.19,20,14.2,0,19.63
14.19,20,14.21,0,19.64
14.19,20,14.2,0,19.65
14.12,20,14.21,0,19.66
14.12,20,14.21,0,19.67
14.12,20,14.21,0,19.68
14.26,20,14.19,0,19.69
14.12,20,14.2,0,19.7
14.26,20,14.21,0,19.71
14.19,20,14.21,0,19.72
14.19,20,14.2,0,19.73
14.19,20,14.21,0,19.74
14.12,20,14.2,0,19.75
14.12,20,14.21,0,19.76
14.12,20,14.2,0,19.77
14.26,20,14.2,0,19.78
14.19,20,14.21,0,19.79
14.26,20,14.2,0,19.8
14.12,20,14.2,0,19.81
14.19,20,14.19,0,19.82
14.19,20,14.19,0,19.83
14.26,20,14.19,0,19.84
14.19,20,14.2,0,19.85
14.26,20,14.2,0,19.86
14.12,20,14.21,0,19.87
14.19,20,14.2,0,19.88
14.19,20,14.19,0,19.89
14.19,20,14.21,0,19.9
14.12,20,14.22,0,19.91
14.12,20,14.2,0,19.92
14.19,20,14.19,0,19.93
14.19,20,14.2,0,19.94
14.19,20,14.21,0,19.95
14.12,20,14.21,0,19.96
14.19,20,14.2,0,19.97
14.26,20,14.2,0,19.98
14.19,20,14.21,0,19.99
14.19,20,14.2,0,20
14.33,20,14.19,0,20.01
14.26,20,14.2,0,20.02
14.19,20,14.21,0,20.03
14.12,20,14.21,0,20.04
14.19,20,14.21,0,20.05
14.19,20,14.21,0,20.06
14.26,20,14.2,0,20.07
14.12,20,14.2,0,20.08
14.19,20,14.21,0,20.09
14.19,20,14.2,0,20.1
14.12,20,14.2,0,20.11
14.12,20,14.18,0,20.12
14.19,20,14.2,0,20.13
14.19,20,14.22,0,20.14
14.19,20,14.2,0,20.15
14.26,20,14.21,0,20.16
14.19,20,14.2,0,20.17
14.12,20,14.21,0,20.18
14.19,20,14.21,0,20.19
14.26,20,14.21,0,20.2
14.19,20,14.22,0,20.21
14.19,20,14.2,0,20.22
14.19,20,14.21,0,20.23
14.12,20,14.2,0,20.24
14.19,20,14.21,0,20.25
14.12,20,14.2,0,20.26
14.19,20,14.21,0,20.27
14.04,20,14.21,0,20.28
14.26,20,14.21,0,20.29
14.19,20,14.2,0,20.3
14.19,20,14.22,0,20.31
14.12,20,14.21,0,20.32
14.19,20,14.21,0,20.33
14.19,20,14.2,0,20.34
14.26,20,14.2,0,20.35
14.19,20,14.21,0,20.36
14.26,20,14.19,0,20.37
14.19,20,14.2,0,20.38
14.26,20,14.2,0,20.39
14.26,20,14.21,0,20.4
14.19,20,14.21,0,20.41
14.12,20,14.22,0,20.42
14.26,20,14.21,0,20.43
14.12,20,14.22,0,20.44
14.19,20,14.22,0,20.45
14.26,20,14.2,0,20.46
14.19,20,14.21,0,20.47
14.26,20,14.21,0,20.48
14.26,20,14.2,0,20.49
14.26,20,14.21,0,20.5
14.12,20,14.2,0,20.51
14.12,20,14.22,0,20.52
14.26,20,14.22,0,20.53
14.12,20,14.2,0,20.54
14.19,20,14.2,0,20.55
14.26,20,14.22,0,20.56
14.19,20,14.21,0,20.57
14.26,20,14.21,0,20.58
14.19,20,14.21,0,20.59
14.12,20,14.21,0,20.6
14.12,20,14.19,0,20.61
14.19,20,14.22,0,20.62
14.12,20,14.2,0,20.63
14.19,20,14.19,0,20.64
14.19,20,14.21,0,20.65
14.12,20,14.2,0,20.66
14.19,20,14.2,0,20.67
14.12,20,14.19,0,20.68
14.19,20,14.22,0,20.69
14.19,20,14.21,0,20.7
14.12,20,14.2,0,20.71
14.19,20,14.21,0,20.72
14.19,20,14.21,0,20.73
14.19,20,14.22,0,20.74
14.19,20,14.2,0,20.75
14.12,20,14.23,0,20.76
14.26,20,14.2,0,20.77
14.26,20,14.2,0,20.78
14.12,20,14.21,0,20.79
14.19,20,14.21,0,20.8
14.12,20,14.21,0,20.81
14.19,20,14.22,0,20.82
14.19,20,14.2,0,20.83
14.19,20,14.21,0,20.84
14.19,20,14.2,0,20.85
14.19,20,14.21,0,20.86
14.12,20,14.2,0,20.87
14.26,20,14.21,0,20.88
14.19,20,14.19,0,20.89
14.19,20,14.19,0,20.9
14.19,20,14.21,0,20.91
14.12,20,14.22,0,20.92
14.19,20,14.22,0,20.93
14.19,20,14.21,0,20.94
14.12,20,14.2,0,20.95
14.26,20,14.22,0,20.96
14.19,20,14.2,0,20.97
14.19,20,14.22,0,20.98
14.12,20,14.21,0,20.99
14.12,20,14.21,0,21
14.26,20,14.21,0,21.01
14.19,20,14.21,0,21.02
14.12,20,14.2,0,21.03
14.19,20,14.21,0,21.04
14.12,20,14.2,0,21.05
14.19,20,14.21,0,21.06
14.12,20,14.21,0,21.07
14.19,20,14.21,0,21.08
14.19,20,14.21,0,21.09
14.19,20,14.22,0,21.1
14.19,20,14.19,0,21.11
14.26,20,14.21,0,21.12
14.19,20,14.21,0,21.13
14.19,20,14.2,0,21.14
14.12,20,14.2,0,21.15
14.12,20,14.23,0,21.16
14.26,20,14.2,0,21.17
14.26,20,14.2,0,21.18
14.19,20,14.22,0,21.19
14.19,20,14.2,0,21.2
14.19,20,14.2,0,21.21
14.19,20,14.23,0,21.22
14.19,20,14.21,0,21.23
14.12,20,14.21,0,21.24
14.19,20,14.2,0,21.25
14.12,20,14.22,0,21.26
14.26,20,14.21,0,21.27
14.12,20,14.21,0,21.28
14.26,20,14.21,0,21.29
14.12,20,14.2,0,21.3
14.19,20,14.21,0,21.31
14.12,20,14.21,0,21.32
14.19,20,14.21,0,21.33
14.12,20,14.22,0,21.34
14.19,20,14.22,0,21.35
14.19,20,14.22,0,21.36
14.19,20,14.22,0,21.37
14.33,20,14.21,0,21.38
14.19,20,14.2,0,21.39
14.19,20,14.21,0,21.4
14.12,20,14.21,0,21.41
14.12,20,14.2,0,21.42
14.26,20,14.2,0,21.43
14.12,20,14.21,0,21.44
14.19,20,14.23,0,21.45
14.19,20,14.23,0,21.46
14.12,20,14.21,0,21.47
14.12,20,14.21,0,21.48
14.12,20,14.21,0,21.49
14.12,20,14.22,0,21.5
14.19,20,14.19,0,21.51
14.19,20,14.2,0,21.52
14.12,20,14.2,0,21.53
14.19,20,14.21,0,21.54
14.26,20,14.22,0,21.55
14.12,20,14.21,0,21.56
14.12,20,14.22,0,21.57
14.19,20,14.22,0,21.58
14.26,20,14.2,0,21.59
14.19,20,14.22,0,21.6
14.19,20,14.21,0,21.61
14.19,20,14.19,0,21.62
14.26,20,14.22,0,21.63
14.19,20,14.2,0,21.64
14.19,20,14.2,0,21.65
14.12,20,14.21,0,21.66
14.19,20,14.2,0,21.67
14.26,20,14.21,0,21.68
14.19,20,14.19,0,21.69
14.19,20,14.2,0,21.7
14.12,20,14.21,0,21.71
14.19,20,14.22,0,21.72
14.19,20,14.22,0,21.73
14.12,20,14.2,0,21.74
14.26,20,14.21,0,21.75
14.12,20,14.21,0,21.76
14.19,20,14.22,0,21.77
14.12,20,14.2,0,21.78
14.12,20,14.21,0,21.79
14.12,20,14.22,0,21.8
14.19,20,14.21,0,21.81
14.26,20,14.21,0,21.82
14.19,20,14.24,0,21.83
14.26,20,14.21,0,21.84
14.12,20,14.22,0,21.85
14.19,20,14.2,0,21.86
14.19,20,14.2,0,21.87
14.19,20,14.2,0,21.88
14.12,20,14.22,0,21.89
14.19,20,14.21,0,21.9
14.26,20,14.22,0,21.91
14.26,20,14.2,0,21.92
14.12,20,14.22,0,21.93
14.26,20,14.22,0,21.94
14.12,20,14.21,0,21.95
14.19,20,14.21,0,21.96
14.19,20,14.21,0,21.97
14.19,20,14.21,0,21.98
14.19,20,14.23,0,21.99
14.19,20,14.22,0,22
14.26,20,14.22,0,22.01
14.26,20,14.21,0,22.02
14.12,20,14.21,0,22.03
14.12,20,14.21,0,22.04
14.19,20,14.19,0,22.05
14.19,20,14.2,0,22.06
14.19,20,14.22,0,22.07
14.12,20,14.21,0,22.08
14.26,20,14.22,0,22.09
14.12,20,14.21,0,22.1
14.19,20,14.2,0,22.11
14.19,20,14.21,0,22.12
14.19,20,14.21,0,22.13
14.19,20,14.22,0,22.14
14.12,20,14.21,0,22.15
14.12,20,14.23,0,22.16
14.19,20,14.21,0,22.17
14.26,20,14.21,0,22.18
14.19,20,14.2,0,22.19
14.26,20,14.21,0,22.2
14.19,20,14.22,0,22.21
14.26,20,14.19,0,22.22
14.19,20,14.21,0,22.23
14.19,20,14.2,0,22.24
14.19,20,14.22,0,22.25
14.19,20,14.22,0,22.26
14.19,20,14.21,0,22.27
14.19,20,14.21,0,22.28
14.19,20,14.2,0,22.29
14.26,20,14.21,0,22.3
14.19,20,14.22,0,22.31
14.19,20,14.21,0,22.32
14.12,20,14.21,0,22.33
14.19,20,14.21,0,22.34
14.12,20,14.22,0,22.35
14.12,20,14.21,0,22.36
14.12,20,14.21,0,22.37
14.19,20,14.22,0,22.38
14.19,20,14.22,0,22.39
14.19,20,14.2,0,22.4
14.26,20,14.21,0,22.41
14.19,20,14.21,0,22.42
14.12,20,14.23,0,22.43
14.19,20,14.22,0,22.44
14.19,20,14.2,0,22.45
14.19,20,14.21,0,22.46
14.19,20,14.21,0,22.47
14.26,20,14.21,0,22.48
14.12,20,14.2,0,22.49
14.12,20,14.19,0,22.5
14.19,20,14.18,0,22.51
14.19,20,14.21,0,22.52
14.19,20,14.2,0,22.53
14.26,20,14.2,0,22.54
14.26,20,14.22,0,22.55
14.19,20,14.2,0,22.56
14.19,20,14.22,0,22.57
14.19,20,14.21,0,22.58
14.26,20,14.2,0,22.59
14.12,20,14.21,0,22.6
14.26,20,14.2,0,22.61
14.12,20,14.22,0,22.62
14.19,20,14.22,0,22.63
14.12,20,14.22,0,22.64
14.12,20,14.21,0,22.65
14.19,20,14.2,0,22.66
14.26,20,14.2,0,22.67
14.12,20,14.21,0,22.68
14.19,20,14.2,0,22.69
14.12,20,14.22,0,22.7
14.26,20,14.2,0,22.71
14.19,20,14.23,0,22.72
14.26,20,14.2,0,22.73
14.19,20,14.21,0,22.74
14.19,20,14.2,0,22.75
14.12,20,14.2,0,22.76
14.12,20,14.21,0,22.77
14.26,20,14.21,0,22.78
14.19,20,14.19,0,22.79
14.26,20,14.21,0,22.8
14.26,20,14.2,0,22.81
14.19,20,14.21,0,22.82
14.19,20,14.2,0,22.83
14.12,20,14.22,0,22.84
14.19,20,14.22,0,22.85
14.12,20,14.23,0,22.86
14.19,20,14.22,0,22.87
14.19,20,14.2,0,22.88
14.19,20,14.21,0,22.89
14.19,20,14.21,0,22.9
14.12,20,14.22,0,22.91
14.26,20,14.2,0,22.92
14.19,20,14.21,0,22.93
14.19,20,14.21,0,22.94
14.26,20,14.2,0,22.95
14.26,20,14.21,0,22.96
14.19,20,14.21,0,22.97
14.12,20,14.21,0,22.98
14.19,20,14.22,0,22.99
14.12,20,14.21,0,23
14.26,20,14.21,0,23.01
14.19,20,14.22,0,23.02
14.12,20,14.23,0,23.03
14.12,20,14.2,0,23.04
14.19,20,14.21,0,23.05
14.19,20,14.22,0,23.06
14.19,20,14.22,0,23.07
14.26,20,14.2,0,23.08
14.12,20,14.21,0,23.09
14.26,20,14.21,0,23.1
14.19,20,14.2,0,23.11
14.12,20,14.21,0,23.12
14.26,20,14.21,0,23.13
14.12,20,14.21,0,23.14
14.26,20,14.22,0,23.15
14.19,20,14.18,0,23.16
14.12,20,14.2,0,23.17
14.12,20,14.22,0,23.18
14.19,20,14.21,0,23.19
14.12,20,14.2,0,23.2
14.19,20,14.22,0,23.21
14.26,20,14.22,0,23.22
14.19,20,14.2,0,23.23
14.26,20,14.22,0,23.24
14.19,20,14.22,0,23.25
14.19,20,14.21,0,23.26
14.19,20,14.22,0,23.27
14.19,20,14.22,0,23.28
14.26,20,14.21,0,23.29
14.19,20,14.15,0,23.3
14.19,20,14.06,0,23.31
14.26,20,13.98,0.01,23.32
14.26,20,13.93,0.01,23.33
14.19,20,13.85,0.01,23.34
14.12,20,13.8,0.01,23.35
14.26,20,13.72,0.01,23.36
14.26,20,13.66,0.02,23.37
14.33,20,13.61,0.02,23.38
14.33,20,13.57,0.02,23.39
14.26,20,13.52,0.02,23.4
14.33,20,13.48,0.02,23.41
14.4,20,13.43,0.03,23.42
14.4,20,13.39,0.03,23.43
14.54,20,13.42,0.03,23.44
14.54,20,13.39,0.03,23.45
14.54,20,13.39,0.03,23.46
14.69,20,13.36,0.04,23.47
14.61,20,13.35,0.04,23.48
14.69,20,13.32,0.04,23.49
14.76,20,13.3,0.04,23.5
14.83,20,13.3,0.04,23.51
14.9,20,13.31,0.04,23.52
14.97,20,13.31,0.05,23.53
15.05,20,13.3,0.05,23.54
14.97,20,13.3,0.05,23.55
15.05,20,13.32,0.05,23.56
15.19,20,13.34,0.05,23.57
15.26,20,13.35,0.05,23.58
15.26,20,13.35,0.05,23.59
15.26,20,13.35,0.06,23.6
15.33,20,13.34,0.06,23.61
15.41,20,13.35,0.06,23.62
15.48,20,13.35,0.06,23.63
15.48,20,13.35,0.06,23.64
15.62,20,13.38,0.06,23.65
15.77,20,13.34,0.06,23.66
15.77,20,13.38,0.07,23.67
15.77,20,13.42,0.07,23.68
15.77,20,13.41,0.07,23.69
15.84,20,13.4,0.07,23.7
15.91,20,13.41,0.07,23.71
16.06,20,13.43,0.07,23.72
15.91,20,13.44,0.07,23.73
16.13,20,13.43,0.07,23.74
16.13,20,13.42,0.08,23.75
16.35,20,13.46,0.08,23.76
16.35,20,13.5,0.08,23.77
16.43,20,13.53,0.08,23.78
16.35,20,13.52,0.08,23.79
16.35,20,13.53,0.08,23.8
16.5,20,13.52,0.08,23.81
16.5,20,13.56,0.08,23.82
16.57,20,13.56,0.08,23.83
16.57,20,13.53,0.09,23.84
16.65,20,13.55,0.09,23.85
16.72,20,13.55,0.09,23.86
16.72,20,13.55,0.09,23.87
16.87,20,13.6,0.09,23.88
16.87,20,13.59,0.09,23.89
16.87,20,13.65,0.09,23.9
17.02,20,13.64,0.09,23.91
17.02,20,13.65,0.09,23.92
16.94,20,13.64,0.09,23.93
17.09,20,13.65,0.1,23.94
17.02,20,13.64,0.1,23.95
17.16,20,13.66,0.1,23.96
17.16,20,13.67,0.1,23.97
17.24,20,13.67,0.1,23.98
17.16,20,13.66,0.1,23.99
17.31,20,13.69,0.1,24
17.31,20,13.7,0.1,24.01
17.39,20,13.72,0.1,24.02
17.46,20,13.72,0.1,24.03
17.31,20,13.74,0.1,24.04
17.46,20,13.79,0.1,24.05
17.46,20,13.79,0.11,24.06
17.54,20,13.8,0.11,24.07
17.61,20,13.79,0.11,24.08
17.54,20,13.82,0.11,24.09
17.61,20,13.8,0.11,24.1
17.68,20,13.81,0.11,24.11
17.68,20,13.81,0.11,24.12
17.68,20,13.82,0.11,24.13
17.76,20,13.81,0.11,24.14
17.76,20,13.83,0.11,24.15
17.83,20,13.83,0.11,24.16
17.91,20,13.84,0.11,24.17
17.76,20,13.84,0.11,24.18
17.91,20,13.84,0.11,24.19
18.06,20,13.85,0.11,24.2
17.91,20,13.89,0.12,24.21
18.06,20,13.88,0.12,24.22
18.13,20,13.87,0.12,24.23
18.13,20,13.91,0.12,24.24
18.13,20,13.93,0.12,24.25
18.13,20,13.92,0.12,24.26
18.13,20,13.92,0.12,24.27
18.21,20,13.91,0.12,24.28
18.28,20,13.91,0.12,24.29
18.28,20,13.91,0.12,24.3
18.28,20,13.91,0.12,24.31
18.28,20,13.92,0.12,24.32
18.28,20,13.94,0.12,24.33
18.28,20,13.93,0.12,24.34
18.36,20,13.92,0.12,24.35
18.28,20,13.92,0.12,24.36
18.43,20,13.93,0.12,24.37
18.36,20,13.96,0.12,24.38
18.43,20,13.95,0.13,24.39
18.51,20,13.95,0.13,24.4
18.43,20,13.96,0.13,24.41
18.43,20,13.98,0.13,24.42
18.43,20,13.98,0.13,24.43
18.51,20,13.96,0.13,24.44
18.43,20,13.97,0.13,24.45
18.51,20,14.01,0.13,24.46
18.66,20,14.02,0.13,24.47
18.66,20,14.04,0.13,24.48
18.74,20,14.04,0.13,24.49
18.66,20,14.04,0.13,24.5
18.74,20,14.03,0.13,24.51
18.66,20,14.03,0.13,24.52
18.66,20,14.03,0.13,24.53
18.81,20,14.03,0.13,24.54
18.81,20,14.04,0.13,24.55
18.81,20,14.05,0.13,24.56
18.74,20,14.06,0.13,24.57
18.74,20,14.07,0.13,24.58
18.81,20,14.07,0.13,24.59
18.89,20,14.09,0.13,24.6
18.89,20,14.08,0.13,24.61
18.81,20,14.07,0.13,24.62
18.89,20,14.09,0.14,24.63
18.89,20,14.09,0.14,24.64
18.89,20,14.08,0.14,24.65
18.89,20,14.07,0.14,24.66
18.89,20,14.09,0.14,24.67
18.89,20,14.06,0.14,24.68
18.96,20,14.09,0.14,24.69
19.04,20,14.09,0.14,24.7
18.96,20,14.09,0.14,24.71
18.96,20,14.11,0.14,24.72
19.04,20,14.12,0.14,24.73
19.04,20,14.11,0.14,24.74
19.04,20,14.1,0.14,24.75
18.96,20,14.11,0.14,24.76
19.04,20,14.11,0.14,24.77
19.11,20,14.1,0.14,24.78
19.04,20,14.08,0.14,24.79
19.11,20,14.09,0.14,24.8
19.11,20,14.09,0.14,24.81
19.11,20,14.1,0.14,24.82
19.19,20,14.12,0.14,24.83
19.19,20,14.11,0.14,24.84
19.27,20,14.11,0.14,24.85
19.19,20,14.13,0.14,24.86
19.27,20,14.16,0.14,24.87
19.19,20,14.15,0.14,24.88
19.27,20,14.16,0.14,24.89
19.11,20,14.16,0.14,24.9
19.19,20,14.16,0.14,24.91
19.19,20,14.17,0.14,24.92
19.27,20,14.16,0.14,24.93
19.27,20,14.18,0.14,24.94
19.27,20,14.16,0.14,24.95
19.27,20,14.18,0.14,24.96
19.34,20,14.17,0.14,24.97
19.27,20,14.18,0.14,24.98
19.27,20,14.17,0.14,24.99
19.42,20,14.19,0.15,25
19.42,20,14.19,0.15,25.01
19.34,20,14.19,0.15,25.02
19.34,20,14.18,0.15,25.03
19.34,20,14.18,0.15,25.04
19.34,20,14.2,0.15,25.05
19.42,20,14.19,0.15,25.06
19.42,20,14.2,0.15,25.07
19.34,20,14.21,0.15,25.08
19.34,20,14.2,0.15,25.09
19.49,20,14.18,0.15,25.1
19.49,20,14.21,0.15,25.11
19.34,20,14.21,0.15,25.12
19.42,20,14.2,0.15,25.13
19.49,20,14.2,0.15,25.14
19.42,20,14.19,0.15,25.15
19.42,20,14.19,0.15,25.16
19.49,20,14.19,0.15,25.17
19.49,20,14.18,0.15,25.18
19.49,20,14.18,0.15,25.19
19.42,20,14.19,0.15,25.2
19.42,20,14.18,0.15,25.21
19.49,20,14.19,0.15,25.22
19.42,20,14.19,0.15,25.23
19.57,20,14.19,0.15,25.24
19.57,20,14.2,0.15,25.25
19.49,20,14.2,0.15,25.26
19.49,20,14.21,0.15,25.27
19.49,20,14.21,0.15,25.28
19.49,20,14.21,0.15,25.29
19.49,20,14.21,0.15,25.3
19.42,20,14.21,0.15,25.31
19.49,20,14.2,0.15,25.32
19.49,20,14.21,0.15,25.33
19.49,20,14.22,0.15,25.34
19.57,20,14.23,0.15,25.35
19.65,20,14.21,0.15,25.36
19.49,20,14.21,0.15,25.37
19.57,20,14.24,0.15,25.38
19.65,20,14.23,0.15,25.39
19.57,20,14.23,0.15,25.4
19.57,20,14.22,0.15,25.41
19.57,20,14.22,0.15,25.42
19.65,20,14.24,0.15,25.43
19.65,20,14.23,0.15,25.44
19.65,20,14.23,0.15,25.45
19.65,20,14.23,0.15,25.46
19.72,20,14.23,0.15,25.47
19.65,20,14.22,0.15,25.48
19.65,20,14.21,0.15,25.49
19.65,20,14.23,0.15,25.5
19.65,20,14.23,0.15,25.51
19.65,20,14.22,0.15,25.52
19.65,20,14.23,0.15,25.53
19.65,20,14.24,0.15,25.54
19.72,20,14.22,0.15,25.55
19.72,20,14.22,0.15,25.56
19.72,20,14.22,0.15,25.57
19.72,20,14.23,0.15,25.58
19.65,20,14.22,0.15,25.59
19.57,20,14.23,0.15,25.6
19.65,20,14.23,0.15,25.61
19.8,20,14.22,0.15,25.62
19.65,20,14.23,0.15,25.63
19.65,20,14.23,0.15,25.64
19.65,20,14.22,0.15,25.65
19.72,20,14.26,0.15,25.66
19.72,20,14.24,0.15,25.67
19.65,20,14.24,0.15,25.68
19.72,20,14.24,0.15,25.69
19.65,20,14.23,0.15,25.7
19.72,20,14.25,0.15,25.71
19.88,20,14.26,0.15,25.72
19.8,20,14.26,0.15,25.73
19.72,20,14.31,0.15,25.74
19.72,20,14.27,0.15,25.75
19.72,20,14.23,0.16,25.76
19.72,20,14.27,0.15,25.77
19.72,20,14.25,0.16,25.78
19.72,20,14.29,0.16,25.79
19.72,20,14.3,0.16,25.8
19.88,20,14.25,0.16,25.81
19.72,20,14.28,0.16,25.82
19.72,20,14.28,0.16,25.83
19.72,20,14.3,0.16,25.84
19.72,20,14.28,0.16,25.85
19.8,20,14.29,0.16,25.86
19.88,20,14.28,0.16,25.87
19.65,20,14.31,0.16,25.88
19.8,20,14.28,0.16,25.89
19.88,20,14.28,0.16,25.9
19.88,20,14.25,0.16,25.91
19.88,20,14.28,0.16,25.92
19.8,20,14.29,0.16,25.93
19.88,20,14.26,0.16,25.94
19.72,20,14.25,0.16,25.95
19.88,20,14.28,0.16,25.96
19.72,20,14.26,0.16,25.97
19.72,20,14.28,0.16,25.98
19.95,20,14.29,0.16,25.99
19.88,20,14.29,0.16,26
19.72,20,14.3,0.16,26.01
19.72,20,14.29,0.16,26.02
19.72,20,14.29,0.16,26.03
19.88,20,14.3,0.16,26.04
19.88,20,14.32,0.16,26.05
19.88,20,14.33,0.16,26.06
19.8,20,14.29,0.16,26.07
19.72,20,14.3,0.16,26.08
19.88,20,14.31,0.16,26.09
19.95,20,14.3,0.16,26.1
19.72,20,14.31,0.16,26.11
19.88,20,14.31,0.16,26.12
19.8,20,14.31,0.16,26.13
19.72,20,14.32,0.16,26.14
19.95,20,14.32,0.16,26.15
19.95,20,14.3,0.16,26.16
19.95,20,14.32,0.16,26.17
19.95,20,14.31,0.16,26.18
19.88,20,14.33,0.16,26.19
19.8,20,14.32,0.16,26.2
19.8,20,14.33,0.16,26.21
19.95,20,14.32,0.16,26.22
19.88,20,14.32,0.16,26.23
19.88,20,14.33,0.16,26.24
19.88,20,14.32,0.16,26.25
19.88,20,14.28,0.16,26.26
19.88,20,14.33,0.16,26.27
19.72,20,14.32,0.16,26.28
19.88,20,14.33,0.16,26.29
19.95,20,14.32,0.16,26.3
19.88,20,14.32,0.16,26.31
19.88,20,14.33,0.16,26.32
19.88,20,14.32,0.16,26.33
19.95,20,14.33,0.16,26.34
19.72,20,14.33,0.16,26.35
19.88,20,14.31,0.16,26.36
19.88,20,14.33,0.16,26.37
19.72,20,14.33,0.16,26.38
19.88,20,14.34,0.16,26.39
19.88,20,14.31,0.16,26.4
19.95,20,14.33,0.16,26.41
19.95,20,14.31,0.16,26.42
19.8,20,14.31,0.16,26.43
19.88,20,14.31,0.16,26.44
19.95,20,14.31,0.16,26.45
19.88,20,14.3,0.16,26.46
19.88,20,14.32,0.16,26.47
19.88,20,14.34,0.16,26.48
19.95,20,14.3,0.16,26.49
19.88,20,14.31,0.16,26.5
19.88,20,14.32,0.16,26.51
19.88,20,14.35,0.16,26.52
19.95,20,14.33,0.16,26.53
19.88,20,14.33,0.16,26.54
19.88,20,14.35,0.16,26.55
19.88,20,14.31,0.16,26.56
19.88,20,14.31,0.16,26.57
19.88,20,14.31,0.16,26.58
19.88,20,14.32,0.16,26.59
19.88,20,14.32,0.16,26.6
19.88,20,14.31,0.16,26.61
19.95,20,14.31,0.16,26.62
19.95,20,14.32,0.16,26.63
19.95,20,14.3,0.16,26.64
19.88,20,14.34,0.16,26.65
19.8,20,14.31,0.16,26.66
19.95,20,14.31,0.16,26.67
19.95,20,14.31,0.16,26.68
19.88,20,14.32,0.16,26.69
19.95,20,14.33,0.16,26.7
19.88,20,14.32,0.16,26.71
19.95,20,14.31,0.16,26.72
20.03,20,14.34,0.16,26.73
20.03,20,14.29,0.16,26.74
19.95,20,14.34,0.16,26.75
19.88,20,14.32,0.16,26.76
20.03,20,14.33,0.16,26.77
19.65,20,14.32,0.16,26.78
19.95,20,14.33,0.16,26.79
19.95,20,14.35,0.16,26.8
19.95,20,14.32,0.16,26.81
19.88,20,14.33,0.16,26.82
19.95,20,14.34,0.16,26.83
19.88,20,14.33,0.16,26.84
19.95,20,14.33,0.16,26.85
19.95,20,14.33,0.16,26.86
20.03,20,14.34,0.16,26.87
20.03,20,14.36,0.16,26.88
20.42,20,14.34,0.16,26.89
19.95,20,14.32,0.16,26.9
19.95,20,14.32,0.16,26.91
19.88,20,14.31,0.16,26.92
19.95,20,14.35,0.16,26.93
20.03,20,14.34,0.16,26.94
19.95,20,14.32,0.16,26.95
19.88,20,14.35,0.16,26.96
19.95,20,14.33,0.16,26.97
19.88,20,14.31,0.16,26.98
19.95,20,14.31,0.16,26.99
19.95,20,14.31,0.16,27
19.95,20,14.34,0.16,27.01
19.88,20,14.34,0.16,27.02
19.95,20,14.34,0.16,27.03
19.88,20,14.34,0.16,27.04
19.95,20,14.34,0.16,27.05
19.95,20,14.35,0.16,27.06
19.95,20,14.34,0.16,27.07
19.95,20,14.35,0.16,27.08
19.95,20,14.34,0.16,27.09
19.88,20,14.33,0.16,27.1
19.95,20,14.34,0.16,27.11
19.88,20,14.36,0.16,27.12
20.03,20,14.32,0.16,27.13
19.88,20,14.41,0.16,27.14
20.03,20,14.35,0.16,27.15
19.88,20,14.34,0.16,27.16
20.03,20,14.34,0.16,27.17
19.95,20,14.32,0.16,27.18
19.95,20,14.32,0.16,27.19
20.03,20,14.34,0.16,27.2
20.03,20,14.33,0.16,27.21
19.88,20,14.33,0.16,27.22
19.95,20,14.33,0.16,27.23
19.95,20,14.35,0.16,27.24
19.88,20,14.35,0.16,27.25
20.03,20,14.35,0.16,27.26
19.88,20,14.33,0.16,27.27
20.03,20,14.34,0.16,27.28
19.95,20,14.38,0.16,27.29
19.95,20,14.33,0.16,27.3
20.11,20,14.34,0.16,27.31
19.88,20,14.34,0.16,27.32
19.95,20,14.34,0.16,27.33
20.03,20,14.34,0.16,27.34
19.88,20,14.33,0.16,27.35
19.95,20,14.33,0.16,27.36
19.95,20,14.34,0.16,27.37
20.03,20,14.35,0.16,27.38
19.95,20,14.35,0.16,27.39
19.95,20,14.34,0.16,27.4
19.95,20,14.34,0.16,27.41
19.95,20,14.33,0.16,27.42
