9.99,10,0.17,10,618
9.63,10,0.17,10,10401
9.01,10,0.17,10,20375
8.47,10,0.17,10,30422
7.95,10,0.17,10,40369
7.48,10,0.17,10,50409
7.06,10,0.18,10,60404
6.68,10,0.18,10,70450
6.32,10,0.18,10,80424
6.01,10,0.18,10,90446
5.76,10,0.19,10,100409
5.53,10,0.19,10,110407
5.31,10,0.19,10,120440
5.13,10,0.2,10,130411
4.96,10,0.2,10,140345
4.84,10,0.2,10,150404
4.72,10,0.21,10,160392
4.61,10,0.21,10,170395
4.51,10,0.21,10,180350
4.45,10,0.22,10,190377
4.38,10,0.22,10,200359
4.34,10,0.22,10,210379
4.3,10,0.23,10,220403
4.29,10,0.23,10,230392
4.27,10,0.23,10,240421
4.27,10,0.24,10,250375
4.27,10,0.24,10,260385
4.28,10,0.24,10,270421
4.29,10,0.25,10,280378
4.3,10,0.25,10,290420
4.33,10,0.25,10,300402
4.36,10,0.26,10,310332
4.41,10,0.26,10,320474
4.44,10,0.26,10,330416
4.48,10,0.27,10,340446
4.54,10,0.27,10,350424
4.61,10,0.27,10,360439
4.67,10,0.28,10,370390
4.73,10,0.28,10,380426
4.79,10,0.28,10,390392
4.84,10,0.29,10,400366
4.9,10,0.29,10,410437
4.95,10,0.29,10,420435
5.03,10,0.3,10,430370
5.12,10,0.3,10,440422
5.19,10,0.3,10,450419
5.26,10,0.3,10,460371
5.31,10,0.31,10,470416
5.41,10,0.31,10,480410
5.48,10,0.31,10,490383
5.54,10,0.32,10,500374
5.64,10,0.32,10,510407
5.73,10,0.32,10,520413
5.81,10,0.32,10,530444
5.87,10,0.33,10,540423
5.91,10,0.33,10,550450
6.01,10,0.33,10,560452
6.1,10,0.33,10,570433
6.19,10,0.33,10,580415
6.26,10,0.34,10,590385
6.33,10,0.34,10,600422
6.41,10,0.34,10,610468
6.48,10,0.34,10,620385
6.54,10,0.35,10,630406
6.6,10,0.35,10,640380
6.73,10,0.35,10,650410
6.82,10,0.35,10,660385
6.87,10,0.35,10,670426
6.92,10,0.36,10,680376
6.99,10,0.36,10,690362
7.03,10,0.36,10,700417
7.1,10,0.36,10,710382
7.17,10,0.36,0,720416
7.27,10,0.36,0,730389
7.33,10,0.37,0,740433
7.38,10,0.37,0,750464
7.44,10,0.37,0,760447
7.49,10,0.37,0,770426
7.55,10,0.37,0,780409
7.61,10,0.37,0,790428
7.67,10,0.37,0,800451
7.73,10,0.38,0,810425
7.8,10,0.38,0,820433
7.85,10,0.38,0,830391
7.9,10,0.38,0,840388
7.93,10,0.38,0,850365
7.97,10,0.38,0,860380
8.03,10,0.38,0,870368
8.08,10,0.38,0,880351
8.13,10,0.39,0,890368
8.17,10,0.39,0,900355
8.23,10,0.39,0,910422
8.28,10,0.39,0,920424
8.31,10,0.39,0,930396
8.37,10,0.39,0,940418
8.42,10,0.39,0,950381
8.46,10,0.39,0,960411
8.49,10,0.39,0,970414
8.53,10,0.39,0,980475
8.56,10,0.39,0,990440
8.61,10,0.4,0,1000421
8.63,10,0.4,0,1010459
8.67,10,0.4,0,1020427
8.71,10,0.4,0,1030425
8.73,10,0.4,0,1040311
8.76,10,0.4,0,1050462
8.78,10,0.4,0,1060353
8.81,10,0.4,0,1070420
8.85,10,0.4,0,1080416
8.89,10,0.4,0,1090372
8.93,10,0.4,0,1100360
8.97,10,0.4,0,1110378
9,10,0.4,0,1120379
9.01,10,0.4,0,1130346
9.04,10,0.41,0,1140392
9.06,10,0.41,0,1150387
9.08,10,0.41,0,1160376
9.11,10,0.41,0,1170432
9.12,10,0.41,0,1180443
9.14,10,0.41,0,1190443
9.16,10,0.41,0,1200429
9.17,10,0.41,0,1210465
9.19,10,0.41,0,1220447
9.21,10,0.41,0,1230417
9.23,10,0.41,0,1240441
9.26,10,0.41,0,1250415
9.27,10,0.41,0,1260410
9.3,10,0.41,0,1270420
9.31,10,0.41,0,1280423
9.33,10,0.41,0,1290386
9.35,10,0.41,0,1300402
9.35,10,0.41,0,1310355
9.39,10,0.41,0,1320376
9.42,10,0.41,0,1330376
9.45,10,0.41,0,1340393
9.47,10,0.41,0,1350364
9.5,10,0.41,0,1360426
9.53,10,0.42,0,1370374
9.55,10,0.42,0,1380387
9.55,10,0.42,0,1390381
9.56,10,0.42,0,1400426
9.57,10,0.42,0,1410425
9.58,10,0.42,0,1420454
9.58,10,0.42,0,1430433
9.59,10,0.42,0,1440411
9.59,10,0.42,0,1450475
9.61,10,0.42,0,1460439
9.62,10,0.42,0,1470406
9.63,10,0.42,0,1480435
9.64,10,0.42,0,1490479
9.65,10,0.42,0,1500366
9.65,10,0.42,0,1510381
9.66,10,0.42,0,1520358
9.67,10,0.42,0,1530423
9.68,10,0.42,0,1540406
9.68,10,0.42,0,1550380
9.69,10,0.42,0,1560354
9.7,10,0.42,0,1570380
9.71,10,0.42,0,1580444
9.71,10,0.42,0,1590426
9.72,10,0.42,0,1600403
9.73,10,0.42,0,1610398
9.74,10,0.42,0,1620445
9.74,10,0.42,0,1630397
9.75,10,0.42,0,1640463
9.75,10,0.42,0,1650441
9.76,10,0.42,0,1660434
9.77,10,0.42,0,1670454
9.77,10,0.42,0,1680451
9.77,10,0.42,0,1690414
9.78,10,0.42,0,1700373
9.78,10,0.42,0,1710361
9.79,10,0.42,0,1720387
9.79,10,0.42,0,1730377
9.79,10,0.42,0,1740390
9.79,10,0.42,0,1750426
9.79,10,0.42,0,1760392
9.8,10,0.42,0,1770388
9.8,10,0.42,0,1780385
9.81,10,0.42,0,1790384
9.81,10,0.42,0,1800366
9.81,10,0.42,0,1810427
9.82,10,0.42,0,1820371
9.82,10,0.42,0,1830417
9.83,10,0.42,0,1840445
9.83,10,0.42,0,1850424
9.84,10,0.42,0,1860403
9.84,10,0.42,0,1870463
9.84,10,0.42,0,1880447
9.85,10,0.42,0,1890461
9.86,10,0.42,0,1900444
9.85,10,0.42,0,1910422
9.85,10,0.42,0,1920395
9.86,10,0.42,0,1930415
9.86,10,0.42,0,1940372
9.87,10,0.42,0,1950365
9.87,10,0.42,0,1960387
9.88,10,0.42,0,1970403
9.88,10,0.42,0,1980374
9.88,10,0.42,0,1990401
9.88,10,0.42,0,2000394
9.88,10,0.42,0,2010402
9.88,10,0.42,0,2020412
9.89,10,0.42,0,2030433
9.89,10,0.43,0,2040407
9.91,10,0.43,0,2050418
9.91,10,0.43,0,2060428
9.91,10,0.43,0,2070424
9.9,10,0.43,0,2080436
9.91,10,0.43,0,2090424
9.9,10,0.43,0,2100456
9.92,10,0.43,0,2110436
9.92,10,0.43,0,2120426
9.92,10,0.43,0,2130322
9.94,10,0.43,0,2140445
9.93,10,0.43,0,2150394
9.94,10,0.43,0,2160418
9.94,10,0.43,0,2170403
9.95,10,0.43,0,2180419
9.94,10,0.43,0,2190386
9.93,10,0.43,0,2200372
9.93,10,0.43,0,2210409
9.94,10,0.43,0,2220386
9.94,10,0.43,0,2230408
9.92,10,0.43,0,2240449
9.95,10,0.43,0,2250399
9.95,10,0.43,0,2260369
9.95,10,0.43,0,2270415
9.95,10,0.43,0,2280427
9.95,10,0.43,0,2290410
9.94,10,0.43,0,2300422
9.96,10,0.43,0,2310443
9.95,10,0.43,0,2320434
9.95,10,0.43,0,2330431
9.97,10,0.43,0,2340487
9.96,10,0.43,0,2350337
9.96,10,0.43,0,2360461
9.96,10,0.43,0,2370377
9.97,10,0.43,0,2380415
9.95,10,0.43,0,2390373
9.96,10,0.43,0,2400376
9.96,10,0.43,0,2410379
9.96,10,0.43,0,2420375
9.97,10,0.43,0,2430394
9.97,10,0.43,0,2440403
9.97,10,0.43,0,2450393
9.97,10,0.43,0,2460358
9.97,10,0.43,0,2470392
9.97,10,0.43,0,2480348
9.96,10,0.43,0,2490440
9.96,10,0.43,0,2500440
9.98,10,0.43,0,2510442
9.97,10,0.43,0,2520480
9.97,10,0.43,0,2530439
9.98,10,0.43,0,2540433
9.97,10,0.43,0,2550423
9.97,10,0.43,0,2560394
9.97,10,0.43,0,2570440
9.97,10,0.43,0,2580396
9.98,10,0.43,0,2590426
9.97,10,0.43,0,2600375
9.97,10,0.43,0,2610377
9.98,10,0.43,0,2620389
9.97,10,0.43,0,2630378
9.98,10,0.43,0,2640366
9.98,10,0.43,0,2650399
9.98,10,0.43,0,2660376
9.99,10,0.43,0,2670394
9.97,10,0.43,0,2680392
9.98,10,0.43,0,2690449
9.99,10,0.43,0,2700444
9.98,10,0.43,0,2710405
9.99,10,0.43,0,2720435
9.99,10,0.43,0,2730465
10,10,0.43,0,2740410
10,10,0.43,0,2750383
10,10,0.43,0,2760391
9.99,10,0.43,0,2770409
9.98,10,0.43,0,2780444
10,10,0.43,0,2790418
10,10,0.43,0,2800366
10,10,0.43,0,2810352
9.99,10,0.43,0,2820409
9.99,10,0.43,0,2830408
9.99,10,0.43,0,2840377
10,10,0.43,0,2850410
10,10,0.43,0,2860385
9.99,10,0.43,0,2870400
9.99,10,0.43,0,2880402
9.98,10,0.43,0,2890450
9.99,10,0.43,0,2900369
10,10,0.43,0,2910380
10,10,0.43,0,2920407
9.99,10,0.43,0,2930411
10,10,0.43,0,2940435
9.98,10,0.43,0,2950476
9.99,10,0.43,0,2960403
9.99,10,0.43,0,2970461
9.98,10,0.43,0,2980497
9.99,10,0.43,0,2990416
10,10,0.43,0,3000415
10,10,0.43,0,3010363
10,10,0.43,0,3020390
9.99,10,0.43,0,3030358
9.99,10,0.43,0,3040374
10,10,0.43,0,3050389
10,10,0.43,0,3060386
9.99,10,0.43,0,3070405
9.99,10,0.43,0,3080395
9.98,10,0.43,0,3090353
10,10,0.43,0,3100378
9.98,10,0.43,0,3110415
10,10,0.43,0,3120378
9.99,10,0.43,0,3130272
10,10,0.43,0,3140419
9.99,10,0.43,0,3150446
10.01,10,0.43,0,3160438
10,10,0.43,0,3170464
10,10,0.43,0,3180384
9.99,10,0.43,0,3190427
10,10,0.43,0,3200441
9.99,10,0.43,0,3210441
9.99,10,0.43,0,3220441
10,10,0.43,0,3230460
10,10,0.43,0,3240389
10,10,0.43,0,3250398
10,10,0.43,0,3260394
10,10,0.43,0,3270371
10,10,0.43,0,3280351
9.98,10,0.43,0,3290426
9.99,10,0.43,0,3300368
10,10,0.43,0,3310379
9.99,10,0.43,0,3320372
9.98,10,0.43,0,3330382
9.99,10,0.43,0,3340402
9.99,10,0.43,0,3350438
9.99,10,0.43,0,3360349
9.99,10,0.43,0,3370430
10,10,0.43,0,3380442
10.01,10,0.43,0,3390391
9.99,10,0.43,0,3400422
9.99,10,0.43,0,3410425
9.99,10,0.43,0,3420421
10,10,0.43,0,3430415
10,10,0.43,0,3440440
9.99,10,0.43,0,3450446
10,10,0.43,0,3460408
10,10,0.43,0,3470411
9.99,10,0.43,0,3480380
10,10,0.43,0,3490410
10,10,0.43,0,3500414
9.99,10,0.43,0,3510374
10,10,0.43,0,3520373
10,10,0.43,0,3530392
9.99,10,0.43,0,3540409
10.01,10,0.43,0,3550374
10.01,10,0.43,0,3560376
10,10,0.43,0,3570411
9.99,10,0.43,0,3580416
10,10,0.43,0,3590419
9.99,10,0.43,0,3600403
9.99,10,0.43,0,3610396
9.99,10,0.43,0,3620414
10.01,10,0.43,0,3630397
9.99,10,0.43,0,3640478
10,10,0.43,0,3650443
10,10,0.43,0,3660417
9.99,10,0.43,0,3670375
10,10,0.43,0,3680349
10,10,0.43,0,3690390
10,10,0.43,0,3700420
10,10,0.43,0,3710365
9.99,10,0.43,0,3720385
10,10,0.43,0,3730397
9.98,10,0.43,0,3740352
9.99,10,0.43,0,3750386
9.98,10,0.43,0,3760413
9.99,10,0.43,0,3770395
9.99,10,0.43,0,3780440
9.99,10,0.43,0,3790429
9.99,10,0.43,0,3800430
9.99,10,0.43,0,3810425
10,10,0.43,0,3820459
9.99,10,0.43,0,3830475
9.99,10,0.43,0,3840435
9.99,10,0.43,0,3850486
9.99,10,0.43,0,3860415
9.98,10,0.43,0,3870430
9.99,10,0.43,0,3880330
9.99,10,0.43,0,3890407
10,10,0.43,0,3900355
9.99,10,0.43,0,3910386
10,10,0.43,0,3920402
10,10,0.43,0,3930411
10,10,0.43,0,3940379
10.01,10,0.43,0,3950403
10,10,0.43,0,3960356
10,10,0.43,0,3970376
10.01,10,0.43,0,3980336
10,10,0.43,0,3990436
10,10,0.43,0,4000374
10,10,0.43,0,4010393
9.99,10,0.43,0,4020392
10,10,0.43,0,4030434
10.01,10,0.43,0,4040427
10.01,10,0.43,0,4050456
9.98,10,0.43,0,4060431
9.99,10,0.43,0,4070432
10,10,0.43,0,4080449
10.01,10,0.43,0,4090336
10.4,10,0.43,0,4100440
11.08,10,0.43,0,4110489
11.72,10,0.42,0,4120364
12.32,10,0.42,0,4130381
12.88,10,0.42,0,4140416
13.37,10,0.42,0,4150389
13.84,10,0.42,0,4160412
14.23,10,0.41,0,4170387
14.66,10,0.41,0,4180346
14.95,10,0.41,0,4190382
15.28,10,0.4,0,4200368
15.52,10,0.4,0,4210420
15.72,10,0.4,0,4220383
15.98,10,0.39,0,4230382
16.11,10,0.39,0,4240418
16.25,10,0.38,0,4250421
16.36,10,0.38,0,4260399
16.46,10,0.38,0,4270444
16.53,10,0.37,0,4280451
16.6,10,0.37,0,4290436
16.62,10,0.36,0,4300410
16.64,10,0.36,0,4310411
16.64,10,0.36,0,4320430
16.63,10,0.35,0,4330467
16.61,10,0.35,0,4340403
16.58,10,0.34,0,4350410
16.52,10,0.34,0,4360371
16.47,10,0.34,0,4370413
16.39,10,0.33,0,4380401
16.32,10,0.33,0,4390398
16.24,10,0.32,0,4400413
16.17,10,0.32,0,4410413
16.11,10,0.32,0,4420396
16.03,10,0.31,0,4430447
15.93,10,0.31,0,4440402
15.78,10,0.31,0,4450367
15.68,10,0.3,0,4460422
15.59,10,0.3,0,4470415
15.49,10,0.3,0,4480450
15.4,10,0.29,0,4490410
15.33,10,0.29,0,4500440
15.19,10,0.29,0,4510442
15.06,10,0.28,0,4520438
14.98,10,0.28,0,4530436
14.88,10,0.28,0,4540413
14.78,10,0.28,0,4550451
14.71,10,0.27,0,4560419
14.59,10,0.27,0,4570346
14.46,10,0.27,0,4580377
14.34,10,0.26,0,4590342
14.23,10,0.26,0,4600382
14.13,10,0.26,0,4610395
14.06,10,0.26,0,4620419
13.98,10,0.25,0,4630444
13.89,10,0.25,0,4640378
13.74,10,0.25,0,4650373
13.66,10,0.25,0,4660400
13.57,10,0.25,0,4670390
13.46,10,0.24,0,4680396
13.38,10,0.24,0,4690436
13.29,10,0.24,0,4700443
13.23,10,0.24,0,4710467
13.11,10,0.24,0,4720452
13.04,10,0.23,0,4730447
12.95,10,0.23,0,4740409
12.89,10,0.23,0,4750445
12.83,10,0.23,0,4760429
12.79,10,0.23,0,4770369
12.69,10,0.23,0,4780373
12.62,10,0.22,0,4790444
12.52,10,0.22,0,4800399
12.44,10,0.22,10,4810339
12.37,10,0.22,10,4820393
12.32,10,0.22,10,4830371
12.28,10,0.22,10,4840375
12.23,10,0.22,10,4850430
12.17,10,0.21,10,4860409
12.11,10,0.21,10,4870376
12.06,10,0.21,10,4880373
12.02,10,0.21,10,4890448
11.96,10,0.21,10,4900406
11.87,10,0.21,10,4910445
11.82,10,0.21,10,4920315
11.78,10,0.21,10,4930425
11.73,10,0.21,10,4940420
11.66,10,0.2,10,4950471
11.63,10,0.2,10,4960471
11.57,10,0.2,10,4970444
11.52,10,0.2,10,4980423
11.5,10,0.2,10,4990388
11.45,10,0.2,10,5000348
11.41,10,0.2,10,5010418
11.38,10,0.2,10,5020358
11.35,10,0.2,10,5030397
11.31,10,0.2,10,5040352
11.28,10,0.2,10,5050403
11.23,10,0.2,10,5060374
11.2,10,0.19,10,5070385
11.16,10,0.19,10,5080395
11.12,10,0.19,10,5090391
11.08,10,0.19,10,5100400
11.07,10,0.19,10,5110386
11.06,10,0.19,10,5120416
11.04,10,0.19,10,5130441
11.01,10,0.19,10,5140443
10.96,10,0.19,10,5150438
10.94,10,0.19,10,5160421
10.91,10,0.19,10,5170440
10.91,10,0.19,10,5180401
10.89,10,0.19,10,5190430
10.86,10,0.19,10,5200355
10.84,10,0.19,10,5210374
10.82,10,0.19,10,5220357
10.8,10,0.19,10,5230375
10.78,10,0.18,10,5240420
10.76,10,0.18,10,5250422
10.73,10,0.18,10,5260388
10.7,10,0.18,10,5270391
10.68,10,0.18,10,5280438
10.66,10,0.18,10,5290364
10.63,10,0.18,10,5300404
10.61,10,0.18,10,5310388
10.59,10,0.18,10,5320410
10.57,10,0.18,10,5330389
10.55,10,0.18,10,5340449
10.53,10,0.18,10,5350428
10.52,10,0.18,10,5360422
10.5,10,0.18,10,5370453
10.47,10,0.18,10,5380425
10.46,10,0.18,10,5390458
10.45,10,0.18,10,5400448
10.43,10,0.18,10,5410414
10.41,10,0.18,10,5420438
10.41,10,0.18,10,5430398
10.39,10,0.18,10,5440372
10.37,10,0.18,10,5450415
10.37,10,0.18,10,5460372
10.36,10,0.18,10,5470374
10.35,10,0.18,10,5480431
10.34,10,0.18,10,5490353
10.32,10,0.18,10,5500402
10.32,10,0.18,10,5510376
10.31,10,0.18,10,5520404
10.31,10,0.18,10,5530398
10.3,10,0.18,10,5540423
10.3,10,0.18,10,5550410
10.3,10,0.18,10,5560426
10.3,10,0.18,10,5570441
10.3,10,0.18,10,5580446
10.3,10,0.18,10,5590425
10.29,10,0.18,10,5600459
10.29,10,0.18,10,5610474
10.27,10,0.17,10,5620441
10.27,10,0.17,10,5630391
10.26,10,0.17,10,5640398
10.26,10,0.17,10,5650368
10.25,10,0.17,10,5660404
10.24,10,0.17,10,5670399
10.24,10,0.17,10,5680372
10.23,10,0.17,10,5690282
10.22,10,0.17,10,5700399
10.21,10,0.17,10,5710407
10.2,10,0.17,10,5720389
10.21,10,0.17,10,5730370
10.19,10,0.17,10,5740408
10.19,10,0.17,10,5750384
10.19,10,0.17,10,5760384
10.18,10,0.17,10,5770400
10.17,10,0.17,10,5780429
10.17,10,0.17,10,5790465
10.17,10,0.17,10,5800425
10.16,10,0.17,10,5810444
10.16,10,0.17,10,5820488
10.16,10,0.17,10,5830463
10.16,10,0.17,10,5840425
10.16,10,0.17,10,5850351
10.16,10,0.17,10,5860356
10.15,10,0.17,10,5870363
10.16,10,0.17,10,5880388
10.15,10,0.17,10,5890344
10.15,10,0.17,10,5900402
10.14,10,0.17,10,5910407
10.13,10,0.17,10,5920405
10.14,10,0.17,10,5930369
10.14,10,0.17,10,5940386
10.14,10,0.17,10,5950407
10.12,10,0.17,10,5960375
10.12,10,0.17,10,5970409
10.11,10,0.17,10,5980430
10.11,10,0.17,10,5990417
10.11,10,0.17,10,6000442
10.11,10,0.17,10,6010431
10.1,10,0.17,10,6020439
10.11,10,0.17,10,6030422
10.1,10,0.17,10,6040452
10.09,10,0.17,10,6050416
10.1,10,0.17,10,6060430
10.09,10,0.17,10,6070378
10.09,10,0.17,10,6080401
10.1,10,0.17,10,6090365
10.08,10,0.17,10,6100391
10.08,10,0.17,10,6110337
10.07,10,0.17,10,6120381
10.08,10,0.17,10,6130392
10.07,10,0.17,10,6140376
10.07,10,0.17,10,6150392
10.06,10,0.17,10,6160397
10.07,10,0.17,10,6170377
10.06,10,0.17,10,6180421
10.06,10,0.17,10,6190404
10.07,10,0.17,10,6200399
10.07,10,0.17,10,6210400
10.06,10,0.17,10,6220428
10.06,10,0.17,10,6230448
10.07,10,0.17,10,6240430
10.06,10,0.17,10,6250436
10.05,10,0.17,10,6260396
10.06,10,0.17,10,6270362
10.05,10,0.17,10,6280343
10.06,10,0.17,10,6290451
10.06,10,0.17,10,6300404
10.07,10,0.17,10,6310376
10.05,10,0.17,10,6320375
10.06,10,0.17,10,6330397
10.06,10,0.17,10,6340370
10.05,10,0.17,10,6350375
10.05,10,0.17,10,6360403
10.04,10,0.17,10,6370348
10.05,10,0.17,10,6380399
10.05,10,0.17,10,6390380
10.04,10,0.17,10,6400363
10.04,10,0.17,10,6410422
10.04,10,0.17,10,6420426
10.04,10,0.17,10,6430432
10.04,10,0.17,10,6440420
10.04,10,0.17,10,6450457
10.04,10,0.17,10,6460442
10.04,10,0.17,10,6470449
10.04,10,0.17,10,6480420
10.05,10,0.17,10,6490445
10.04,10,0.17,10,6500348
10.04,10,0.17,10,6510382
10.04,10,0.17,10,6520387
10.04,10,0.17,10,6530374
10.03,10,0.17,10,6540413
10.04,10,0.17,10,6550417
10.04,10,0.17,10,6560373
10.03,10,0.17,10,6570398
10.03,10,0.17,10,6580379
10.02,10,0.17,10,6590367
10.04,10,0.17,10,6600367
10.02,10,0.17,10,6610431
10.03,10,0.17,10,6620365
10.03,10,0.17,10,6630378
10.02,10,0.17,10,6640430
10.02,10,0.17,10,6650432
10.01,10,0.17,10,6660453
10.01,10,0.17,10,6670471
10.02,10,0.17,10,6680442
10.02,10,0.17,10,6690450
10.03,10,0.17,10,6700497
10.01,10,0.17,10,6710396
10.02,10,0.17,10,6720464
10.02,10,0.17,10,6730380
10.02,10,0.17,10,6740371
10.01,10,0.17,10,6750398
10.02,10,0.17,10,6760418
10.01,10,0.17,10,6770402
10,10,0.17,10,6780372
10.01,10,0.17,10,6790410
10,10,0.17,10,6800383
10,10,0.17,10,6810388
10.01,10,0.17,10,6820357
10,10,0.17,10,6830434
10.01,10,0.17,10,6840419
10.01,10,0.17,10,6850402
10.01,10,0.17,10,6860397
10.02,10,0.17,10,6870470
10.01,10,0.17,10,6880414
10.01,10,0.17,10,6890420
10.02,10,0.17,10,6900457
10.01,10,0.17,10,6910417
10.02,10,0.17,10,6920476
10.01,10,0.17,10,6930381
10.01,10,0.17,10,6940418
10.01,10,0.17,10,6950393
10.01,10,0.17,10,6960394
10.01,10,0.17,10,6970388
10.01,10,0.17,10,6980360
10.01,10,0.17,10,6990394
10.01,10,0.17,10,7000403
10.01,10,0.17,10,7010387
10.01,10,0.17,10,7020431
10.03,10,0.17,10,7030413
10.01,10,0.17,10,7040370
10.01,10,0.17,10,7050435
10,10,0.17,10,7060394
10.02,10,0.17,10,7070383
10.02,10,0.17,10,7080423
10.01,10,0.17,10,7090436
10.02,10,0.17,10,7100434
10,10,0.17,10,7110437
10.01,10,0.17,10,7120439
10,10,0.17,10,7130455
10.01,10,0.17,10,7140400
10,10,0.17,10,7150440
10.01,10,0.17,10,7160423
9.99,10,0.17,10,7170384
10,10,0.17,10,7180438
10,10,0.17,10,7190415
10.01,10,0.17,10,7200408
10,10,0.17,10,7210417
10,10,0.17,10,7220394
9.99,10,0.17,10,7230353
10.01,10,0.17,10,7240414
9.99,10,0.17,10,7250368
9.99,10,0.17,10,7260375
9.99,10,0.17,10,7270428
9.99,10,0.17,10,7280433
9.98,10,0.17,10,7290407
10,10,0.17,10,7300415
10,10,0.17,10,7310396
10.01,10,0.17,10,7320445
10,10,0.17,10,7330430
10.01,10,0.17,10,7340405
10,10,0.17,10,7350426
10,10,0.17,10,7360438
10.01,10,0.17,10,7370448
10.01,10,0.17,10,7380428
10.01,10,0.17,10,7390406
10,10,0.17,10,7400408
9.99,10,0.17,10,7410395
9.99,10,0.17,10,7420391
9.99,10,0.17,10,7430415
10,10,0.17,10,7440380
9.99,10,0.17,10,7450400
10,10,0.17,10,7460359
10.01,10,0.17,10,7470430
10,10,0.17,10,7480392
10,10,0.17,10,7490431
10.01,10,0.17,10,7500392
10,10,0.17,10,7510400
10.01,10,0.17,10,7520426
10.01,10,0.17,10,7530447
10.01,10,0.17,10,7540449
10,10,0.17,10,7550477
10.02,10,0.17,10,7560419
10.01,10,0.17,10,7570416
10.01,10,0.17,10,7580443
10,10,0.17,10,7590458
10,10,0.17,10,7600365
10.01,10,0.17,10,7610409
10.01,10,0.17,10,7620382
10,10,0.17,10,7630416
10,10,0.17,10,7640374
9.99,10,0.17,10,7650406
9.99,10,0.17,10,7660353
10,10,0.17,10,7670352
10,10,0.17,10,7680392
10,10,0.17,10,7690371
10,10,0.17,10,7700389
10,10,0.17,10,7710434
10,10,0.17,10,7720402
10,10,0.17,10,7730384
10,10,0.17,10,7740424
9.99,10,0.17,10,7750414
9.99,10,0.17,10,7760412
10,10,0.17,10,7770445
9.98,10,0.17,10,7780426
9.99,10,0.17,10,7790415
9.99,10,0.17,10,7800415
9.99,10,0.17,10,7810417
9.99,10,0.17,10,7820425
10,10,0.17,10,7830385
9.99,10,0.17,10,7840396
10.01,10,0.17,10,7850390
10.02,10,0.17,10,7860393
10.01,10,0.17,10,7870381
10.01,10,0.17,10,7880371
10,10,0.17,10,7890407
10.01,10,0.17,10,7900388
10,10,0.17,10,7910351
10,10,0.17,10,7920399
10,10,0.17,10,7930423
10,10,0.17,10,7940383
9.99,10,0.17,10,7950434
10.01,10,0.17,10,7960460
10.01,10,0.17,10,7970461
10.01,10,0.17,10,7980459
10.01,10,0.17,10,7990432
10,10,0.17,10,8000457
10,10,0.17,10,8010388
10,10,0.17,10,8020421
10,10,0.17,10,8030405
10.01,10,0.17,10,8040387
10,10,0.17,10,8050395
9.99,10,0.17,10,8060420
10,10,0.17,10,8070366
10.01,10,0.17,10,8080408
10,10,0.17,10,8090383
10,10,0.17,10,8100374
9.99,10,0.17,10,8110347
10,10,0.17,10,8120390
10,10,0.17,10,8130400
10,10,0.17,10,8140388
10,10,0.17,10,8150395
10.01,10,0.17,10,8160400
10,10,0.17,10,8170420
9.99,10,0.17,10,8180409
9.99,10,0.17,10,8190424
9.62,10,0.17,10,8200395
9,10,0.17,10,8210424
8.47,10,0.17,10,8220481
7.94,10,0.17,10,8230402
7.48,10,0.17,10,8240414
7.05,10,0.18,10,8250438
6.68,10,0.18,10,8260399
6.32,10,0.18,10,8270393
6.02,10,0.18,10,8280371
5.77,10,0.19,10,8290365
5.51,10,0.19,10,8300378
5.31,10,0.19,10,8310350
5.14,10,0.2,10,8320427
4.96,10,0.2,10,8330350
4.83,10,0.2,10,8340406
4.73,10,0.21,10,8350407
4.6,10,0.21,10,8360406
4.51,10,0.21,10,8370377
4.44,10,0.22,10,8380401
4.39,10,0.22,10,8390416
4.34,10,0.22,10,8400401
4.31,10,0.23,10,8410360
4.29,10,0.23,10,8420454
4.27,10,0.23,10,8430450
4.27,10,0.24,10,8440436
4.27,10,0.24,10,8450434
4.28,10,0.24,10,8460406
4.29,10,0.25,10,8470445
4.3,10,0.25,10,8480340
4.33,10,0.25,10,8490389
4.36,10,0.26,10,8500363
4.4,10,0.26,10,8510368
4.45,10,0.26,10,8520351
4.48,10,0.27,10,8530381
4.54,10,0.27,10,8540408
4.6,10,0.27,10,8550391
4.67,10,0.28,10,8560415
4.73,10,0.28,10,8570410
4.78,10,0.28,10,8580414
4.85,10,0.29,10,8590393
4.9,10,0.29,10,8600407
4.97,10,0.29,10,8610431
5.02,10,0.3,10,8620434
5.12,10,0.3,10,8630419
5.19,10,0.3,10,8640463
5.26,10,0.3,10,8650457
5.32,10,0.31,10,8660481
5.41,10,0.31,10,8670424
5.48,10,0.31,10,8680320
5.55,10,0.32,10,8690446
5.64,10,0.32,10,8700374
5.73,10,0.32,10,8710394
5.79,10,0.32,10,8720370
5.86,10,0.33,10,8730384
5.91,10,0.33,10,8740442
6,10,0.33,10,8750377
6.09,10,0.33,10,8760369
6.17,10,0.33,10,8770372
6.26,10,0.34,10,8780397
6.32,10,0.34,10,8790406
6.41,10,0.34,10,8800380
6.48,10,0.34,10,8810404
6.53,10,0.35,10,8820392
6.61,10,0.35,10,8830418
6.71,10,0.35,10,8840462
6.81,10,0.35,10,8850468
6.86,10,0.35,10,8860421
6.92,10,0.36,10,8870430
6.98,10,0.36,10,8880419
7.04,10,0.36,10,8890425
7.1,10,0.36,10,8900453
7.18,10,0.36,0,8910371
7.28,10,0.36,0,8920372
7.33,10,0.37,0,8930401
7.37,10,0.37,0,8940364
7.43,10,0.37,0,8950428
7.49,10,0.37,0,8960349
7.55,10,0.37,0,8970397
7.6,10,0.37,0,8980405
7.67,10,0.37,0,8990400
7.72,10,0.38,0,9000415
7.79,10,0.38,0,9010425
7.85,10,0.38,0,9020394
7.9,10,0.38,0,9030414
7.93,10,0.38,0,9040407
7.96,10,0.38,0,9050457
8.03,10,0.38,0,9060433
8.08,10,0.38,0,9070460
8.12,10,0.39,0,9080466
8.17,10,0.39,0,9090318
8.22,10,0.39,0,9100393
8.28,10,0.39,0,9110447
8.32,10,0.39,0,9120427
8.38,10,0.39,0,9130382
8.42,10,0.39,0,9140409
8.47,10,0.39,0,9150367
8.49,10,0.39,0,9160415
8.53,10,0.39,0,9170419
8.56,10,0.4,0,9180417
8.59,10,0.4,0,9190308
8.63,10,0.4,0,9200401
8.68,10,0.4,0,9210386
8.71,10,0.4,0,9220422
8.73,10,0.4,0,9230398
8.77,10,0.4,0,9240378
8.78,10,0.4,0,9250440
8.81,10,0.4,0,9260451
8.84,10,0.4,0,9270409
8.9,10,0.4,0,9280462
8.93,10,0.4,0,9290405
8.97,10,0.4,0,9300423
8.99,10,0.4,0,9310488
9.01,10,0.4,0,9320423
9.03,10,0.41,0,9330369
9.06,10,0.41,0,9340341
9.08,10,0.41,0,9350429
9.1,10,0.41,0,9360355
9.12,10,0.41,0,9370347
9.14,10,0.41,0,9380393
9.17,10,0.41,0,9390372
9.18,10,0.41,0,9400363
9.19,10,0.41,0,9410369
9.21,10,0.41,0,9420378
9.23,10,0.41,0,9430396
9.27,10,0.41,0,9440393
9.28,10,0.41,0,9450434
9.29,10,0.41,0,9460397
9.32,10,0.41,0,9470413
9.33,10,0.41,0,9480416
9.35,10,0.41,0,9490397
9.37,10,0.41,0,9500457
9.39,10,0.41,0,9510432
9.42,10,0.41,0,9520443
9.45,10,0.41,0,9530451
9.49,10,0.41,0,9540468
9.49,10,0.42,0,9550434
9.52,10,0.42,0,9560429
9.54,10,0.42,0,9570372
9.55,10,0.42,0,9580375
9.56,10,0.42,0,9590356
9.57,10,0.42,0,9600378
9.58,10,0.42,0,9610405
9.59,10,0.42,0,9620401
9.59,10,0.42,0,9630374
9.6,10,0.42,0,9640386
9.6,10,0.42,0,9650384
9.61,10,0.42,0,9660381
9.63,10,0.42,0,9670381
9.64,10,0.42,0,9680414
9.66,10,0.42,0,9690402
9.65,10,0.42,0,9700408
9.66,10,0.42,0,9710444
9.66,10,0.42,0,9720426
9.67,10,0.42,0,9730438
9.68,10,0.42,0,9740425
9.69,10,0.42,0,9750424
9.7,10,0.42,0,9760400
9.7,10,0.42,0,9770428
9.71,10,0.42,0,9780404
9.73,10,0.42,0,9790428
9.73,10,0.42,0,9800370
9.73,10,0.42,0,9810378
9.74,10,0.42,0,9820405
9.75,10,0.42,0,9830326
9.75,10,0.42,0,9840349
9.76,10,0.42,0,9850402
9.76,10,0.42,0,9860400
9.77,10,0.42,0,9870432
9.77,10,0.42,0,9880427
9.78,10,0.42,0,9890354
9.78,10,0.42,0,9900428
9.78,10,0.42,0,9910401
9.79,10,0.42,0,9920425
9.79,10,0.42,0,9930399
9.8,10,0.42,0,9940432
9.8,10,0.42,0,9950438
9.8,10,0.42,0,9960418
9.8,10,0.42,0,9970441
9.8,10,0.42,0,9980410
9.81,10,0.42,0,9990471
9.82,10,0.42,0,10000449
9.82,10,0.42,0,10010355
9.83,10,0.42,0,10020414
9.82,10,0.42,0,10030401
9.84,10,0.42,0,10040380
9.83,10,0.42,0,10050406
9.84,10,0.42,0,10060378
9.84,10,0.42,0,10070369
9.85,10,0.42,0,10080371
9.85,10,0.42,0,10090402
9.85,10,0.42,0,10100397
9.85,10,0.42,0,10110418
9.86,10,0.42,0,10120396
9.86,10,0.42,0,10130404
9.87,10,0.42,0,10140385
9.87,10,0.42,0,10150459
9.88,10,0.42,0,10160472
9.87,10,0.42,0,10170403
9.89,10,0.42,0,10180457
9.88,10,0.42,0,10190428
9.88,10,0.42,0,10200463
9.89,10,0.42,0,10210442
9.9,10,0.42,0,10220398
9.89,10,0.43,0,10230384
9.9,10,0.43,0,10240387
9.92,10,0.43,0,10250401
9.91,10,0.43,0,10260358
9.91,10,0.43,0,10270375
9.92,10,0.43,0,10280345
9.91,10,0.43,0,10290397
9.91,10,0.43,0,10300371
9.93,10,0.43,0,10310371
9.91,10,0.43,0,10320312
9.92,10,0.43,0,10330381
9.92,10,0.43,0,10340403
9.96,10,0.43,0,10350442
9.92,10,0.43,0,10360409
9.93,10,0.43,0,10370428
9.93,10,0.43,0,10380476
9.95,10,0.43,0,10390416
9.93,10,0.43,0,10400453
9.94,10,0.43,0,10410440
9.93,10,0.43,0,10420397
9.94,10,0.43,0,10430451
9.94,10,0.43,0,10440422
9.94,10,0.43,0,10450427
9.96,10,0.43,0,10460386
9.95,10,0.43,0,10470373
9.95,10,0.43,0,10480373
9.94,10,0.43,0,10490375
9.95,10,0.43,0,10500379
9.96,10,0.43,0,10510413
9.95,10,0.43,0,10520381
9.95,10,0.43,0,10530386
9.97,10,0.43,0,10540417
9.97,10,0.43,0,10550399
9.96,10,0.43,0,10560370
9.96,10,0.43,0,10570424
9.96,10,0.43,0,10580414
9.96,10,0.43,0,10590448
9.97,10,0.43,0,10600446
9.97,10,0.43,0,10610456
9.96,10,0.43,0,10620441
9.96,10,0.43,0,10630464
9.96,10,0.43,0,10640432
9.98,10,0.43,0,10650435
9.97,10,0.43,0,10660430
9.98,10,0.43,0,10670386
9.98,10,0.43,0,10680362
9.97,10,0.43,0,10690354
9.97,10,0.43,0,10700364
9.97,10,0.43,0,10710395
9.97,10,0.43,0,10720418
9.97,10,0.43,0,10730394
9.97,10,0.43,0,10740419
9.98,10,0.43,0,10750389
9.97,10,0.43,0,10760413
9.96,10,0.43,0,10770429
9.98,10,0.43,0,10780373
9.97,10,0.43,0,10790410
9.98,10,0.43,0,10800413
9.97,10,0.43,0,10810424
9.97,10,0.43,0,10820441
9.96,10,0.43,0,10830434
9.97,10,0.43,0,10840413
9.98,10,0.43,0,10850437
9.97,10,0.43,0,10860422
9.98,10,0.43,0,10870438
9.99,10,0.43,0,10880400
9.99,10,0.43,0,10890377
9.99,10,0.43,0,10900378
9.98,10,0.43,0,10910413
9.99,10,0.43,0,10920365
10,10,0.43,0,10930402
9.98,10,0.43,0,10940385
9.98,10,0.43,0,10950396
9.98,10,0.43,0,10960383
9.99,10,0.43,0,10970403
10.01,10,0.43,0,10980404
10,10,0.43,0,10990418
9.99,10,0.43,0,11000397
9.99,10,0.43,0,11010397
9.98,10,0.43,0,11020406
9.99,10,0.43,0,11030435
9.98,10,0.43,0,11040452
9.99,10,0.43,0,11050453
9.99,10,0.43,0,11060471
9.99,10,0.43,0,11070455
10,10,0.43,0,11080372
9.99,10,0.43,0,11090468
9.99,10,0.43,0,11100461
10,10,0.43,0,11110409
9.99,10,0.43,0,11120356
9.99,10,0.43,0,11130384
9.99,10,0.43,0,11140387
9.99,10,0.43,0,11150391
9.98,10,0.43,0,11160373
9.98,10,0.43,0,11170418
10,10,0.43,0,11180378
9.99,10,0.43,0,11190393
9.99,10,0.43,0,11200394
9.99,10,0.43,0,11210397
9.99,10,0.43,0,11220400
9.99,10,0.43,0,11230380
10,10,0.43,0,11240427
9.99,10,0.43,0,11250403
10,10,0.43,0,11260420
10,10,0.43,0,11270456
9.99,10,0.43,0,11280456
9.99,10,0.43,0,11290477
9.99,10,0.43,0,11300417
9.99,10,0.43,0,11310413
9.99,10,0.43,0,11320468
10,10,0.43,0,11330391
9.99,10,0.43,0,11340385
10,10,0.43,0,11350393
10,10,0.43,0,11360399
9.99,10,0.43,0,11370354
9.99,10,0.43,0,11380406
9.99,10,0.43,0,11390422
9.99,10,0.43,0,11400390
9.99,10,0.43,0,11410256
9.99,10,0.43,0,11420384
9.99,10,0.43,0,11430386
9.99,10,0.43,0,11440436
10,10,0.43,0,11450401
10,10,0.43,0,11460426
10,10,0.43,0,11470431
9.99,10,0.43,0,11480439
9.99,10,0.43,0,11490432
9.98,10,0.43,0,11500436
9.99,10,0.43,0,11510424
9.99,10,0.43,0,11520444
10,10,0.43,0,11530418
9.99,10,0.43,0,11540445
9.99,10,0.43,0,11550382
10,10,0.43,0,11560435
10,10,0.43,0,11570367
9.99,10,0.43,0,11580359
10,10,0.43,0,11590435
10,10,0.43,0,11600403
9.99,10,0.43,0,11610363
10,10,0.43,0,11620376
10,10,0.43,0,11630392
10.01,10,0.43,0,11640394
9.99,10,0.43,0,11650436
9.99,10,0.43,0,11660412
10,10,0.43,0,11670383
10,10,0.43,0,11680441
10.01,10,0.43,0,11690452
10.01,10,0.43,0,11700411
10,10,0.43,0,11710404
10,10,0.43,0,11720456
10.01,10,0.43,0,11730397
9.98,10,0.43,0,11740452
10,10,0.43,0,11750433
10,10,0.43,0,11760407
10,10,0.43,0,11770367
10,10,0.43,0,11780326
9.99,10,0.43,0,11790270
10.01,10,0.43,0,11800342
10.01,10,0.43,0,11810388
10,10,0.43,0,11820390
10.01,10,0.43,0,11830384
10,10,0.43,0,11840402
10,10,0.43,0,11850362
10,10,0.43,0,11860396
9.98,10,0.43,0,11870403
10,10,0.43,0,11880375
10,10,0.43,0,11890406
10,10,0.43,0,11900434
10.01,10,0.43,0,11910483
10,10,0.43,0,11920461
10.02,10,0.43,0,11930421
10.01,10,0.43,0,11940463
9.99,10,0.43,0,11950401
9.99,10,0.43,0,11960396
9.99,10,0.43,0,11970413
10,10,0.43,0,11980431
10,10,0.43,0,11990382
10,10,0.43,0,12000363
10,10,0.43,0,12010392
10,10,0.43,0,12020401
9.99,10,0.43,0,12030392
10,10,0.43,0,12040367
9.98,10,0.43,0,12050421
9.98,10,0.43,0,12060379
9.99,10,0.43,0,12070370
10,10,0.43,0,12080403
10,10,0.43,0,12090383
10,10,0.43,0,12100437
10,10,0.43,0,12110422
9.99,10,0.43,0,12120389
10,10,0.43,0,12130470
10,10,0.43,0,12140477
9.99,10,0.43,0,12150442
10.01,10,0.43,0,12160466
10,10,0.43,0,12170453
10,10,0.43,0,12180449
10,10,0.43,0,12190400
10.01,10,0.43,0,12200367
10.02,10,0.43,0,12210416
10.02,10,0.43,0,12220420
10.02,10,0.43,0,12230360
10.01,10,0.43,0,12240386
9.99,10,0.43,0,12250400
10,10,0.43,0,12260409
9.99,10,0.43,0,12270413
10.01,10,0.43,0,12280384
10.41,10,0.43,0,12290417
11.08,10,0.43,0,12300381
11.71,10,0.42,0,12310394
12.31,10,0.42,0,12320392
12.87,10,0.42,0,12330389
13.37,10,0.42,0,12340430
13.84,10,0.42,0,12350449
14.24,10,0.41,0,12360451
14.67,10,0.41,0,12370421
14.95,10,0.41,0,12380360
15.28,10,0.4,0,12390425
15.51,10,0.4,0,12400450
15.72,10,0.4,0,12410425
15.97,10,0.39,0,12420421
16.11,10,0.39,0,12430402
16.24,10,0.38,0,12440386
16.35,10,0.38,0,12450427
16.47,10,0.38,0,12460393
16.53,10,0.37,0,12470338
16.59,10,0.37,0,12480413
16.63,10,0.36,0,12490304
16.63,10,0.36,0,12500377
16.64,10,0.36,0,12510394
16.62,10,0.35,0,12520426
16.61,10,0.35,0,12530410
16.57,10,0.34,0,12540402
16.53,10,0.34,0,12550416
16.48,10,0.34,0,12560449
16.39,10,0.33,0,12570423
16.31,10,0.33,0,12580434
16.24,10,0.32,0,12590414
16.17,10,0.32,0,12600422
16.11,10,0.32,0,12610394
16.04,10,0.31,0,12620461
15.92,10,0.31,0,12630446
15.77,10,0.31,0,12640359
15.67,10,0.3,0,12650430
15.59,10,0.3,0,12660378
15.48,10,0.3,0,12670354
15.4,10,0.29,0,12680379
15.31,10,0.29,0,12690388
15.18,10,0.29,0,12700382
15.05,10,0.28,0,12710445
14.98,10,0.28,0,12720374
14.88,10,0.28,0,12730380
14.77,10,0.28,0,12740416
14.7,10,0.27,0,12750378
14.59,10,0.27,0,12760377
14.45,10,0.27,0,12770415
14.32,10,0.26,0,12780423
14.24,10,0.26,0,12790434
14.14,10,0.26,0,12800458
14.07,10,0.26,0,12810421
13.97,10,0.25,0,12820418
13.88,10,0.25,0,12830445
13.74,10,0.25,0,12840383
13.66,10,0.25,0,12850459
13.57,10,0.25,0,12860378
13.46,10,0.24,0,12870391
13.37,10,0.24,0,12880397
13.3,10,0.24,0,12890404
13.24,10,0.24,0,12900422
13.12,10,0.24,0,12910354
13.04,10,0.23,0,12920390
12.95,10,0.23,0,12930345
12.9,10,0.23,0,12940405
12.83,10,0.23,0,12950425
12.77,10,0.23,0,12960353
12.69,10,0.23,0,12970397
12.62,10,0.22,0,12980393
12.53,10,0.22,0,12990364
12.44,10,0.22,10,13000446
12.37,10,0.22,10,13010415
12.33,10,0.22,10,13020462
12.26,10,0.22,10,13030433
12.22,10,0.22,10,13040418
12.17,10,0.21,10,13050434
12.11,10,0.21,10,13060431
12.05,10,0.21,10,13070452
12.02,10,0.21,10,13080351
11.96,10,0.21,10,13090390
11.87,10,0.21,10,13100385
11.82,10,0.21,10,13110397
11.79,10,0.21,10,13120349
11.74,10,0.21,10,13130388
11.66,10,0.2,10,13140405
11.62,10,0.2,10,13150366
11.56,10,0.2,10,13160386
11.52,10,0.2,10,13170426
11.49,10,0.2,10,13180413
11.45,10,0.2,10,13190390
11.42,10,0.2,10,13200437
11.38,10,0.2,10,13210406
11.36,10,0.2,10,13220418
11.3,10,0.2,10,13230429
11.27,10,0.2,10,13240397
11.24,10,0.2,10,13250467
11.2,10,0.19,10,13260454
11.16,10,0.19,10,13270436
11.12,10,0.19,10,13280411
11.09,10,0.19,10,13290368
11.07,10,0.19,10,13300395
11.06,10,0.19,10,13310371
11.03,10,0.19,10,13320381
11,10,0.19,10,13330385
10.96,10,0.19,10,13340401
10.94,10,0.19,10,13350429
10.92,10,0.19,10,13360371
10.91,10,0.19,10,13370404
10.88,10,0.19,10,13380408
10.87,10,0.19,10,13390453
10.84,10,0.19,10,13400405
10.82,10,0.19,10,13410437
10.8,10,0.19,10,13420403
10.78,10,0.18,10,13430391
10.77,10,0.18,10,13440453
10.74,10,0.18,10,13450431
10.71,10,0.18,10,13460440
10.69,10,0.18,10,13470472
10.66,10,0.18,10,13480407
10.63,10,0.18,10,13490444
10.61,10,0.18,10,13500441
10.59,10,0.18,10,13510386
10.57,10,0.18,10,13520366
10.55,10,0.18,10,13530426
10.53,10,0.18,10,13540393
10.51,10,0.18,10,13550389
10.49,10,0.18,10,13560405
10.48,10,0.18,10,13570431
10.47,10,0.18,10,13580352
10.44,10,0.18,10,13590379
10.44,10,0.18,10,13600432
10.42,10,0.18,10,13610362
10.41,10,0.18,10,13620377
10.39,10,0.18,10,13630396
10.38,10,0.18,10,13640430
10.37,10,0.18,10,13650404
10.37,10,0.18,10,13660446
10.35,10,0.18,10,13670415
10.34,10,0.18,10,13680409
10.33,10,0.18,10,13690441
10.33,10,0.18,10,13700431
10.31,10,0.18,10,13710436
10.31,10,0.18,10,13720428
10.31,10,0.18,10,13730340
10.3,10,0.18,10,13740353
10.3,10,0.18,10,13750407
10.3,10,0.18,10,13760388
10.29,10,0.18,10,13770420
10.29,10,0.18,10,13780391
10.28,10,0.18,10,13790396
10.28,10,0.18,10,13800400
10.28,10,0.17,10,13810399
10.27,10,0.17,10,13820408
10.26,10,0.17,10,13830295
10.25,10,0.17,10,13840388
10.25,10,0.17,10,13850391
10.24,10,0.17,10,13860412
10.24,10,0.17,10,13870444
10.23,10,0.17,10,13880452
10.22,10,0.17,10,13890447
10.22,10,0.17,10,13900418
10.2,10,0.17,10,13910402
10.2,10,0.17,10,13920454
10.2,10,0.17,10,13930390
10.18,10,0.17,10,13940347
10.18,10,0.17,10,13950460
10.18,10,0.17,10,13960378
10.18,10,0.17,10,13970368
10.17,10,0.17,10,13980408
10.17,10,0.17,10,13990373
10.17,10,0.17,10,14000398
10.17,10,0.17,10,14010419
10.16,10,0.17,10,14020417
10.17,10,0.17,10,14030398
10.16,10,0.17,10,14040400
10.16,10,0.17,10,14050417
10.16,10,0.17,10,14060388
10.16,10,0.17,10,14070412
10.15,10,0.17,10,14080407
10.15,10,0.17,10,14090450
10.14,10,0.17,10,14100457
10.15,10,0.17,10,14110424
10.14,10,0.17,10,14120456
10.14,10,0.17,10,14130446
10.13,10,0.17,10,14140406
10.13,10,0.17,10,14150397
10.14,10,0.17,10,14160410
10.12,10,0.17,10,14170444
10.13,10,0.17,10,14180336
10.11,10,0.17,10,14190385
10.12,10,0.17,10,14200408
10.11,10,0.17,10,14210362
10.11,10,0.17,10,14220390
10.1,10,0.17,10,14230428
10.1,10,0.17,10,14240406
10.09,10,0.17,10,14250394
10.1,10,0.17,10,14260407
10.09,10,0.17,10,14270427
10.09,10,0.17,10,14280387
10.08,10,0.17,10,14290437
10.08,10,0.17,10,14300436
10.09,10,0.17,10,14310399
10.08,10,0.17,10,14320416
10.09,10,0.17,10,14330376
10.07,10,0.17,10,14340481
10.08,10,0.17,10,14350431
10.08,10,0.17,10,14360443
10.06,10,0.17,10,14370408
10.07,10,0.17,10,14380398
10.07,10,0.17,10,14390376
10.07,10,0.17,10,14400364
10.07,10,0.17,10,14410399
10.06,10,0.17,10,14420430
10.06,10,0.17,10,14430372
10.05,10,0.17,10,14440354
10.06,10,0.17,10,14450394
10.06,10,0.17,10,14460426
10.06,10,0.17,10,14470429
10.06,10,0.17,10,14480433
10.06,10,0.17,10,14490397
10.06,10,0.17,10,14500439
10.05,10,0.17,10,14510292
10.05,10,0.17,10,14520398
10.05,10,0.17,10,14530417
10.04,10,0.17,10,14540428
10.05,10,0.17,10,14550457
10.05,10,0.17,10,14560428
10.05,10,0.17,10,14570459
10.04,10,0.17,10,14580463
10.04,10,0.17,10,14590433
10.05,10,0.17,10,14600413
10.03,10,0.17,10,14610372
10.04,10,0.17,10,14620408
10.03,10,0.17,10,14630406
10.03,10,0.17,10,14640359
10.04,10,0.17,10,14650403
10.03,10,0.17,10,14660400
10.03,10,0.17,10,14670363
10.04,10,0.17,10,14680364
10.03,10,0.17,10,14690388
10.04,10,0.17,10,14700383
10.04,10,0.17,10,14710376
10.03,10,0.17,10,14720371
10.03,10,0.17,10,14730405
10.02,10,0.17,10,14740430
10.03,10,0.17,10,14750443
10.03,10,0.17,10,14760465
10.03,10,0.17,10,14770456
10.01,10,0.17,10,14780492
10.03,10,0.17,10,14790432
10.03,10,0.17,10,14800428
10.02,10,0.17,10,14810453
10.02,10,0.17,10,14820451
10.02,10,0.17,10,14830443
10.01,10,0.17,10,14840397
10.02,10,0.17,10,14850396
10.02,10,0.17,10,14860399
10.01,10,0.17,10,14870434
10.01,10,0.17,10,14880381
10.01,10,0.17,10,14890407
10,10,0.17,10,14900353
10,10,0.17,10,14910418
10.01,10,0.17,10,14920405
10.01,10,0.17,10,14930363
10.01,10,0.17,10,14940394
10.01,10,0.17,10,14950398
10.01,10,0.17,10,14960404
10.01,10,0.17,10,14970461
10.02,10,0.17,10,14980441
10,10,0.17,10,14990423
10.01,10,0.17,10,15000436
10.01,10,0.17,10,15010467
10.01,10,0.17,10,15020424
10.01,10,0.17,10,15030407
10.02,10,0.17,10,15040410
10.01,10,0.17,10,15050395
10.02,10,0.17,10,15060376
10.01,10,0.17,10,15070419
10.01,10,0.17,10,15080362
10,10,0.17,10,15090394
10.02,10,0.17,10,15100368
10.01,10,0.17,10,15110400
10.01,10,0.17,10,15120341
10.02,10,0.17,10,15130319
10.01,10,0.17,10,15140415
10.01,10,0.17,10,15150399
10.01,10,0.17,10,15160398
10.01,10,0.17,10,15170357
10.02,10,0.17,10,15180446
10.01,10,0.17,10,15190432
10,10,0.17,10,15200493
10,10,0.17,10,15210433
10.01,10,0.17,10,15220470
10.01,10,0.17,10,15230458
10.02,10,0.17,10,15240401
10.02,10,0.17,10,15250414
10.01,10,0.17,10,15260384
10.03,10,0.17,10,15270405
10.02,10,0.17,10,15280371
10.02,10,0.17,10,15290400
10.01,10,0.17,10,15300414
10.02,10,0.17,10,15310337
10.01,10,0.17,10,15320407
10.02,10,0.17,10,15330398
10.02,10,0.17,10,15340399
10,10,0.17,10,15350382
10.02,10,0.17,10,15360421
10,10,0.17,10,15370383
10.01,10,0.17,10,15380368
10.01,10,0.17,10,15390423
10,10,0.17,10,15400452
10,10,0.17,10,15410413
10,10,0.17,10,15420461
9.99,10,0.17,10,15430459
9.99,10,0.17,10,15440456
10,10,0.17,10,15450468
10.01,10,0.17,10,15460440
10.01,10,0.17,10,15470404
10,10,0.17,10,15480350
10,10,0.17,10,15490484
10,10,0.17,10,15500384
10,10,0.17,10,15510382
10,10,0.17,10,15520402
10,10,0.17,10,15530356
10.01,10,0.17,10,15540387
9.99,10,0.17,10,15550394
9.99,10,0.17,10,15560362
10,10,0.17,10,15570389
10,10,0.17,10,15580384
9.99,10,0.17,10,15590439
9.98,10,0.17,10,15600433
10,10,0.17,10,15610414
10,10,0.17,10,15620443
10.01,10,0.17,10,15630375
10,10,0.17,10,15640429
10,10,0.17,10,15650449
9.99,10,0.17,10,15660450
10,10,0.17,10,15670479
10,10,0.17,10,15680395
10,10,0.17,10,15690456
10,10,0.17,10,15700431
10.01,10,0.17,10,15710376
10.01,10,0.17,10,15720412
10,10,0.17,10,15730398
10.01,10,0.17,10,15740357
10,10,0.17,10,15750415
10,10,0.17,10,15760387
10,10,0.17,10,15770381
10,10,0.17,10,15780399
10,10,0.17,10,15790353
9.99,10,0.17,10,15800410
10,10,0.17,10,15810414
9.98,10,0.17,10,15820394
10.01,10,0.17,10,15830391
10,10,0.17,10,15840396
10,10,0.17,10,15850454
10,10,0.17,10,15860411
10,10,0.17,10,15870439
10,10,0.17,10,15880411
10,10,0.17,10,15890401
10.01,10,0.17,10,15900451
10,10,0.17,10,15910447
10,10,0.17,10,15920458
9.98,10,0.17,10,15930420
10.01,10,0.17,10,15940411
10,10,0.17,10,15950408
9.99,10,0.17,10,15960388
10.01,10,0.17,10,15970410
10,10,0.17,10,15980399
10.01,10,0.17,10,15990363
10,10,0.17,10,16000425
10,10,0.17,10,16010350
10,10,0.17,10,16020426
10,10,0.17,10,16030403
9.99,10,0.17,10,16040383
10,10,0.17,10,16050410
10,10,0.17,10,16060383
10,10,0.17,10,16070423
10.01,10,0.17,10,16080453
9.99,10,0.17,10,16090473
10.01,10,0.17,10,16100461
9.99,10,0.17,10,16110395
10.01,10,0.17,10,16120421
9.99,10,0.17,10,16130445
10,10,0.17,10,16140393
10.01,10,0.17,10,16150367
10,10,0.17,10,16160385
10.01,10,0.17,10,16170369
10.01,10,0.17,10,16180362
9.99,10,0.17,10,16190390
10,10,0.17,10,16200398
10,10,0.17,10,16210362
9.99,10,0.17,10,16220401
10,10,0.17,10,16230372
9.99,10,0.17,10,16240404
10,10,0.17,10,16250425
10,10,0.17,10,16260419
10.01,10,0.17,10,16270409
10.01,10,0.17,10,16280462
10.01,10,0.17,10,16290404
10.01,10,0.17,10,16300428
9.99,10,0.17,10,16310450
10,10,0.17,10,16320412
10.01,10,0.17,10,16330416
10.01,10,0.17,10,16340453
10.01,10,0.17,10,16350383
10.01,10,0.17,10,16360376
9.99,10,0.17,10,16370407
9.98,10,0.17,10,16380341
9.62,10,0.17,10,16390377
9.01,10,0.17,10,16400354
8.47,10,0.17,10,16410416
7.93,10,0.17,10,16420406
7.48,10,0.17,10,16430405
7.06,10,0.18,10,16440377
6.69,10,0.18,10,16450423
6.33,10,0.18,10,16460401
6.01,10,0.18,10,16470403
5.76,10,0.19,10,16480422
5.51,10,0.19,10,16490422
5.31,10,0.19,10,16500404
5.14,10,0.2,10,16510455
4.96,10,0.2,10,16520465
4.84,10,0.2,10,16530413
4.73,10,0.21,10,16540447
4.61,10,0.21,10,16550405
4.52,10,0.21,10,16560414
4.45,10,0.22,10,16570495
4.39,10,0.22,10,16580453
4.33,10,0.22,10,16590385
4.3,10,0.23,10,16600380
4.29,10,0.23,10,16610408
4.28,10,0.23,10,16620407
4.27,10,0.24,10,16630401
4.27,10,0.24,10,16640370
4.28,10,0.24,10,16650356
4.29,10,0.25,10,16660342
4.3,10,0.25,10,16670419
4.32,10,0.25,10,16680372
4.36,10,0.26,10,16690413
4.41,10,0.26,10,16700429
4.45,10,0.26,10,16710412
4.48,10,0.27,10,16720426
4.54,10,0.27,10,16730324
4.6,10,0.27,10,16740485
4.67,10,0.28,10,16750466
4.73,10,0.28,10,16760415
4.79,10,0.28,10,16770468
4.85,10,0.29,10,16780381
4.9,10,0.29,10,16790324
4.96,10,0.29,10,16800472
5.03,10,0.3,10,16810405
5.12,10,0.3,10,16820386
5.2,10,0.3,10,16830409
5.27,10,0.3,10,16840316
5.32,10,0.31,10,16850423
5.42,10,0.31,10,16860428
5.48,10,0.31,10,16870400
5.55,10,0.32,10,16880396
5.64,10,0.32,10,16890371
5.73,10,0.32,10,16900412
5.8,10,0.32,10,16910411
5.87,10,0.33,10,16920432
5.92,10,0.33,10,16930412
6,10,0.33,10,16940429
6.09,10,0.33,10,16950439
6.19,10,0.33,10,16960431
6.26,10,0.34,10,16970408
6.32,10,0.34,10,16980370
6.41,10,0.34,10,16990458
6.48,10,0.34,10,17000455
6.54,10,0.35,10,17010462
6.62,10,0.35,10,17020361
6.72,10,0.35,10,17030399
6.81,10,0.35,10,17040373
6.87,10,0.35,10,17050371
6.92,10,0.36,10,17060410
6.98,10,0.36,10,17070359
7.05,10,0.36,10,17080411
7.11,10,0.36,10,17090410
7.18,10,0.36,0,17100385
7.27,10,0.36,0,17110357
7.33,10,0.37,0,17120372
7.38,10,0.37,0,17130385
7.43,10,0.37,0,17140405
7.49,10,0.37,0,17150437
7.55,10,0.37,0,17160408
7.61,10,0.37,0,17170440
7.67,10,0.37,0,17180444
7.74,10,0.38,0,17190462
7.8,10,0.38,0,17200463
7.85,10,0.38,0,17210477
7.9,10,0.38,0,17220459
7.93,10,0.38,0,17230415
7.97,10,0.38,0,17240375
8.04,10,0.38,0,17250399
8.08,10,0.38,0,17260383
8.13,10,0.39,0,17270362
8.17,10,0.39,0,17280397
8.21,10,0.39,0,17290395
8.29,10,0.39,0,17300372
8.32,10,0.39,0,17310432
8.37,10,0.39,0,17320356
8.41,10,0.39,0,17330381
8.45,10,0.39,0,17340394
8.5,10,0.39,0,17350395
8.54,10,0.39,0,17360381
8.57,10,0.39,0,17370392
8.61,10,0.4,0,17380446
8.63,10,0.4,0,17390468
8.68,10,0.4,0,17400459
8.71,10,0.4,0,17410459
8.73,10,0.4,0,17420454
8.76,10,0.4,0,17430430
8.78,10,0.4,0,17440416
8.81,10,0.4,0,17450422
8.83,10,0.4,0,17460362
8.88,10,0.4,0,17470375
8.93,10,0.4,0,17480395
8.97,10,0.4,0,17490403
8.99,10,0.4,0,17500370
9.01,10,0.4,0,17510357
9.03,10,0.41,0,17520381
9.04,10,0.41,0,17530362
9.08,10,0.41,0,17540410
9.1,10,0.41,0,17550388
9.12,10,0.41,0,17560381
9.14,10,0.41,0,17570419
9.16,10,0.41,0,17580415
9.18,10,0.41,0,17590393
9.19,10,0.41,0,17600439
9.2,10,0.41,0,17610391
9.23,10,0.41,0,17620443
9.26,10,0.41,0,17630406
9.27,10,0.41,0,17640421
9.29,10,0.41,0,17650385
9.31,10,0.41,0,17660407
9.33,10,0.41,0,17670464
9.35,10,0.41,0,17680389
9.35,10,0.41,0,17690427
9.39,10,0.41,0,17700407
9.42,10,0.41,0,17710394
9.44,10,0.41,0,17720407
9.48,10,0.41,0,17730395
9.5,10,0.41,0,17740397
9.51,10,0.42,0,17750427
9.53,10,0.42,0,17760367
9.55,10,0.42,0,17770380
9.57,10,0.42,0,17780370
9.57,10,0.42,0,17790422
9.57,10,0.42,0,17800403
9.58,10,0.42,0,17810420
9.58,10,0.42,0,17820405
9.59,10,0.42,0,17830465
9.6,10,0.42,0,17840425
9.62,10,0.42,0,17850456
9.63,10,0.42,0,17860439
9.63,10,0.42,0,17870414
9.64,10,0.42,0,17880405
9.65,10,0.42,0,17890462
9.66,10,0.42,0,17900395
9.66,10,0.42,0,17910371
9.67,10,0.42,0,17920419
9.68,10,0.42,0,17930316
9.7,10,0.42,0,17940411
9.7,10,0.42,0,17950376
9.71,10,0.42,0,17960368
9.71,10,0.42,0,17970390
9.72,10,0.42,0,17980359
9.72,10,0.42,0,17990425
9.73,10,0.42,0,18000413
9.74,10,0.42,0,18010385
9.74,10,0.42,0,18020436
9.74,10,0.42,0,18030410
9.76,10,0.42,0,18040462
9.76,10,0.42,0,18050471
9.77,10,0.42,0,18060421
9.77,10,0.42,0,18070449
9.78,10,0.42,0,18080379
9.78,10,0.42,0,18090415
9.78,10,0.42,0,18100460
9.79,10,0.42,0,18110435
9.79,10,0.42,0,18120368
9.79,10,0.42,0,18130368
9.8,10,0.42,0,18140359
9.8,10,0.42,0,18150424
9.8,10,0.42,0,18160410
9.8,10,0.42,0,18170405
9.81,10,0.42,0,18180384
9.81,10,0.42,0,18190395
9.81,10,0.42,0,18200378
9.82,10,0.42,0,18210393
9.82,10,0.42,0,18220434
9.83,10,0.42,0,18230381
9.83,10,0.42,0,18240417
9.84,10,0.42,0,18250448
9.85,10,0.42,0,18260435
9.84,10,0.42,0,18270417
9.84,10,0.42,0,18280441
9.85,10,0.42,0,18290448
9.85,10,0.42,0,18300468
9.85,10,0.42,0,18310451
9.86,10,0.42,0,18320381
9.86,10,0.42,0,18330417
9.88,10,0.42,0,18340479
9.86,10,0.42,0,18350396
9.88,10,0.42,0,18360363
9.88,10,0.42,0,18370373
9.88,10,0.42,0,18380401
9.88,10,0.42,0,18390360
9.88,10,0.42,0,18400378
9.89,10,0.43,0,18410369
9.89,10,0.43,0,18420396
9.9,10,0.43,0,18430425
9.89,10,0.43,0,18440421
9.9,10,0.43,0,18450401
9.91,10,0.43,0,18460404
9.9,10,0.43,0,18470422
9.92,10,0.43,0,18480432
9.92,10,0.43,0,18490425
9.93,10,0.43,0,18500436
9.93,10,0.43,0,18510443
9.92,10,0.43,0,18520465
9.93,10,0.43,0,18530466
9.92,10,0.43,0,18540419
9.95,10,0.43,0,18550314
9.93,10,0.43,0,18560372
9.93,10,0.43,0,18570395
9.94,10,0.43,0,18580424
9.95,10,0.43,0,18590379
9.94,10,0.43,0,18600383
9.94,10,0.43,0,18610369
9.94,10,0.43,0,18620366
9.95,10,0.43,0,18630416
9.96,10,0.43,0,18640389
9.95,10,0.43,0,18650403
9.95,10,0.43,0,18660400
9.97,10,0.43,0,18670390
9.96,10,0.43,0,18680413
9.96,10,0.43,0,18690439
9.95,10,0.43,0,18700460
9.95,10,0.43,0,18710437
9.95,10,0.43,0,18720418
9.96,10,0.43,0,18730392
9.95,10,0.43,0,18740439
9.97,10,0.43,0,18750441
9.98,10,0.43,0,18760402
9.96,10,0.43,0,18770444
9.96,10,0.43,0,18780353
9.97,10,0.43,0,18790430
9.96,10,0.43,0,18800403
9.96,10,0.43,0,18810418
9.97,10,0.43,0,18820366
9.98,10,0.43,0,18830385
9.97,10,0.43,0,18840431
9.96,10,0.43,0,18850452
9.97,10,0.43,0,18860412
9.98,10,0.43,0,18870391
9.97,10,0.43,0,18880411
9.97,10,0.43,0,18890318
9.96,10,0.43,0,18900405
9.98,10,0.43,0,18910411
9.98,10,0.43,0,18920420
9.97,10,0.43,0,18930423
9.98,10,0.43,0,18940399
9.98,10,0.43,0,18950418
9.98,10,0.43,0,18960454
9.98,10,0.43,0,18970460
9.97,10,0.43,0,18980419
9.97,10,0.43,0,18990370
9.98,10,0.43,0,19000414
9.98,10,0.43,0,19010408
9.97,10,0.43,0,19020415
9.97,10,0.43,0,19030358
9.99,10,0.43,0,19040375
9.98,10,0.43,0,19050398
9.98,10,0.43,0,19060338
9.99,10,0.43,0,19070379
9.99,10,0.43,0,19080428
9.99,10,0.43,0,19090412
9.97,10,0.43,0,19100383
9.99,10,0.43,0,19110397
9.99,10,0.43,0,19120434
9.98,10,0.43,0,19130424
9.98,10,0.43,0,19140424
9.99,10,0.43,0,19150434
10,10,0.43,0,19160471
10,10,0.43,0,19170402
9.99,10,0.43,0,19180403
9.98,10,0.43,0,19190374
10,10,0.43,0,19200441
10,10,0.43,0,19210410
10,10,0.43,0,19220384
10,10,0.43,0,19230364
9.99,10,0.43,0,19240370
10,10,0.43,0,19250406
10,10,0.43,0,19260382
10,10,0.43,0,19270385
10,10,0.43,0,19280425
10,10,0.43,0,19290378
10,10,0.43,0,19300432
9.99,10,0.43,0,19310399
9.99,10,0.43,0,19320434
10,10,0.43,0,19330412
10,10,0.43,0,19340389
9.99,10,0.43,0,19350431
10,10,0.43,0,19360429
9.99,10,0.43,0,19370412
9.99,10,0.43,0,19380486
9.99,10,0.43,0,19390429
9.99,10,0.43,0,19400468
9.98,10,0.43,0,19410426
9.99,10,0.43,0,19420408
9.99,10,0.43,0,19430376
9.98,10,0.43,0,19440404
10,10,0.43,0,19450374
10,10,0.43,0,19460370
10,10,0.43,0,19470426
9.99,10,0.43,0,19480427
10,10,0.43,0,19490389
9.99,10,0.43,0,19500368
9.98,10,0.43,0,19510426
9.99,10,0.43,0,19520427
9.98,10,0.43,0,19530399
9.99,10,0.43,0,19540443
9.97,10,0.43,0,19550419
9.99,10,0.43,0,19560393
9.99,10,0.43,0,19570468
9.99,10,0.43,0,19580442
9.98,10,0.43,0,19590462
9.99,10,0.43,0,19600376
9.98,10,0.43,0,19610402
10,10,0.43,0,19620486
9.99,10,0.43,0,19630437
9.98,10,0.43,0,19640439
9.98,10,0.43,0,19650358
9.99,10,0.43,0,19660398
9.98,10,0.43,0,19670389
9.99,10,0.43,0,19680367
9.97,10,0.43,0,19690363
9.98,10,0.43,0,19700432
9.97,10,0.43,0,19710356
9.98,10,0.43,0,19720392
9.98,10,0.43,0,19730384
9.99,10,0.43,0,19740403
9.99,10,0.43,0,19750428
10,10,0.43,0,19760428
10,10,0.43,0,19770419
9.99,10,0.43,0,19780415
10.01,10,0.43,0,19790472
10.01,10,0.43,0,19800403
9.99,10,0.43,0,19810391
10.01,10,0.43,0,19820441
10,10,0.43,0,19830365
9.99,10,0.43,0,19840417
10.01,10,0.43,0,19850429
10.01,10,0.43,0,19860381
10.02,10,0.43,0,19870351
10.01,10,0.43,0,19880315
9.99,10,0.43,0,19890385
10,10,0.43,0,19900387
9.99,10,0.43,0,19910418
10,10,0.43,0,19920371
10,10,0.43,0,19930402
10,10,0.43,0,19940386
10,10,0.43,0,19950401
10,10,0.43,0,19960387
10,10,0.43,0,19970414
10,10,0.43,0,19980424
10,10,0.43,0,19990446
9.98,10,0.43,0,20000395
9.99,10,0.43,0,20010438
9.99,10,0.43,0,20020473
10,10,0.43,0,20030417
10,10,0.43,0,20040365
10.01,10,0.43,0,20050423
10,10,0.43,0,20060421
10,10,0.43,0,20070443
10,10,0.43,0,20080445
10,10,0.43,0,20090454
10.01,10,0.43,0,20100400
10,10,0.43,0,20110357
10,10,0.43,0,20120368
10.01,10,0.43,0,20130411
10.01,10,0.43,0,20140414
10.01,10,0.43,0,20150436
10.01,10,0.43,0,20160389
10,10,0.43,0,20170368
10,10,0.43,0,20180273
10.01,10,0.43,0,20190431
10,10,0.43,0,20200431
10,10,0.43,0,20210427
9.99,10,0.43,0,20220461
10,10,0.43,0,20230396
9.99,10,0.43,0,20240436
10,10,0.43,0,20250476
9.99,10,0.43,0,20260372
10,10,0.43,0,20270440
10,10,0.43,0,20280452
9.99,10,0.43,0,20290502
9.99,10,0.43,0,20300385
10.01,10,0.43,0,20310372
10,10,0.43,0,20320386
9.99,10,0.43,0,20330421
9.99,10,0.43,0,20340385
9.99,10,0.43,0,20350359
9.99,10,0.43,0,20360381
10,10,0.43,0,20370425
10,10,0.43,0,20380387
10,10,0.43,0,20390405
9.99,10,0.43,0,20400343
9.99,10,0.43,0,20410409
10,10,0.43,0,20420442
9.99,10,0.43,0,20430407
10.01,10,0.43,0,20440425
10.01,10,0.43,0,20450418
10.01,10,0.43,0,20460478
10.02,10,0.43,0,20470391
10.42,10,0.43,0,20480423
11.09,10,0.43,0,20490429
11.73,10,0.42,0,20500383
12.31,10,0.42,0,20510440
12.88,10,0.42,0,20520386
13.37,10,0.42,0,20530373
13.85,10,0.42,0,20540350
14.24,10,0.41,0,20550383
14.67,10,0.41,0,20560368
14.96,10,0.41,0,20570384
15.29,10,0.4,0,20580385
15.51,10,0.4,0,20590378
15.72,10,0.4,0,20600422
15.97,10,0.39,0,20610425
16.12,10,0.39,0,20620431
16.25,10,0.38,0,20630399
16.36,10,0.38,0,20640398
16.47,10,0.38,0,20650431
16.55,10,0.37,0,20660450
16.61,10,0.37,0,20670381
16.62,10,0.36,0,20680421
16.64,10,0.36,0,20690494
16.64,10,0.36,0,20700488
16.63,10,0.35,0,20710443
16.6,10,0.35,0,20720445
16.57,10,0.34,0,20730391
16.52,10,0.34,0,20740382
16.48,10,0.34,0,20750419
16.41,10,0.33,0,20760318
16.32,10,0.33,0,20770397
16.25,10,0.32,0,20780439
16.17,10,0.32,0,20790426
16.11,10,0.32,0,20800340
16.03,10,0.31,0,20810348
15.92,10,0.31,0,20820389
15.78,10,0.31,0,20830337
15.68,10,0.3,0,20840411
15.58,10,0.3,0,20850382
15.49,10,0.3,0,20860380
15.4,10,0.29,0,20870418
15.33,10,0.29,0,20880447
15.19,10,0.29,0,20890424
15.06,10,0.28,0,20900415
14.97,10,0.28,0,20910391
14.88,10,0.28,0,20920477
14.78,10,0.28,0,20930427
14.7,10,0.27,0,20940429
14.59,10,0.27,0,20950384
14.45,10,0.27,0,20960357
14.32,10,0.26,0,20970351
14.24,10,0.26,0,20980392
14.15,10,0.26,0,20990383
14.06,10,0.26,0,21000398
13.99,10,0.25,0,21010426
13.87,10,0.25,0,21020397
13.74,10,0.25,0,21030343
13.65,10,0.25,0,21040405
13.57,10,0.25,0,21050381
13.47,10,0.24,0,21060393
13.38,10,0.24,0,21070402
13.3,10,0.24,0,21080439
13.23,10,0.24,0,21090459
13.12,10,0.24,0,21100396
13.04,10,0.23,0,21110413
12.95,10,0.23,0,21120465
12.9,10,0.23,0,21130395
12.84,10,0.23,0,21140424
12.78,10,0.23,0,21150441
12.69,10,0.23,0,21160339
12.63,10,0.22,0,21170378
12.51,10,0.22,0,21180293
12.43,10,0.22,10,21190380
12.37,10,0.22,10,21200378
12.33,10,0.22,10,21210347
12.28,10,0.22,10,21220353
12.24,10,0.22,10,21230375
12.17,10,0.21,10,21240407
12.12,10,0.21,10,21250347
12.04,10,0.21,10,21260346
12.02,10,0.21,10,21270399
