14.54,3,14.45,0,0
14.47,3,14.45,0,0.01
14.4,3,14.45,0,0.02
14.4,3,14.45,0,0.03
14.4,3,14.44,0,0.04
14.4,3,14.44,0,0.05
14.4,3,14.46,0,0.06
14.54,3,14.47,0,0.07
14.54,3,14.45,0,0.08
14.54,3,14.46,0,0.09
14.33,3,14.46,0,0.1
14.33,3,14.45,0,0.11
14.47,3,14.44,0,0.12
14.4,3,14.43,0,0.13
14.47,3,14.45,0,0.14
14.54,3,14.45,0,0.15
14.33,3,14.44,0,0.16
14.4,3,14.45,0,0.17
14.54,3,14.46,0,0.18
14.4,3,14.48,0,0.19
14.4,3,14.44,0,0.2
14.4,3,14.45,0,0.21
14.33,3,14.45,0,0.22
14.54,3,14.46,0,0.23
14.4,3,14.44,0,0.24
14.4,3,14.45,0,0.25
14.4,3,14.43,0,0.26
14.4,3,14.43,0,0.27
14.33,3,14.46,0,0.28
14.4,3,14.46,0,0.29
14.54,3,14.46,0,0.3
14.4,3,14.45,0,0.31
14.54,3,14.45,0,0.32
14.54,3,14.47,0,0.33
14.4,3,14.44,0,0.34
14.4,3,14.46,0,0.35
14.33,3,14.46,0,0.36
14.4,3,14.45,0,0.37
14.4,3,14.45,0,0.38
14.47,3,14.45,0,0.39
14.4,3,14.43,0,0.4
14.4,3,14.44,0,0.41
14.47,3,14.45,0,0.42
14.4,3,14.46,0,0.43
14.4,3,14.45,0,0.44
14.47,3,14.44,0,0.45
14.54,3,14.46,0,0.46
14.47,3,14.47,0,0.47
14.4,3,14.45,0,0.48
14.4,3,14.43,0,0.49
14.4,3,14.46,0,0.5
14.54,3,14.46,0,0.51
14.4,3,14.46,0,0.52
14.47,3,14.46,0,0.53
14.33,3,14.45,0,0.54
14.4,3,14.46,0,0.55
14.54,3,14.44,0,0.56
14.33,3,14.48,0,0.57
14.33,3,14.45,0,0.58
14.4,3,14.45,0,0.59
14.54,3,14.46,0,0.6
14.47,3,14.44,0,0.61
14.47,3,14.44,0,0.62
14.47,3,14.46,0,0.63
14.47,3,14.44,0,0.64
14.4,3,14.46,0,0.65
14.4,3,14.45,0,0.66
14.4,3,14.45,0,0.67
14.4,3,14.46,0,0.68
14.47,3,14.45,0,0.69
14.33,3,14.45,0,0.7
14.4,3,14.45,0,0.71
14.47,3,14.44,0,0.72
14.4,3,14.46,0,0.73
14.4,3,14.46,0,0.74
14.4,3,14.43,0,0.75
14.4,3,14.43,0,0.76
14.4,3,14.45,0,0.77
14.4,3,14.46,0,0.78
14.4,3,14.42,0,0.79
14.4,3,14.45,0,0.8
14.54,3,14.44,0,0.81
14.4,3,14.44,0,0.82
14.4,3,14.47,0,0.83
14.47,3,14.46,0,0.84
14.4,3,14.45,0,0.85
14.4,3,14.45,0,0.86
14.4,3,14.44,0,0.87
14.4,3,14.45,0,0.88
14.33,3,14.46,0,0.89
14.4,3,14.45,0,0.9
14.47,3,14.43,0,0.91
14.47,3,14.46,0,0.92
14.4,3,14.44,0,0.93
14.4,3,14.46,0,0.94
14.4,3,14.44,0,0.95
14.47,3,14.47,0,0.96
14.4,3,14.45,0,0.97
14.4,3,14.45,0,0.98
14.4,3,14.44,0,0.99
14.54,3,14.46,0,1
14.4,3,14.44,0,1.01
14.4,3,14.44,0,1.02
14.47,3,14.45,0,1.03
14.4,3,14.46,0,1.04
14.47,3,14.46,0,1.05
14.4,3,14.47,0,1.06
14.47,3,14.46,0,1.07
14.54,3,14.45,0,1.08
14.4,3,14.46,0,1.09
14.47,3,14.46,0,1.1
14.4,3,14.45,0,1.11
14.47,3,14.45,0,1.12
14.4,3,14.45,0,1.13
14.47,3,14.45,0,1.14
14.4,3,14.46,0,1.15
14.47,3,14.45,0,1.16
14.4,3,14.45,0,1.17
14.4,3,14.47,0,1.18
14.33,3,14.44,0,1.19
14.33,3,14.46,0,1.2
14.47,3,14.46,0,1.21
14.4,3,14.46,0,1.22
14.47,3,14.45,0,1.23
14.54,3,14.46,0,1.24
14.47,3,14.48,0,1.25
14.47,3,14.45,0,1.26
14.4,3,14.46,0,1.27
14.4,3,14.44,0,1.28
14.47,3,14.46,0,1.29
14.54,3,14.46,0,1.3
14.33,3,14.49,0,1.31
14.4,3,14.46,0,1.32
14.33,3,14.45,0,1.33
14.54,3,14.44,0,1.34
14.4,3,14.44,0,1.35
14.4,3,14.45,0,1.36
14.4,3,14.45,0,1.37
14.33,3,14.44,0,1.38
14.4,3,14.46,0,1.39
14.33,3,14.47,0,1.4
14.33,3,14.45,0,1.41
14.47,3,14.47,0,1.42
14.4,3,14.45,0,1.43
14.4,3,14.45,0,1.44
14.33,3,14.46,0,1.45
14.4,3,14.45,0,1.46
14.33,3,14.43,0,1.47
14.4,3,14.46,0,1.48
14.4,3,14.46,0,1.49
14.4,3,14.46,0,1.5
14.33,3,14.45,0,1.51
14.47,3,14.45,0,1.52
14.33,3,14.44,0,1.53
14.4,3,14.45,0,1.54
14.47,3,14.45,0,1.55
14.4,3,14.47,0,1.56
14.47,3,14.43,0,1.57
14.33,3,14.46,0,1.58
14.47,3,14.45,0,1.59
14.47,3,14.46,0,1.6
14.4,3,14.45,0,1.61
14.47,3,14.45,0,1.62
14.4,3,14.43,0,1.63
14.33,3,14.45,0,1.64
14.54,3,14.46,0,1.65
14.33,3,14.44,0,1.66
14.47,3,14.45,0,1.67
14.4,3,14.46,0,1.68
14.4,3,14.45,0,1.69
14.47,3,14.44,0,1.7
14.4,3,14.45,0,1.71
14.33,3,14.45,0,1.72
14.33,3,14.46,0,1.73
14.4,3,14.44,0,1.74
14.33,3,14.45,0,1.75
14.4,3,14.45,0,1.76
14.54,3,14.45,0,1.77
14.4,3,14.46,0,1.78
14.33,3,14.47,0,1.79
14.47,3,14.44,0,1.8
14.4,3,14.43,0,1.81
14.4,3,14.46,0,1.82
14.47,3,14.45,0,1.83
14.4,3,14.46,0,1.84
14.47,3,14.46,0,1.85
14.47,3,14.44,0,1.86
14.47,3,14.45,0,1.87
14.4,3,14.44,0,1.88
14.4,3,14.46,0,1.89
14.4,3,14.47,0,1.9
14.33,3,14.43,0,1.91
14.54,3,14.45,0,1.92
14.4,3,14.44,0,1.93
14.4,3,14.45,0,1.94
14.4,3,14.45,0,1.95
14.4,3,14.46,0,1.96
14.4,3,14.45,0,1.97
14.33,3,14.46,0,1.98
14.4,3,14.47,0,1.99
14.4,3,14.45,0,2
14.54,3,14.44,0,2.01
14.4,3,14.45,0,2.02
14.54,3,14.47,0,2.03
14.4,3,14.44,0,2.04
14.54,3,14.44,0,2.05
14.33,3,14.46,0,2.06
14.4,3,14.47,0,2.07
14.47,3,14.47,0,2.08
14.4,3,14.46,0,2.09
14.47,3,14.44,0,2.1
14.4,3,14.45,0,2.11
14.54,3,14.45,0,2.12
14.4,3,14.44,0,2.13
14.4,3,14.45,0,2.14
14.4,3,14.46,0,2.15
14.47,3,14.46,0,2.16
14.47,3,14.45,0,2.17
14.4,3,14.46,0,2.18
14.33,3,14.46,0,2.19
14.4,3,14.45,0,2.2
14.54,3,14.44,0,2.21
14.33,3,14.46,0,2.22
14.47,3,14.44,0,2.23
14.4,3,14.44,0,2.24
14.47,3,14.46,0,2.25
14.54,3,14.44,0,2.26
14.54,3,14.45,0,2.27
14.47,3,14.44,0,2.28
14.4,3,14.46,0,2.29
14.4,3,14.45,0,2.3
14.54,3,14.46,0,2.31
14.33,3,14.47,0,2.32
14.33,3,14.46,0,2.33
14.4,3,14.46,0,2.34
14.4,3,14.46,0,2.35
14.54,3,14.45,0,2.36
14.47,3,14.46,0,2.37
14.4,3,14.46,0,2.38
14.4,3,14.47,0,2.39
14.47,3,14.45,0,2.4
14.4,3,14.45,0,2.41
14.4,3,14.46,0,2.42
14.4,3,14.46,0,2.43
14.54,3,14.45,0,2.44
14.54,3,14.45,0,2.45
14.54,3,14.45,0,2.46
14.4,3,14.48,0,2.47
14.54,3,14.45,0,2.48
14.4,3,14.45,0,2.49
14.4,3,14.45,0,2.5
14.4,3,14.44,0,2.51
14.4,3,14.48,0,2.52
14.4,3,14.46,0,2.53
14.47,3,14.43,0,2.54
14.33,3,14.46,0,2.55
14.47,3,14.44,0,2.56
14.33,3,14.46,0,2.57
14.4,3,14.45,0,2.58
14.54,3,14.48,0,2.59
14.4,3,14.46,0,2.6
14.47,3,14.44,0,2.61
14.4,3,14.44,0,2.62
14.47,3,14.45,0,2.63
14.4,3,14.45,0,2.64
14.4,3,14.45,0,2.65
14.4,3,14.45,0,2.66
14.33,3,14.45,0,2.67
14.54,3,14.45,0,2.68
14.4,3,14.44,0,2.69
14.4,3,14.46,0,2.7
14.54,3,14.45,0,2.71
14.47,3,14.47,0,2.72
14.4,3,14.44,0,2.73
14.47,3,14.45,0,2.74
14.4,3,14.45,0,2.75
14.4,3,14.46,0,2.76
14.54,3,14.47,0,2.77
14.4,3,14.45,0,2.78
14.4,3,14.44,0,2.79
14.4,3,14.45,0,2.8
14.4,3,14.46,0,2.81
14.54,3,14.45,0,2.82
14.54,3,14.45,0,2.83
14.33,3,14.44,0,2.84
14.47,3,14.45,0,2.85
14.4,3,14.45,0,2.86
14.33,3,14.44,0,2.87
14.4,3,14.45,0,2.88
14.47,3,14.44,0,2.89
14.4,3,14.46,0,2.9
14.4,3,14.45,0,2.91
14.4,3,14.44,0,2.92
14.4,3,14.46,0,2.93
14.54,3,14.47,0,2.94
14.4,3,14.47,0,2.95
14.4,3,14.44,0,2.96
14.4,3,14.45,0,2.97
14.4,3,14.46,0,2.98
14.47,3,14.44,0,2.99
14.47,3,14.45,0,3
14.54,3,14.45,0,3.01
14.4,3,14.43,0,3.02
14.4,3,14.45,0,3.03
14.4,3,14.47,0,3.04
14.4,3,14.45,0,3.05
14.33,3,14.45,0,3.06
14.33,3,14.45,0,3.07
14.54,3,14.45,0,3.08
14.54,3,14.43,0,3.09
14.4,3,14.46,0,3.1
14.33,3,14.44,0,3.11
14.33,3,14.45,0,3.12
14.47,3,14.45,0,3.13
14.33,3,14.44,0,3.14
14.33,3,14.45,0,3.15
14.47,3,14.45,0,3.16
14.4,3,14.46,0,3.17
14.4,3,14.45,0,3.18
14.4,3,14.45,0,3.19
14.47,3,14.44,0,3.2
14.47,3,14.45,0,3.21
14.33,3,14.46,0,3.22
14.4,3,14.45,0,3.23
14.4,3,14.46,0,3.24
14.4,3,14.48,0,3.25
14.4,3,14.44,0,3.26
14.4,3,14.44,0,3.27
14.4,3,14.45,0,3.28
14.47,3,14.45,0,3.29
14.33,3,14.44,0,3.3
14.54,3,14.44,0,3.31
14.33,3,14.43,0,3.32
14.47,3,14.47,0,3.33
14.54,3,14.45,0,3.34
14.4,3,14.46,0,3.35
14.4,3,14.45,0,3.36
14.33,3,14.45,0,3.37
14.4,3,14.46,0,3.38
14.54,3,14.46,0,3.39
14.4,3,14.45,0,3.4
14.54,3,14.46,0,3.41
14.33,3,14.45,0,3.42
14.33,3,14.47,0,3.43
14.33,3,14.46,0,3.44
14.54,3,14.46,0,3.45
14.47,3,14.44,0,3.46
14.4,3,14.46,0,3.47
14.47,3,14.46,0,3.48
14.4,3,14.45,0,3.49
14.4,3,14.45,0,3.5
14.47,3,14.44,0,3.51
14.47,3,14.46,0,3.52
14.4,3,14.45,0,3.53
14.47,3,14.44,0,3.54
14.4,3,14.44,0,3.55
14.4,3,14.44,0,3.56
14.47,3,14.45,0,3.57
14.4,3,14.45,0,3.58
14.33,3,14.45,0,3.59
14.47,3,14.45,0,3.6
14.4,3,14.45,0,3.61
14.4,3,14.46,0,3.62
14.47,3,14.44,0,3.63
14.4,3,14.46,0,3.64
14.54,3,14.45,0,3.65
14.4,3,14.44,0,3.66
14.4,3,14.45,0,3.67
14.4,3,14.44,0,3.68
14.4,3,14.45,0,3.69
14.4,3,14.44,0,3.7
14.47,3,14.45,0,3.71
14.4,3,14.43,0,3.72
14.47,3,14.45,0,3.73
14.4,3,14.44,0,3.74
14.4,3,14.45,0,3.75
14.47,3,14.45,0,3.76
14.47,3,14.45,0,3.77
14.4,3,14.45,0,3.78
14.47,3,14.44,0,3.79
14.47,3,14.47,0,3.8
14.4,3,14.44,0,3.81
14.4,3,14.45,0,3.82
14.4,3,14.46,0,3.83
14.54,3,14.46,0,3.84
14.4,3,14.46,0,3.85
14.54,3,14.44,0,3.86
14.47,3,14.44,0,3.87
14.47,3,14.45,0,3.88
14.4,3,14.46,0,3.89
14.54,3,14.46,0,3.9
14.4,3,14.47,0,3.91
14.54,3,14.45,0,3.92
14.54,3,14.46,0,3.93
14.4,3,14.45,0,3.94
14.54,3,14.42,0,3.95
14.4,3,14.44,0,3.96
14.4,3,14.45,0,3.97
14.4,3,14.47,0,3.98
14.33,3,14.45,0,3.99
14.4,3,14.46,0,4
14.4,3,14.46,0,4.01
14.4,3,14.44,0,4.02
14.33,3,14.45,0,4.03
14.4,3,14.45,0,4.04
14.33,3,14.45,0,4.05
14.47,3,14.46,0,4.06
14.4,3,14.45,0,4.07
14.4,3,14.46,0,4.08
14.47,3,14.45,0,4.09
14.47,3,14.46,0,4.1
14.4,3,14.46,0,4.11
14.54,3,14.45,0,4.12
14.4,3,14.45,0,4.13
14.47,3,14.45,0,4.14
14.4,3,14.44,0,4.15
14.4,3,14.45,0,4.16
14.4,3,14.46,0,4.17
14.47,3,14.45,0,4.18
14.4,3,14.44,0,4.19
14.33,3,14.45,0,4.2
14.54,3,14.44,0,4.21
14.4,3,14.44,0,4.22
14.4,3,14.43,0,4.23
14.47,3,14.47,0,4.24
14.54,3,14.47,0,4.25
14.4,3,14.46,0,4.26
14.4,3,14.46,0,4.27
14.4,3,14.46,0,4.28
14.47,3,14.48,0,4.29
14.4,3,14.46,0,4.3
14.54,3,14.46,0,4.31
14.54,3,14.45,0,4.32
14.4,3,14.45,0,4.33
14.54,3,14.44,0,4.34
14.4,3,14.45,0,4.35
14.4,3,14.44,0,4.36
14.33,3,14.47,0,4.37
14.47,3,14.42,0,4.38
14.33,3,14.48,0,4.39
14.54,3,14.46,0,4.4
14.4,3,14.44,0,4.41
14.4,3,14.46,0,4.42
14.4,3,14.44,0,4.43
14.4,3,14.44,0,4.44
14.4,3,14.46,0,4.45
14.4,3,14.47,0,4.46
14.4,3,14.45,0,4.47
14.4,3,14.44,0,4.48
14.4,3,14.46,0,4.49
14.61,3,14.47,0,4.5
14.54,3,14.45,0,4.51
14.4,3,14.46,0,4.52
14.26,3,14.46,0,4.53
14.47,3,14.42,0,4.54
14.54,3,14.42,0,4.55
14.54,3,14.46,0,4.56
14.47,3,14.46,0,4.57
14.54,3,14.44,0,4.58
14.4,3,14.47,0,4.59
14.54,3,14.46,0,4.6
14.54,3,14.45,0,4.61
14.47,3,14.46,0,4.62
14.54,3,14.44,0,4.63
14.4,3,14.45,0,4.64
14.54,3,14.46,0,4.65
14.4,3,14.44,0,4.66
14.4,3,14.47,0,4.67
14.4,3,14.46,0,4.68
14.47,3,14.47,0,4.69
14.4,3,14.46,0,4.7
14.4,3,14.45,0,4.71
14.47,3,14.44,0,4.72
14.47,3,14.45,0,4.73
14.33,3,14.45,0,4.74
14.4,3,14.45,0,4.75
14.26,3,14.46,0,4.76
14.47,3,14.46,0,4.77
14.4,3,14.45,0,4.78
14.54,3,14.44,0,4.79
14.33,3,14.44,0,4.8
14.4,3,14.49,0,4.81
14.33,3,14.46,0,4.82
14.4,3,14.44,0,4.83
14.4,3,14.46,0,4.84
14.4,3,14.46,0,4.85
14.47,3,14.46,0,4.86
14.4,3,14.47,0,4.87
14.4,3,14.46,0,4.88
14.4,3,14.45,0,4.89
14.4,3,14.44,0,4.9
14.4,3,14.45,0,4.91
14.47,3,14.45,0,4.92
14.4,3,14.46,0,4.93
14.4,3,14.44,0,4.94
14.4,3,14.46,0,4.95
14.4,3,14.44,0,4.96
14.4,3,14.45,0,4.97
14.4,3,14.44,0,4.98
14.54,3,14.44,0,4.99
14.4,3,14.44,0,5
14.4,30,14.44,0,5.01
14.4,30,5.56,0.56,5.02
16.13,30,5.1,0.57,5.03
17.98,30,3.23,0.57,5.04
19.57,30,1.39,0.56,5.05
21.27,30,0.3,0.56,5.06
22.68,30,1.92,0.56,5.07
24.04,30,3.35,0.56,5.08
25.17,30,4.65,0.56,5.09
26.23,30,5.92,0.56,5.1
27.22,30,7.05,0.55,5.11
28.06,30,8.05,0.55,5.12
28.9,30,8.93,0.55,5.13
29.66,30,9.76,0.55,5.14
30.34,30,10.49,0.55,5.15
30.95,30,11.21,0.54,5.16
31.38,30,11.83,0.54,5.17
31.81,30,12.41,0.54,5.18
32.33,30,12.88,0.54,5.19
32.6,30,13.38,0.54,5.2
33.03,30,13.78,0.54,5.21
33.39,30,14.17,0.53,5.22
33.39,30,14.46,0.53,5.23
33.56,30,14.78,0.53,5.24
33.83,30,15.03,0.53,5.25
34.18,30,15.29,0.53,5.26
34.27,30,15.46,0.53,5.27
34.45,30,15.64,0.53,5.28
34.45,30,15.89,0.52,5.29
34.63,30,16.02,0.52,5.3
34.63,30,16.15,0.52,5.31
34.81,30,16.25,0.52,5.32
34.72,30,16.4,0.52,5.33
34.81,30,16.51,0.52,5.34
34.81,30,16.58,0.51,5.35
34.81,30,16.66,0.51,5.36
34.9,30,16.7,0.51,5.37
34.81,30,16.77,0.51,5.38
34.9,30,16.82,0.51,5.39
34.99,30,16.86,0.51,5.4
34.9,30,16.9,0.51,5.41
34.81,30,16.97,0.5,5.42
34.81,30,16.97,0.5,5.43
34.72,30,16.99,0.5,5.44
34.72,30,17,0.5,5.45
34.63,30,17,0.5,5.46
34.54,30,17,0.5,5.47
34.63,30,17.04,0.5,5.48
34.63,30,17.07,0.5,5.49
34.54,30,17.07,0.49,5.5
34.45,30,17.09,0.49,5.51
34.54,30,17.09,0.49,5.52
34.54,30,17.09,0.49,5.53
34.45,30,17.08,0.49,5.54
34.18,30,17.05,0.49,5.55
34.36,30,17.05,0.49,5.56
34.27,30,17,0.49,5.57
34.18,30,17,0.48,5.58
34.18,30,17.02,0.48,5.59
34.09,30,17.01,0.48,5.6
34.09,30,17.01,0.48,5.61
34.01,30,17.01,0.48,5.62
33.92,30,17,0.48,5.63
33.92,30,17,0.48,5.64
33.92,30,16.95,0.48,5.65
33.92,30,16.98,0.48,5.66
33.74,30,16.96,0.48,5.67
33.65,30,16.93,0.47,5.68
33.74,30,16.94,0.47,5.69
33.74,30,16.93,0.47,5.7
33.56,30,16.93,0.47,5.71
33.48,30,16.93,0.47,5.72
33.48,30,16.88,0.47,5.73
33.48,30,16.87,0.47,5.74
33.48,30,16.88,0.47,5.75
33.3,30,16.85,0.47,5.76
33.3,30,16.87,0.47,5.77
33.21,30,16.84,0.47,5.78
33.21,30,16.83,0.46,5.79
33.21,30,16.83,0.46,5.8
33.3,30,16.82,0.46,5.81
33.12,30,16.78,0.46,5.82
33.12,30,16.79,0.46,5.83
33.03,30,16.79,0.46,5.84
32.86,30,16.78,0.46,5.85
33.03,30,16.77,0.46,5.86
32.95,30,16.75,0.46,5.87
32.86,30,16.73,0.46,5.88
32.86,30,16.72,0.46,5.89
32.77,30,16.7,0.46,5.9
32.68,30,16.66,0.45,5.91
32.77,30,16.67,0.45,5.92
32.77,30,16.62,0.45,5.93
32.68,30,16.66,0.45,5.94
32.6,30,16.62,0.45,5.95
32.6,30,16.6,0.45,5.96
32.51,30,16.61,0.45,5.97
32.51,30,16.61,0.45,5.98
32.42,30,16.6,0.45,5.99
32.51,30,16.63,0.45,6
32.51,30,16.57,0.45,6.01
32.42,30,16.57,0.45,6.02
32.33,30,16.57,0.45,6.03
32.42,30,16.59,0.45,6.04
32.33,30,16.58,0.45,6.05
32.33,30,16.57,0.44,6.06
32.16,30,16.53,0.44,6.07
32.16,30,16.55,0.44,6.08
32.07,30,16.48,0.44,6.09
32.16,30,16.48,0.44,6.1
31.99,30,16.48,0.44,6.11
32.16,30,16.48,0.44,6.12
32.07,30,16.46,0.44,6.13
32.07,30,16.46,0.44,6.14
31.99,30,16.45,0.44,6.15
32.07,30,16.43,0.44,6.16
31.9,30,16.42,0.44,6.17
31.9,30,16.43,0.44,6.18
31.99,30,16.44,0.44,6.19
31.81,30,16.44,0.44,6.2
31.99,30,16.43,0.44,6.21
31.81,30,16.43,0.44,6.22
31.81,30,16.45,0.44,6.23
31.81,30,16.39,0.44,6.24
31.81,30,16.36,0.43,6.25
31.81,30,16.38,0.43,6.26
31.72,30,16.39,0.43,6.27
31.64,30,16.38,0.43,6.28
31.64,30,16.37,0.43,6.29
31.72,30,16.38,0.43,6.3
31.64,30,16.37,0.43,6.31
31.64,30,16.38,0.43,6.32
31.64,30,16.38,0.43,6.33
31.64,30,16.35,0.43,6.34
31.46,30,16.33,0.43,6.35
31.46,30,16.29,0.43,6.36
31.38,30,16.29,0.43,6.37
31.46,30,16.27,0.43,6.38
31.38,30,16.24,0.43,6.39
31.46,30,16.25,0.43,6.4
31.46,30,16.26,0.43,6.41
31.46,30,16.19,0.43,6.42
31.29,30,16.24,0.43,6.43
31.29,30,16.25,0.43,6.44
31.2,30,16.2,0.43,6.45
31.29,30,16.21,0.43,6.46
31.38,30,16.19,0.43,6.47
31.29,30,16.22,0.43,6.48
31.29,30,16.2,0.43,6.49
31.2,30,16.19,0.42,6.5
31.2,30,16.21,0.42,6.51
31.12,30,16.21,0.42,6.52
31.29,30,16.21,0.42,6.53
31.29,30,16.2,0.42,6.54
31.2,30,16.21,0.42,6.55
31.29,30,16.21,0.42,6.56
31.03,30,16.18,0.42,6.57
31.03,30,16.18,0.42,6.58
31.12,30,16.16,0.42,6.59
31.03,30,16.18,0.42,6.6
31.03,30,16.19,0.42,6.61
31.12,30,16.19,0.42,6.62
31.12,30,16.18,0.42,6.63
31.12,30,16.2,0.42,6.64
31.03,30,16.17,0.42,6.65
31.12,30,16.17,0.42,6.66
31.03,30,16.18,0.42,6.67
31.12,30,16.16,0.42,6.68
30.86,30,16.16,0.42,6.69
30.95,30,16.14,0.42,6.7
31.03,30,16.16,0.42,6.71
30.95,30,16.14,0.42,6.72
31.03,30,16.15,0.42,6.73
30.95,30,16.13,0.42,6.74
30.77,30,16.14,0.42,6.75
30.77,30,16.11,0.42,6.76
30.95,30,16.09,0.42,6.77
30.95,30,16.1,0.42,6.78
30.86,30,16.06,0.42,6.79
30.69,30,16.07,0.42,6.8
30.86,30,16.08,0.42,6.81
30.77,30,16.08,0.42,6.82
30.69,30,16.1,0.42,6.83
30.69,30,16.06,0.42,6.84
30.77,30,16.04,0.42,6.85
30.77,30,16.07,0.42,6.86
30.77,30,16.05,0.42,6.87
30.77,30,16.05,0.41,6.88
30.69,30,16.04,0.41,6.89
30.6,30,16.03,0.41,6.9
30.77,30,16.07,0.41,6.91
30.6,30,16.03,0.41,6.92
30.69,30,16.03,0.41,6.93
30.77,30,16.02,0.41,6.94
30.6,30,16.02,0.41,6.95
30.69,30,16.03,0.41,6.96
30.69,30,16.02,0.41,6.97
30.69,30,16.03,0.41,6.98
30.6,30,16.03,0.41,6.99
30.6,30,16.02,0.41,7
30.6,30,16.02,0.41,7.01
30.6,30,16.04,0.41,7.02
30.69,30,16.05,0.41,7.03
30.52,30,16.02,0.41,7.04
30.52,30,16.03,0.41,7.05
30.6,30,16.01,0.41,7.06
30.52,30,16.05,0.41,7.07
30.6,30,16.02,0.41,7.08
30.69,30,16.02,0.41,7.09
30.52,30,15.99,0.41,7.1
30.43,30,15.98,0.41,7.11
30.43,30,15.99,0.41,7.12
30.43,30,16.01,0.41,7.13
30.43,30,15.99,0.41,7.14
30.6,30,16.01,0.41,7.15
30.6,30,15.99,0.41,7.16
30.52,30,15.97,0.41,7.17
30.52,30,16,0.41,7.18
30.43,30,15.98,0.41,7.19
30.52,30,15.97,0.41,7.2
30.43,30,15.96,0.41,7.21
30.6,30,15.96,0.41,7.22
30.52,30,15.95,0.41,7.23
30.52,30,15.99,0.41,7.24
30.52,30,15.96,0.41,7.25
30.43,30,15.97,0.41,7.26
30.43,30,15.96,0.41,7.27
30.6,30,15.96,0.41,7.28
30.43,30,15.98,0.41,7.29
30.43,30,15.98,0.41,7.3
30.52,30,15.97,0.41,7.31
30.43,30,15.97,0.41,7.32
30.43,30,15.96,0.41,7.33
30.43,30,15.96,0.41,7.34
30.43,30,15.97,0.41,7.35
30.34,30,16.01,0.41,7.36
30.43,30,15.97,0.41,7.37
30.43,30,15.97,0.41,7.38
30.52,30,15.97,0.41,7.39
30.34,30,15.96,0.41,7.4
30.34,30,15.96,0.41,7.41
30.43,30,15.98,0.41,7.42
30.43,30,15.97,0.41,7.43
30.43,30,15.98,0.41,7.44
30.34,30,15.97,0.41,7.45
30.34,30,15.96,0.41,7.46
30.34,30,15.98,0.41,7.47
30.26,30,15.97,0.41,7.48
30.34,30,15.99,0.41,7.49
30.26,30,15.96,0.41,7.5
30.43,30,15.96,0.41,7.51
30.43,30,15.97,0.41,7.52
30.26,30,15.97,0.41,7.53
30.34,30,15.98,0.41,7.54
30.34,30,15.97,0.41,7.55
30.26,30,15.95,0.41,7.56
30.34,30,15.94,0.41,7.57
30.26,30,15.96,0.41,7.58
30.34,30,15.93,0.41,7.59
30.17,30,15.97,0.41,7.6
30.26,30,15.93,0.41,7.61
30.34,30,15.94,0.4,7.62
30.34,30,15.93,0.4,7.63
30.26,30,15.92,0.4,7.64
30.34,30,15.92,0.4,7.65
30.34,30,15.91,0.4,7.66
30.26,30,15.94,0.4,7.67
30.34,30,15.92,0.4,7.68
30.34,30,15.91,0.4,7.69
30.26,30,15.95,0.4,7.7
30.34,30,15.92,0.4,7.71
30.34,30,15.93,0.4,7.72
30.26,30,15.93,0.4,7.73
30.26,30,15.93,0.4,7.74
30.09,30,15.94,0.4,7.75
30.26,30,15.92,0.4,7.76
30.26,30,15.94,0.4,7.77
30.09,30,15.91,0.4,7.78
30.26,30,15.91,0.4,7.79
30.26,30,15.93,0.4,7.8
30.26,30,15.9,0.4,7.81
30.09,30,15.89,0.4,7.82
30.34,30,15.95,0.4,7.83
30.09,30,15.91,0.4,7.84
30.26,30,15.9,0.4,7.85
30.26,30,15.9,0.4,7.86
30.09,30,15.92,0.4,7.87
30.26,30,15.9,0.4,7.88
30.09,30,15.9,0.4,7.89
30.09,30,15.9,0.4,7.9
30.09,30,15.9,0.4,7.91
30.09,30,15.89,0.4,7.92
30.09,30,15.9,0.4,7.93
30.09,30,15.86,0.4,7.94
30.26,30,15.9,0.4,7.95
30,30,15.91,0.4,7.96
29.92,30,15.9,0.4,7.97
30.17,30,15.87,0.4,7.98
30.09,30,15.91,0.4,7.99
30,30,15.85,0.4,8
30.17,30,15.87,0.4,8.01
30.09,30,15.87,0.4,8.02
30,30,15.85,0.4,8.03
30.09,30,15.88,0.4,8.04
30.09,30,15.88,0.4,8.05
30.26,30,15.85,0.4,8.06
30.09,30,15.85,0.4,8.07
30.09,30,15.86,0.4,8.08
30.09,30,15.86,0.4,8.09
30.09,30,15.87,0.4,8.1
30,30,15.89,0.4,8.11
30.17,30,15.86,0.4,8.12
30.26,30,15.87,0.4,8.13
30,30,15.84,0.4,8.14
30.09,30,15.85,0.4,8.15
30.26,30,15.84,0.4,8.16
30,30,15.82,0.4,8.17
30.26,30,15.86,0.4,8.18
30,30,15.85,0.4,8.19
30.09,30,15.86,0.4,8.2
30,30,15.81,0.4,8.21
30,30,15.83,0.4,8.22
30.17,30,15.85,0.4,8.23
30.09,30,15.81,0.4,8.24
30.26,30,15.86,0.4,8.25
30.17,30,15.85,0.4,8.26
30.09,30,15.8,0.4,8.27
30,30,15.81,0.4,8.28
30.09,30,15.79,0.4,8.29
30,30,15.81,0.4,8.3
30,30,15.81,0.4,8.31
30,30,15.83,0.4,8.32
30,30,15.79,0.4,8.33
30,30,15.82,0.4,8.34
30,30,15.8,0.4,8.35
30,30,15.81,0.4,8.36
30,30,15.83,0.4,8.37
30.09,30,15.8,0.4,8.38
30,30,15.79,0.4,8.39
30,30,15.79,0.4,8.4
30.09,30,15.79,0.4,8.41
30,30,15.8,0.4,8.42
30.09,30,15.8,0.4,8.43
29.92,30,15.8,0.4,8.44
30,30,15.79,0.4,8.45
30.09,30,15.79,0.4,8.46
30,30,15.76,0.4,8.47
30,30,15.81,0.4,8.48
30,30,15.8,0.4,8.49
29.92,30,15.8,0.4,8.5
30,30,15.79,0.4,8.51
30.09,30,15.79,0.4,8.52
30.09,30,15.8,0.4,8.53
30,30,15.8,0.4,8.54
29.92,30,15.8,0.4,8.55
30,30,15.78,0.4,8.56
30.09,30,15.79,0.4,8.57
30.09,30,15.79,0.4,8.58
30.09,30,15.8,0.4,8.59
30.09,30,15.81,0.4,8.6
30,30,15.79,0.4,8.61
30.09,30,15.79,0.4,8.62
30.09,30,15.8,0.4,8.63
30,30,15.81,0.4,8.64
30,30,15.79,0.4,8.65
29.92,30,15.78,0.4,8.66
30,30,15.79,0.4,8.67
30.09,30,15.81,0.4,8.68
30,30,15.81,0.4,8.69
30.09,30,15.79,0.4,8.7
30.09,30,15.77,0.4,8.71
30.09,30,15.78,0.4,8.72
30,30,15.79,0.4,8.73
29.92,30,15.78,0.4,8.74
29.92,30,15.78,0.4,8.75
30,30,15.8,0.4,8.76
29.92,30,15.79,0.4,8.77
30,30,15.79,0.4,8.78
30,30,15.79,0.4,8.79
30.09,30,15.77,0.4,8.8
29.75,30,15.77,0.4,8.81
29.92,30,15.77,0.4,8.82
30.09,30,15.79,0.4,8.83
30,30,15.77,0.4,8.84
29.92,30,15.8,0.4,8.85
30.09,30,15.8,0.4,8.86
30,30,15.78,0.4,8.87
30,30,15.76,0.4,8.88
30,30,15.78,0.4,8.89
30.09,30,15.79,0.4,8.9
30.09,30,15.78,0.4,8.91
30,30,15.78,0.4,8.92
30,30,15.79,0.4,8.93
30.09,30,15.79,0.4,8.94
30,30,15.76,0.4,8.95
29.92,30,15.78,0.4,8.96
30.09,30,15.77,0.4,8.97
29.92,30,15.78,0.4,8.98
30,30,15.76,0.4,8.99
30,30,15.78,0.4,9
30,30,15.78,0.4,9.01
30,30,15.77,0.4,9.02
30,30,15.79,0.4,9.03
30,30,15.78,0.4,9.04
30.09,30,15.77,0.4,9.05
30.09,30,15.8,0.4,9.06
29.92,30,15.78,0.4,9.07
30,30,15.78,0.4,9.08
30,30,15.78,0.4,9.09
29.92,30,15.77,0.4,9.1
30,30,15.79,0.4,9.11
30,30,15.78,0.4,9.12
30,30,15.79,0.4,9.13
30,30,15.77,0.4,9.14
30,30,15.79,0.4,9.15
30.09,30,15.76,0.4,9.16
29.92,30,15.78,0.4,9.17
30.09,30,15.78,0.4,9.18
30.09,30,15.78,0.4,9.19
29.92,30,15.78,0.4,9.2
30.09,30,15.78,0.4,9.21
30,30,15.77,0.4,9.22
29.92,30,15.78,0.4,9.23
30,30,15.77,0.4,9.24
30,30,15.77,0.4,9.25
30,30,15.77,0.4,9.26
30,30,15.78,0.4,9.27
29.92,30,15.79,0.4,9.28
30.09,30,15.75,0.4,9.29
30.17,30,15.78,0.4,9.3
30,30,15.77,0.4,9.31
30,30,15.77,0.4,9.32
30,30,15.79,0.4,9.33
29.92,30,15.77,0.4,9.34
29.92,30,15.77,0.4,9.35
30.09,30,15.77,0.4,9.36
30,30,15.72,0.4,9.37
30,30,15.77,0.4,9.38
30.09,30,15.77,0.4,9.39
30,30,15.76,0.4,9.4
30,30,15.75,0.4,9.41
30,30,15.78,0.4,9.42
29.92,30,15.77,0.4,9.43
30,30,15.76,0.4,9.44
30,30,15.76,0.4,9.45
30,30,15.78,0.4,9.46
30.09,30,15.76,0.4,9.47
30.09,30,15.78,0.4,9.48
30.09,30,15.78,0.4,9.49
31.2,30,15.77,0.4,9.5
30,30,15.77,0.4,9.51
30,30,15.77,0.4,9.52
30,30,15.77,0.4,9.53
29.92,30,15.76,0.4,9.54
29.92,30,15.76,0.4,9.55
30,30,15.78,0.4,9.56
29.92,30,15.71,0.4,9.57
29.92,30,15.77,0.4,9.58
30,30,15.78,0.4,9.59
30,30,15.77,0.4,9.6
30,30,15.77,0.4,9.61
30.09,30,15.78,0.4,9.62
30,30,15.76,0.4,9.63
30.09,30,15.76,0.4,9.64
30.09,30,15.77,0.4,9.65
30.09,30,15.76,0.4,9.66
30,30,15.76,0.4,9.67
30,30,15.79,0.4,9.68
30,30,15.77,0.4,9.69
29.92,30,15.77,0.4,9.7
30,30,15.78,0.4,9.71
29.92,30,15.76,0.4,9.72
29.92,30,15.78,0.4,9.73
30,30,15.75,0.4,9.74
30,30,15.77,0.4,9.75
30,30,15.77,0.4,9.76
29.92,30,15.76,0.4,9.77
30,30,15.76,0.4,9.78
30,30,15.77,0.4,9.79
30.09,30,15.78,0.4,9.8
30.09,30,15.77,0.4,9.81
30,30,15.77,0.4,9.82
29.92,30,15.76,0.4,9.83
29.92,30,15.75,0.4,9.84
30,30,15.75,0.4,9.85
29.92,30,15.77,0.4,9.86
30,30,15.75,0.4,9.87
30,30,15.76,0.4,9.88
30,30,15.75,0.4,9.89
29.92,30,15.76,0.4,9.9
30,30,15.77,0.4,9.91
30,30,15.74,0.4,9.92
30,30,15.76,0.4,9.93
30,30,15.76,0.4,9.94
29.92,30,15.75,0.4,9.95
30,30,15.75,0.4,9.96
29.92,30,15.75,0.4,9.97
30,30,15.76,0.4,9.98
30,30,15.75,0.4,9.99
29.92,30,15.75,0.4,10
30.09,3,15.76,0.4,10.01
30,3,30,0,10.02
28.73,3,29.54,0,10.03
27.22,3,28.03,0,10.04
25.9,3,26.68,0,10.05
24.68,3,25.47,0,10.06
23.8,3,24.35,0,10.07
22.84,3,23.34,0,10.08
21.97,3,22.51,0,10.09
21.27,3,21.67,0,10.1
20.42,3,20.92,0,10.11
19.95,3,20.26,0,10.12
19.34,3,19.67,0,10.13
18.89,3,19.18,0,10.14
18.43,3,18.69,0,10.15
18.13,3,18.26,0,10.16
17.68,3,17.87,0,10.17
17.39,3,17.55,0,10.18
17.02,3,17.18,0,10.19
16.72,3,16.92,0,10.2
16.5,3,16.65,0,10.21
16.28,3,16.43,0,10.22
16.06,3,16.21,0,10.23
15.91,3,16.01,0,10.24
15.7,3,15.84,0,10.25
15.55,3,15.7,0,10.26
15.41,3,15.54,0,10.27
15.41,3,15.43,0,10.28
15.26,3,15.32,0,10.29
15.12,3,15.23,0,10.3
15.12,3,15.13,0,10.31
14.9,3,15,0,10.32
14.9,3,14.94,0,10.33
14.83,3,14.87,0,10.34
14.83,3,14.79,0,10.35
14.69,3,14.75,0,10.36
14.69,3,14.69,0,10.37
14.61,3,14.65,0,10.38
14.54,3,14.61,0,10.39
14.54,3,14.58,0,10.4
14.47,3,14.54,0,10.41
14.54,3,14.5,0,10.42
14.33,3,14.5,0,10.43
14.4,3,14.46,0,10.44
14.33,3,14.4,0,10.45
14.33,3,14.4,0,10.46
14.26,3,14.37,0,10.47
14.4,3,14.36,0,10.48
14.33,3,14.34,0,10.49
14.33,3,14.34,0,10.5
14.19,3,14.32,0,10.51
14.33,3,14.32,0,10.52
14.33,3,14.3,0,10.53
14.26,3,14.31,0,10.54
14.26,3,14.3,0,10.55
14.26,3,14.29,0,10.56
14.26,3,14.3,0,10.57
14.26,3,14.28,0,10.58
14.19,3,14.28,0,10.59
14.33,3,14.26,0,10.6
14.19,3,14.26,0,10.61
14.26,3,14.26,0,10.62
14.33,3,14.26,0,10.63
14.19,3,14.26,0,10.64
14.19,3,14.27,0,10.65
14.19,3,14.25,0,10.66
14.19,3,14.25,0,10.67
14.19,3,14.24,0,10.68
14.19,3,14.25,0,10.69
14.26,3,14.23,0,10.7
14.19,3,14.25,0,10.71
14.19,3,14.25,0,10.72
14.12,3,14.25,0,10.73
14.19,3,14.25,0,10.74
14.26,3,14.25,0,10.75
14.19,3,14.25,0,10.76
14.19,3,14.27,0,10.77
14.19,3,14.25,0,10.78
14.19,3,14.24,0,10.79
14.26,3,14.25,0,10.8
14.19,3,14.25,0,10.81
14.19,3,14.25,0,10.82
14.19,3,14.26,0,10.83
14.26,3,14.26,0,10.84
14.26,3,14.26,0,10.85
14.19,3,14.27,0,10.86
14.26,3,14.26,0,10.87
14.26,3,14.26,0,10.88
14.19,3,14.27,0,10.89
14.26,3,14.27,0,10.9
14.19,3,14.28,0,10.91
14.26,3,14.27,0,10.92
14.26,3,14.27,0,10.93
14.26,3,14.29,0,10.94
14.19,3,14.26,0,10.95
14.26,3,14.27,0,10.96
14.26,3,14.27,0,10.97
14.26,3,14.27,0,10.98
14.19,3,14.27,0,10.99
14.19,3,14.27,0,11
14.26,3,14.27,0,11.01
14.19,3,14.26,0,11.02
14.19,3,14.28,0,11.03
14.26,3,14.27,0,11.04
14.26,3,14.27,0,11.05
14.26,3,14.28,0,11.06
14.19,3,14.28,0,11.07
14.19,3,14.29,0,11.08
14.33,3,14.28,0,11.09
14.33,3,14.28,0,11.1
14.26,3,14.28,0,11.11
14.26,3,14.28,0,11.12
14.26,3,14.29,0,11.13
14.33,3,14.29,0,11.14
14.19,3,14.3,0,11.15
14.26,3,14.29,0,11.16
14.26,3,14.28,0,11.17
14.33,3,14.29,0,11.18
14.19,3,14.29,0,11.19
14.26,3,14.29,0,11.2
14.26,3,14.29,0,11.21
14.26,3,14.29,0,11.22
14.33,3,14.3,0,11.23
14.26,3,14.31,0,11.24
14.33,3,14.3,0,11.25
14.33,3,14.3,0,11.26
14.26,3,14.3,0,11.27
14.33,3,14.3,0,11.28
14.26,3,14.3,0,11.29
14.19,3,14.3,0,11.3
14.26,3,14.3,0,11.31
14.26,3,14.3,0,11.32
14.26,3,14.28,0,11.33
14.26,3,14.29,0,11.34
14.19,3,14.31,0,11.35
14.26,3,14.3,0,11.36
14.33,3,14.29,0,11.37
14.26,3,14.3,0,11.38
14.26,3,14.31,0,11.39
14.26,3,14.3,0,11.4
14.26,3,14.3,0,11.41
14.33,3,14.31,0,11.42
14.19,3,14.31,0,11.43
14.26,3,14.3,0,11.44
14.26,3,14.31,0,11.45
14.19,3,14.3,0,11.46
14.33,3,14.3,0,11.47
14.19,3,14.31,0,11.48
14.33,3,14.31,0,11.49
14.33,3,14.29,0,11.5
14.26,3,14.32,0,11.51
14.33,3,14.31,0,11.52
14.26,3,14.31,0,11.53
14.4,3,14.29,0,11.54
14.33,3,14.31,0,11.55
14.26,3,14.31,0,11.56
14.33,3,14.31,0,11.57
14.26,3,14.31,0,11.58
14.33,3,14.31,0,11.59
14.26,3,14.31,0,11.6
14.33,3,14.31,0,11.61
14.33,3,14.31,0,11.62
14.33,3,14.31,0,11.63
14.26,3,14.32,0,11.64
14.26,3,14.31,0,11.65
14.26,3,14.31,0,11.66
14.26,3,14.31,0,11.67
14.19,3,14.32,0,11.68
14.26,3,14.32,0,11.69
14.33,3,14.32,0,11.7
14.26,3,14.31,0,11.71
14.26,3,14.31,0,11.72
14.26,3,14.31,0,11.73
14.26,3,14.32,0,11.74
14.26,3,14.32,0,11.75
14.26,3,14.31,0,11.76
14.33,3,14.31,0,11.77
14.33,3,14.32,0,11.78
14.33,3,14.32,0,11.79
14.26,3,14.32,0,11.8
14.33,3,14.32,0,11.81
14.33,3,14.32,0,11.82
14.26,3,14.33,0,11.83
14.26,3,14.31,0,11.84
14.33,3,14.32,0,11.85
14.33,3,14.31,0,11.86
14.26,3,14.31,0,11.87
14.26,3,14.33,0,11.88
14.33,3,14.32,0,11.89
14.33,3,14.31,0,11.9
14.26,3,14.32,0,11.91
14.26,3,14.32,0,11.92
14.33,3,14.32,0,11.93
14.33,3,14.32,0,11.94
14.33,3,14.33,0,11.95
14.26,3,14.33,0,11.96
14.26,3,14.32,0,11.97
14.33,3,14.32,0,11.98
14.33,3,14.32,0,11.99
14.26,3,14.32,0,12
14.26,3,14.33,0,12.01
14.26,3,14.31,0,12.02
14.26,3,14.33,0,12.03
14.33,3,14.32,0,12.04
14.33,3,14.32,0,12.05
14.26,3,14.32,0,12.06
14.19,3,14.31,0,12.07
14.26,3,14.32,0,12.08
14.26,3,14.32,0,12.09
14.26,3,14.33,0,12.1
14.33,3,14.32,0,12.11
14.33,3,14.31,0,12.12
14.26,3,14.32,0,12.13
14.26,3,14.33,0,12.14
14.33,3,14.32,0,12.15
14.33,3,14.33,0,12.16
14.33,3,14.33,0,12.17
14.4,3,14.32,0,12.18
14.26,3,14.31,0,12.19
14.33,3,14.31,0,12.2
14.26,3,14.33,0,12.21
14.33,3,14.32,0,12.22
14.33,3,14.31,0,12.23
14.26,3,14.32,0,12.24
14.33,3,14.33,0,12.25
14.33,3,14.33,0,12.26
14.4,3,14.33,0,12.27
14.26,3,14.33,0,12.28
14.26,3,14.32,0,12.29
14.33,3,14.33,0,12.3
14.33,3,14.32,0,12.31
14.33,3,14.32,0,12.32
14.33,3,14.32,0,12.33
14.26,3,14.34,0,12.34
14.26,3,14.32,0,12.35
14.4,3,14.33,0,12.36
14.26,3,14.33,0,12.37
14.54,3,14.31,0,12.38
14.33,3,14.33,0,12.39
14.26,3,14.32,0,12.4
14.33,3,14.33,0,12.41
14.26,3,14.33,0,12.42
14.4,3,14.33,0,12.43
14.33,3,14.33,0,12.44
14.26,3,14.32,0,12.45
14.33,3,14.33,0,12.46
14.26,3,14.32,0,12.47
14.33,3,14.31,0,12.48
14.33,3,14.31,0,12.49
14.33,3,14.32,0,12.5
14.33,3,14.32,0,12.51
14.26,3,14.33,0,12.52
14.33,3,14.29,0,12.53
14.4,3,14.33,0,12.54
14.33,3,14.33,0,12.55
14.33,3,14.34,0,12.56
14.26,3,14.33,0,12.57
14.26,3,14.33,0,12.58
14.33,3,14.32,0,12.59
14.33,3,14.32,0,12.6
14.33,3,14.34,0,12.61
14.33,3,14.32,0,12.62
14.4,3,14.33,0,12.63
14.33,3,14.33,0,12.64
14.33,3,14.34,0,12.65
14.33,3,14.33,0,12.66
14.26,3,14.33,0,12.67
14.4,3,14.32,0,12.68
14.26,3,14.33,0,12.69
14.33,3,14.32,0,12.7
14.26,3,14.32,0,12.71
14.33,3,14.34,0,12.72
14.26,3,14.33,0,12.73
14.26,3,14.33,0,12.74
14.26,3,14.33,0,12.75
14.33,3,14.33,0,12.76
14.26,3,14.35,0,12.77
14.33,3,14.34,0,12.78
14.33,3,14.34,0,12.79
14.26,3,14.35,0,12.8
14.33,3,14.33,0,12.81
14.4,3,14.34,0,12.82
14.47,3,14.34,0,12.83
14.33,3,14.33,0,12.84
14.26,3,14.33,0,12.85
14.26,3,14.33,0,12.86
14.33,3,14.34,0,12.87
14.4,3,14.33,0,12.88
14.4,3,14.33,0,12.89
14.26,3,14.33,0,12.9
14.33,3,14.34,0,12.91
14.4,3,14.33,0,12.92
14.4,3,14.33,0,12.93
14.4,3,14.33,0,12.94
14.26,3,14.33,0,12.95
14.4,3,14.34,0,12.96
14.4,3,14.34,0,12.97
14.26,3,14.33,0,12.98
14.4,3,14.32,0,12.99
14.26,3,14.34,0,13
14.26,3,14.33,0,13.01
14.26,3,14.33,0,13.02
14.19,3,14.34,0,13.03
14.33,3,14.32,0,13.04
14.33,3,14.33,0,13.05
14.33,3,14.34,0,13.06
14.33,3,14.35,0,13.07
14.4,3,14.33,0,13.08
14.33,3,14.34,0,13.09
14.33,3,14.33,0,13.1
14.33,3,14.33,0,13.11
14.4,3,14.33,0,13.12
14.33,3,14.33,0,13.13
14.26,3,14.34,0,13.14
14.4,3,14.34,0,13.15
14.33,3,14.33,0,13.16
14.33,3,14.34,0,13.17
14.4,3,14.33,0,13.18
14.33,3,14.33,0,13.19
14.33,3,14.33,0,13.2
14.33,3,14.33,0,13.21
14.26,3,14.33,0,13.22
14.33,3,14.33,0,13.23
14.33,3,14.34,0,13.24
14.26,3,14.34,0,13.25
14.33,3,14.33,0,13.26
14.26,3,14.32,0,13.27
14.4,3,14.33,0,13.28
14.33,3,14.34,0,13.29
14.26,3,14.34,0,13.3
14.33,3,14.33,0,13.31
14.33,3,14.34,0,13.32
14.33,3,14.33,0,13.33
14.26,3,14.33,0,13.34
14.26,3,14.33,0,13.35
14.33,3,14.33,0,13.36
14.26,3,14.34,0,13.37
14.33,3,14.34,0,13.38
14.26,3,14.34,0,13.39
14.4,3,14.33,0,13.4
14.4,3,14.34,0,13.41
14.33,3,14.35,0,13.42
14.33,3,14.33,0,13.43
14.4,3,14.34,0,13.44
14.33,3,14.35,0,13.45
14.4,3,14.33,0,13.46
14.33,3,14.35,0,13.47
14.26,3,14.34,0,13.48
14.33,3,14.35,0,13.49
14.26,3,14.34,0,13.5
14.26,3,14.32,0,13.51
14.26,3,14.33,0,13.52
14.26,3,14.34,0,13.53
14.26,3,14.33,0,13.54
14.4,3,14.35,0,13.55
14.33,3,14.35,0,13.56
14.26,3,14.34,0,13.57
14.33,3,14.35,0,13.58
14.33,3,14.34,0,13.59
14.33,3,14.33,0,13.6
14.33,3,14.33,0,13.61
14.26,3,14.34,0,13.62
14.33,3,14.34,0,13.63
14.33,3,14.35,0,13.64
14.4,3,14.34,0,13.65
14.33,3,14.34,0,13.66
14.26,3,14.34,0,13.67
14.33,3,14.34,0,13.68
14.33,3,14.34,0,13.69
14.33,3,14.33,0,13.7
14.4,3,14.34,0,13.71
14.33,3,14.34,0,13.72
14.33,3,14.34,0,13.73
14.26,3,14.35,0,13.74
14.26,3,14.34,0,13.75
14.33,3,14.33,0,13.76
14.33,3,14.35,0,13.77
14.33,3,14.37,0,13.78
14.33,3,14.35,0,13.79
14.33,3,14.35,0,13.8
14.33,3,14.34,0,13.81
14.33,3,14.34,0,13.82
14.33,3,14.34,0,13.83
14.33,3,14.36,0,13.84
14.4,3,14.34,0,13.85
14.33,3,14.35,0,13.86
14.33,3,14.35,0,13.87
14.33,3,14.35,0,13.88
14.26,3,14.35,0,13.89
14.19,3,14.34,0,13.9
14.4,3,14.35,0,13.91
14.26,3,14.34,0,13.92
14.33,3,14.35,0,13.93
14.26,3,14.36,0,13.94
14.33,3,14.35,0,13.95
14.33,3,14.33,0,13.96
14.33,3,14.34,0,13.97
14.33,3,14.35,0,13.98
14.4,3,14.34,0,13.99
14.26,3,14.35,0,14
14.4,3,14.36,0,14.01
14.33,3,14.33,0,14.02
14.61,3,14.33,0,14.03
14.26,3,14.35,0,14.04
14.33,3,14.34,0,14.05
14.33,3,14.35,0,14.06
14.26,3,14.35,0,14.07
14.26,3,14.35,0,14.08
14.33,3,14.34,0,14.09
14.26,3,14.35,0,14.1
14.33,3,14.36,0,14.11
14.33,3,14.35,0,14.12
14.4,3,14.35,0,14.13
14.26,3,14.36,0,14.14
14.33,3,14.35,0,14.15
14.33,3,14.35,0,14.16
14.33,3,14.35,0,14.17
14.47,3,14.34,0,14.18
14.26,3,14.35,0,14.19
14.4,3,14.36,0,14.2
14.33,3,14.35,0,14.21
14.4,3,14.35,0,14.22
14.33,3,14.35,0,14.23
14.4,3,14.34,0,14.24
14.26,3,14.35,0,14.25
14.33,3,14.35,0,14.26
14.26,3,14.35,0,14.27
14.33,3,14.35,0,14.28
14.4,3,14.34,0,14.29
14.33,3,14.35,0,14.3
14.26,3,14.34,0,14.31
14.33,3,14.34,0,14.32
14.4,3,14.35,0,14.33
14.26,3,14.35,0,14.34
14.33,3,14.35,0,14.35
14.4,3,14.35,0,14.36
14.33,3,14.35,0,14.37
14.26,3,14.34,0,14.38
14.33,3,14.34,0,14.39
14.4,3,14.34,0,14.4
14.33,3,14.35,0,14.41
14.26,3,14.35,0,14.42
14.33,3,14.33,0,14.43
14.33,3,14.34,0,14.44
14.4,3,14.34,0,14.45
14.26,3,14.34,0,14.46
14.33,3,14.35,0,14.47
14.26,3,14.35,0,14.48
14.26,3,14.35,0,14.49
14.33,3,14.35,0,14.5
14.4,3,14.35,0,14.51
14.4,3,14.35,0,14.52
14.4,3,14.35,0,14.53
14.33,3,14.34,0,14.54
14.33,3,14.35,0,14.55
14.26,3,14.36,0,14.56
14.4,3,14.35,0,14.57
14.26,3,14.35,0,14.58
14.4,3,14.35,0,14.59
14.4,3,14.34,0,14.6
14.33,3,14.35,0,14.61
14.33,3,14.36,0,14.62
14.26,3,14.34,0,14.63
14.47,3,14.35,0,14.64
14.4,3,14.35,0,14.65
14.26,3,14.36,0,14.66
14.33,3,14.34,0,14.67
14.26,3,14.35,0,14.68
14.33,3,14.36,0,14.69
14.4,3,14.34,0,14.7
14.33,3,14.34,0,14.71
14.33,3,14.36,0,14.72
14.33,3,14.36,0,14.73
14.4,3,14.35,0,14.74
14.33,3,14.34,0,14.75
14.33,3,14.35,0,14.76
14.33,3,14.34,0,14.77
14.33,3,14.35,0,14.78
14.4,3,14.35,0,14.79
14.33,3,14.34,0,14.8
14.33,3,14.34,0,14.81
14.4,3,14.34,0,14.82
14.4,3,14.35,0,14.83
14.4,3,14.35,0,14.84
14.33,3,14.35,0,14.85
14.4,3,14.35,0,14.86
14.33,3,14.34,0,14.87
14.26,3,14.35,0,14.88
14.33,3,14.34,0,14.89
14.33,3,14.35,0,14.9
14.33,3,14.34,0,14.91
14.33,3,14.35,0,14.92
14.33,3,14.34,0,14.93
14.33,3,14.34,0,14.94
14.33,3,14.35,0,14.95
14.33,3,14.35,0,14.96
14.33,3,14.34,0,14.97
14.33,3,14.35,0,14.98
14.4,3,14.35,0,14.99
14.33,3,14.34,0,15
14.33,30,14.36,0,15.01
14.4,30,5.67,0.56,15.02
15.91,30,5.2,0.57,15.03
17.76,30,3.34,0.57,15.04
19.42,30,1.54,0.56,15.05
21.11,30,0.2,0.56,15.06
22.6,30,1.75,0.56,15.07
23.8,30,3.17,0.56,15.08
25.01,30,4.51,0.56,15.09
26.07,30,5.71,0.56,15.1
27.06,30,6.84,0.55,15.11
27.89,30,7.85,0.55,15.12
28.73,30,8.77,0.55,15.13
29.41,30,9.6,0.55,15.14
30,30,10.35,0.55,15.15
30.77,30,11.03,0.55,15.16
31.29,30,11.63,0.54,15.17
31.72,30,12.18,0.54,15.18
32.16,30,12.7,0.54,15.19
32.42,30,13.16,0.54,15.2
32.77,30,13.55,0.54,15.21
33.12,30,13.94,0.54,15.22
33.48,30,14.28,0.53,15.23
33.56,30,14.56,0.53,15.24
33.74,30,14.86,0.53,15.25
33.92,30,15.07,0.53,15.26
34.01,30,15.27,0.53,15.27
34.27,30,15.48,0.53,15.28
34.27,30,15.64,0.52,15.29
34.45,30,15.82,0.52,15.3
34.54,30,15.96,0.52,15.31
34.54,30,16.09,0.52,15.32
34.54,30,16.19,0.52,15.33
34.72,30,16.27,0.52,15.34
34.81,30,16.35,0.52,15.35
34.72,30,16.43,0.51,15.36
34.63,30,16.49,0.51,15.37
34.81,30,16.55,0.51,15.38
34.72,30,16.61,0.51,15.39
34.72,30,16.66,0.51,15.4
34.81,30,16.71,0.51,15.41
34.72,30,16.73,0.51,15.42
34.63,30,16.76,0.51,15.43
34.63,30,16.79,0.5,15.44
34.63,30,16.83,0.5,15.45
34.63,30,16.84,0.5,15.46
34.54,30,16.87,0.5,15.47
34.54,30,16.87,0.5,15.48
34.54,30,16.9,0.5,15.49
34.54,30,16.87,0.5,15.5
34.54,30,16.91,0.5,15.51
34.45,30,16.89,0.49,15.52
34.27,30,16.89,0.49,15.53
34.45,30,16.83,0.49,15.54
34.18,30,16.82,0.49,15.55
34.09,30,16.84,0.49,15.56
34.27,30,16.85,0.49,15.57
34.09,30,16.86,0.49,15.58
34.09,30,16.87,0.49,15.59
34.09,30,16.85,0.49,15.6
34.01,30,16.86,0.48,15.61
33.92,30,16.85,0.48,15.62
33.83,30,16.83,0.48,15.63
33.74,30,16.81,0.48,15.64
33.74,30,16.82,0.48,15.65
33.74,30,16.81,0.48,15.66
33.65,30,16.79,0.48,15.67
33.74,30,16.8,0.48,15.68
33.74,30,16.83,0.48,15.69
33.74,30,16.77,0.47,15.7
33.56,30,16.76,0.47,15.71
33.48,30,16.72,0.47,15.72
33.48,30,16.72,0.47,15.73
33.48,30,16.71,0.47,15.74
33.21,30,16.72,0.47,15.75
33.3,30,16.71,0.47,15.76
33.21,30,16.7,0.47,15.77
33.12,30,16.69,0.47,15.78
33.21,30,16.67,0.47,15.79
33.12,30,16.67,0.47,15.8
33.12,30,16.67,0.47,15.81
33.03,30,16.66,0.46,15.82
33.12,30,16.65,0.46,15.83
33.03,30,16.62,0.46,15.84
32.95,30,16.6,0.46,15.85
33.03,30,16.61,0.46,15.86
32.86,30,16.62,0.46,15.87
32.77,30,16.59,0.46,15.88
32.86,30,16.54,0.46,15.89
32.77,30,16.55,0.46,15.9
32.68,30,16.53,0.46,15.91
32.6,30,16.52,0.46,15.92
32.68,30,16.49,0.46,15.93
32.68,30,16.5,0.46,15.94
32.68,30,16.47,0.45,15.95
32.6,30,16.45,0.45,15.96
32.51,30,16.43,0.45,15.97
32.51,30,16.5,0.45,15.98
32.51,30,16.47,0.45,15.99
32.51,30,16.46,0.45,16
32.33,30,16.43,0.45,16.01
32.33,30,16.44,0.45,16.02
32.42,30,16.44,0.45,16.03
32.25,30,16.45,0.45,16.04
32.16,30,16.42,0.45,16.05
32.33,30,16.41,0.45,16.06
32.25,30,16.38,0.45,16.07
32.33,30,16.37,0.45,16.08
32.16,30,16.33,0.45,16.09
32.07,30,16.33,0.45,16.1
32.07,30,16.34,0.45,16.11
32.07,30,16.35,0.44,16.12
31.99,30,16.34,0.44,16.13
31.99,30,16.32,0.44,16.14
32.07,30,16.32,0.44,16.15
31.81,30,16.3,0.44,16.16
31.9,30,16.32,0.44,16.17
31.81,30,16.3,0.44,16.18
31.9,30,16.3,0.44,16.19
31.9,30,16.29,0.44,16.2
31.9,30,16.26,0.44,16.21
31.81,30,16.26,0.44,16.22
31.72,30,16.28,0.44,16.23
31.81,30,16.23,0.44,16.24
31.9,30,16.25,0.44,16.25
31.81,30,16.24,0.44,16.26
31.64,30,16.23,0.44,16.27
31.72,30,16.25,0.44,16.28
31.64,30,16.24,0.44,16.29
31.64,30,16.23,0.44,16.3
31.46,30,16.25,0.44,16.31
31.46,30,16.24,0.43,16.32
31.64,30,16.21,0.43,16.33
31.64,30,16.23,0.43,16.34
31.64,30,16.15,0.43,16.35
31.46,30,16.13,0.43,16.36
31.46,30,16.17,0.43,16.37
31.46,30,16.13,0.43,16.38
31.38,30,16.12,0.43,16.39
31.46,30,16.13,0.43,16.4
31.29,30,16.11,0.43,16.41
31.38,30,16.11,0.43,16.42
31.29,30,16.12,0.43,16.43
31.29,30,16.11,0.43,16.44
31.38,30,16.07,0.43,16.45
31.29,30,16.07,0.43,16.46
31.2,30,16.08,0.43,16.47
31.38,30,16.08,0.43,16.48
31.2,30,16.09,0.43,16.49
31.2,30,16.08,0.43,16.5
31.2,30,16.08,0.43,16.51
31.2,30,16.09,0.43,16.52
31.29,30,16.09,0.43,16.53
31.29,30,16.1,0.43,16.54
31.12,30,16.09,0.43,16.55
31.2,30,16.07,0.43,16.56
31.12,30,16.06,0.43,16.57
31.2,30,16.06,0.43,16.58
31.12,30,16.06,0.43,16.59
31.12,30,16.05,0.43,16.6
31.12,30,16.05,0.42,16.61
31.03,30,16.04,0.42,16.62
30.95,30,16.06,0.42,16.63
31.03,30,16.11,0.42,16.64
31.03,30,16.06,0.42,16.65
30.95,30,16.07,0.42,16.66
31.03,30,16.05,0.42,16.67
31.03,30,16.05,0.42,16.68
31.03,30,16.03,0.42,16.69
31.03,30,16.03,0.42,16.7
30.95,30,16.03,0.42,16.71
31.03,30,16.04,0.42,16.72
30.95,30,16.03,0.42,16.73
31.03,30,16.02,0.42,16.74
30.86,30,16,0.42,16.75
30.86,30,15.98,0.42,16.76
30.77,30,15.99,0.42,16.77
30.77,30,15.96,0.42,16.78
30.95,30,15.96,0.42,16.79
30.86,30,15.95,0.42,16.8
30.95,30,15.96,0.42,16.81
30.86,30,15.96,0.42,16.82
30.95,30,15.97,0.42,16.83
30.77,30,15.96,0.42,16.84
30.77,30,15.94,0.42,16.85
30.86,30,15.97,0.42,16.86
30.77,30,15.96,0.42,16.87
30.69,30,15.94,0.42,16.88
30.77,30,15.93,0.42,16.89
30.77,30,15.94,0.42,16.9
30.69,30,15.94,0.42,16.91
30.69,30,15.93,0.42,16.92
30.77,30,15.92,0.42,16.93
30.69,30,15.91,0.42,16.94
30.6,30,15.92,0.42,16.95
30.77,30,15.93,0.42,16.96
30.69,30,15.91,0.42,16.97
30.77,30,15.92,0.42,16.98
30.69,30,15.93,0.42,16.99
30.69,30,15.93,0.42,17
30.6,30,15.93,0.42,17.01
30.69,30,15.92,0.42,17.02
30.6,30,15.92,0.42,17.03
30.6,30,15.92,0.42,17.04
30.69,30,15.92,0.41,17.05
30.69,30,15.92,0.41,17.06
30.6,30,15.91,0.41,17.07
30.52,30,15.92,0.41,17.08
30.6,30,15.91,0.41,17.09
30.6,30,15.9,0.41,17.1
30.52,30,15.9,0.41,17.11
30.52,30,15.91,0.41,17.12
30.52,30,15.86,0.41,17.13
30.52,30,15.87,0.41,17.14
30.52,30,15.91,0.41,17.15
30.52,30,15.89,0.41,17.16
30.52,30,15.87,0.41,17.17
30.43,30,15.88,0.41,17.18
30.43,30,15.88,0.41,17.19
30.52,30,15.87,0.41,17.2
30.43,30,15.86,0.41,17.21
30.52,30,15.88,0.41,17.22
30.52,30,15.86,0.41,17.23
30.52,30,15.83,0.41,17.24
30.34,30,15.86,0.41,17.25
30.43,30,15.83,0.41,17.26
30.43,30,15.85,0.41,17.27
30.34,30,15.84,0.41,17.28
30.43,30,15.85,0.41,17.29
30.34,30,15.86,0.41,17.3
30.43,30,15.86,0.41,17.31
30.34,30,15.85,0.41,17.32
30.52,30,15.85,0.41,17.33
30.34,30,15.86,0.41,17.34
30.43,30,15.86,0.41,17.35
30.43,30,15.84,0.41,17.36
30.34,30,15.85,0.41,17.37
30.43,30,15.85,0.41,17.38
30.34,30,15.85,0.41,17.39
30.43,30,15.85,0.41,17.4
30.26,30,15.86,0.41,17.41
30.34,30,15.86,0.41,17.42
30.34,30,15.86,0.41,17.43
30.43,30,15.86,0.41,17.44
30.43,30,15.85,0.41,17.45
30.43,30,15.85,0.41,17.46
30.43,30,15.87,0.41,17.47
30.34,30,15.84,0.41,17.48
30.34,30,15.85,0.41,17.49
30.34,30,15.88,0.41,17.5
30.43,30,15.84,0.41,17.51
30.34,30,15.86,0.41,17.52
30.26,30,15.83,0.41,17.53
30.43,30,15.86,0.41,17.54
30.26,30,15.83,0.41,17.55
30.43,30,15.84,0.41,17.56
30.34,30,15.85,0.41,17.57
30.34,30,15.83,0.41,17.58
30.34,30,15.86,0.41,17.59
30.34,30,15.84,0.41,17.6
30.17,30,15.84,0.41,17.61
30.34,30,15.89,0.41,17.62
30.34,30,15.85,0.41,17.63
30.34,30,15.83,0.41,17.64
30.34,30,15.83,0.41,17.65
30.34,30,15.84,0.41,17.66
30.34,30,15.86,0.41,17.67
30.26,30,15.84,0.41,17.68
30.34,30,15.82,0.41,17.69
30.26,30,15.83,0.41,17.7
30.26,30,15.82,0.41,17.71
30.26,30,15.82,0.41,17.72
30.26,30,15.83,0.41,17.73
30.26,30,15.82,0.41,17.74
30.26,30,15.82,0.41,17.75
30.17,30,15.8,0.41,17.76
30.26,30,15.81,0.41,17.77
30.09,30,15.82,0.41,17.78
30.26,30,15.79,0.41,17.79
30.09,30,15.79,0.41,17.8
30.26,30,15.8,0.41,17.81
30.26,30,15.81,0.41,17.82
30.26,30,15.8,0.41,17.83
30.26,30,15.8,0.41,17.84
30.09,30,15.81,0.41,17.85
30.26,30,15.81,0.41,17.86
30.26,30,15.78,0.41,17.87
30.09,30,15.79,0.41,17.88
30.26,30,15.82,0.41,17.89
30.09,30,15.82,0.41,17.9
30.26,30,15.81,0.41,17.91
30.09,30,15.78,0.41,17.92
30.17,30,15.79,0.41,17.93
30.09,30,15.81,0.41,17.94
30.09,30,15.79,0.41,17.95
30.09,30,15.8,0.41,17.96
30.26,30,15.77,0.41,17.97
30.09,30,15.75,0.41,17.98
30.26,30,15.77,0.41,17.99
30.09,30,15.76,0.41,18
30.09,30,15.78,0.41,18.01
30.09,30,15.8,0.41,18.02
30.09,30,15.8,0.41,18.03
30.09,30,15.74,0.41,18.04
30.09,30,15.77,0.41,18.05
30.09,30,15.75,0.41,18.06
30,30,15.76,0.41,18.07
30,30,15.7,0.41,18.08
30.26,30,15.72,0.41,18.09
30.26,30,15.78,0.41,18.1
30.09,30,15.76,0.41,18.11
30,30,15.73,0.41,18.12
30.09,30,15.72,0.41,18.13
30.09,30,15.73,0.41,18.14
30,30,15.75,0.41,18.15
30,30,15.73,0.41,18.16
30.09,30,15.73,0.41,18.17
