3.02,3,0,0.1,0
3.02,3,0,0.1,0.01
3.02,3,0,0.1,0.02
2.96,3,0,0.1,0.03
3.02,3,0,0.1,0.04
2.96,3,0,0.1,0.05
3.02,3,0,0.1,0.06
2.96,3,0,0.1,0.07
3.02,3,0,0.1,0.08
2.96,3,0,0.1,0.09
3.07,3,0,0.1,0.1
3.02,3,0,0.1,0.11
2.96,3,0,0.1,0.12
2.96,3,0,0.1,0.13
2.96,3,0,0.1,0.14
3.02,3,0,0.1,0.15
2.96,3,0,0.1,0.16
3.07,3,0,0.1,0.17
3.02,3,0,0.1,0.18
3.02,3,0,0.1,0.19
2.96,3,0,0.1,0.2
2.96,3,0,0.1,0.21
3.02,3,0,0.1,0.22
3.02,3,0,0.1,0.23
3.02,3,0,0.1,0.24
2.96,3,0,0.1,0.25
3.07,3,0,0.1,0.26
3.02,3,0,0.1,0.27
2.96,3,0,0.1,0.28
2.96,3,0,0.1,0.29
3.02,3,0,0.1,0.3
3.02,3,0,0.1,0.31
2.96,3,0,0.1,0.32
3.02,3,0,0.1,0.33
2.96,3,0,0.1,0.34
3.02,3,0,0.1,0.35
3.02,3,0,0.1,0.36
3.02,3,0,0.1,0.37
3.02,3,0,0.1,0.38
3.02,3,0,0.1,0.39
3.07,3,0,0.1,0.4
3.02,3,0,0.1,0.41
3.02,3,0,0.1,0.42
3.02,3,0,0.1,0.43
2.96,3,0,0.1,0.44
2.96,3,0,0.1,0.45
2.96,3,0,0.1,0.46
3.02,3,0,0.1,0.47
3.02,3,0,0.1,0.48
3.02,3,0,0.1,0.49
2.96,3,0,0.1,0.5
3.02,3,0,0.1,0.51
3.02,3,0,0.1,0.52
3.02,3,0,0.1,0.53
3.02,3,0,0.1,0.54
2.96,3,0,0.1,0.55
3.02,3,0,0.1,0.56
3.07,3,0,0.1,0.57
3.02,3,0,0.1,0.58
2.96,3,0,0.1,0.59
3.02,3,0,0.1,0.6
3.02,3,0,0.1,0.61
3.02,3,0,0.1,0.62
3.02,3,0,0.1,0.63
3.07,3,0,0.1,0.64
2.96,3,0,0.1,0.65
2.96,3,0,0.1,0.66
3.02,3,0,0.1,0.67
2.96,3,0,0.1,0.68
3.19,3,0,0.1,0.69
2.96,3,0,0.1,0.7
3.02,3,0,0.1,0.71
3.02,3,0,0.1,0.72
2.96,3,0,0.1,0.73
3.02,3,0,0.1,0.74
2.96,3,0,0.1,0.75
3.02,3,0,0.1,0.76
2.96,3,0,0.1,0.77
2.96,3,0,0.1,0.78
2.96,3,0,0.1,0.79
2.96,3,0,0.1,0.8
3.02,3,0,0.1,0.81
2.96,3,0,0.1,0.82
3.02,3,0,0.1,0.83
2.96,3,0,0.1,0.84
2.96,3,0,0.1,0.85
2.96,3,0,0.1,0.86
3.02,3,0,0.1,0.87
3.02,3,0,0.1,0.88
3.07,3,0,0.1,0.89
2.96,3,0,0.1,0.9
3.02,3,0,0.1,0.91
2.96,3,0,0.1,0.92
3.02,3,0,0.1,0.93
2.96,3,0,0.1,0.94
3.02,3,0,0.1,0.95
2.96,3,0,0.1,0.96
2.96,3,0,0.1,0.97
2.96,3,0,0.1,0.98
3.02,3,0,0.1,0.99
3.07,3,0,0.1,1
3.02,3,0,0.1,1.01
2.96,3,0,0.1,1.02
3.02,3,0,0.1,1.03
3.02,3,0,0.1,1.04
3.07,3,0,0.1,1.05
3.02,3,0,0.1,1.06
2.96,3,0,0.1,1.07
3.02,3,0,0.1,1.08
2.96,3,0,0.1,1.09
2.96,3,0,0.1,1.1
3.02,3,0,0.1,1.11
3.02,3,0,0.1,1.12
2.96,3,0,0.1,1.13
2.96,3,0,0.1,1.14
3.02,3,0,0.1,1.15
3.07,3,0,0.1,1.16
2.96,3,0,0.1,1.17
3.02,3,0,0.1,1.18
3.07,3,0,0.1,1.19
3.02,3,0,0.1,1.2
3.02,3,0,0.1,1.21
3.07,3,0,0.1,1.22
3.02,3,0,0.1,1.23
2.96,3,0,0.1,1.24
3.02,3,0,0.1,1.25
3.02,3,0,0.1,1.26
2.96,3,0,0.1,1.27
2.96,3,0,0.1,1.28
2.96,3,0,0.1,1.29
3.02,3,0,0.1,1.3
3.02,3,0,0.1,1.31
3.02,3,0,0.1,1.32
2.96,3,0,0.1,1.33
3.02,3,0,0.1,1.34
2.96,3,0,0.1,1.35
3.02,3,0,0.1,1.36
3.02,3,0,0.1,1.37
2.96,3,0,0.1,1.38
2.96,3,0,0.1,1.39
3.02,3,0,0.1,1.4
3.02,3,0,0.1,1.41
3.07,3,0,0.1,1.42
3.02,3,0,0.1,1.43
3.02,3,0,0.1,1.44
3.02,3,0,0.1,1.45
3.07,3,0,0.1,1.46
3.02,3,0,0.1,1.47
2.96,3,0,0.1,1.48
2.96,3,0,0.1,1.49
2.96,3,0,0.1,1.5
2.96,3,0,0.1,1.51
3.07,3,0,0.1,1.52
2.96,3,0,0.1,1.53
3.02,3,0,0.1,1.54
2.96,3,0,0.1,1.55
2.96,3,0,0.1,1.56
2.96,3,0,0.1,1.57
2.91,3,0,0.1,1.58
3.02,3,0,0.1,1.59
2.96,3,0,0.1,1.6
3.02,3,0,0.1,1.61
3.02,3,0,0.1,1.62
3.07,3,0,0.1,1.63
3.02,3,0,0.1,1.64
2.96,3,0,0.1,1.65
3.02,3,0,0.1,1.66
3.07,3,0,0.1,1.67
3.02,3,0,0.1,1.68
3.02,3,0,0.1,1.69
3.07,3,0,0.1,1.7
3.02,3,0,0.1,1.71
3.07,3,0,0.1,1.72
3.02,3,0,0.1,1.73
2.96,3,0,0.1,1.74
2.96,3,0,0.1,1.75
3.07,3,0,0.1,1.76
3.02,3,0,0.1,1.77
3.02,3,0,0.1,1.78
3.02,3,0,0.1,1.79
3.02,3,0,0.1,1.8
2.96,3,0,0.1,1.81
2.96,3,0,0.1,1.82
3.02,3,0,0.1,1.83
3.02,3,0,0.1,1.84
3.02,3,0,0.1,1.85
3.07,3,0,0.1,1.86
3.07,3,0,0.1,1.87
3.07,3,0,0.1,1.88
3.02,3,0,0.1,1.89
3.02,3,0,0.1,1.9
2.96,3,0,0.1,1.91
3.02,3,0,0.1,1.92
3.02,3,0,0.1,1.93
2.96,3,0,0.1,1.94
2.96,3,0,0.1,1.95
3.02,3,0,0.1,1.96
2.85,3,0,0.1,1.97
2.96,3,0,0.1,1.98
3.02,3,0,0.1,1.99
2.96,3,0,0.1,2
3.02,3,0,0.1,2.01
3.07,3,0,0.1,2.02
3.02,3,0,0.1,2.03
3.02,3,0,0.1,2.04
3.02,3,0,0.1,2.05
2.96,3,0,0.1,2.06
2.96,3,0,0.1,2.07
3.02,3,0,0.1,2.08
2.96,3,0,0.1,2.09
2.96,3,0,0.1,2.1
2.96,3,0,0.1,2.11
3.07,3,0,0.1,2.12
3.02,3,0,0.1,2.13
3.02,3,0,0.1,2.14
3.02,3,0,0.1,2.15
3.02,3,0,0.1,2.16
2.96,3,0,0.1,2.17
2.96,3,0,0.1,2.18
3.07,3,0,0.1,2.19
3.02,3,0,0.1,2.2
3.02,3,0,0.1,2.21
3.02,3,0,0.1,2.22
3.02,3,0,0.1,2.23
2.96,3,0,0.1,2.24
2.96,3,0,0.1,2.25
2.96,3,0,0.1,2.26
3.02,3,0,0.1,2.27
2.96,3,0,0.1,2.28
3.02,3,0,0.1,2.29
3.02,3,0,0.1,2.3
3.02,3,0,0.1,2.31
3.02,3,0,0.1,2.32
3.02,3,0,0.1,2.33
2.96,3,0,0.1,2.34
3.02,3,0,0.1,2.35
2.96,3,0,0.1,2.36
2.96,3,0,0.1,2.37
2.96,3,0,0.1,2.38
2.96,3,0,0.1,2.39
3.02,3,0,0.1,2.4
2.96,3,0,0.1,2.41
2.96,3,0,0.1,2.42
2.96,3,0,0.1,2.43
3.02,3,0,0.1,2.44
3.02,3,0,0.1,2.45
3.02,3,0,0.1,2.46
2.91,3,0,0.1,2.47
3.02,3,0,0.1,2.48
3.02,3,0,0.1,2.49
3.02,3,0,0.1,2.5
3.07,3,0,0.1,2.51
2.96,3,0,0.1,2.52
3.02,3,0,0.1,2.53
3.02,3,0,0.1,2.54
3.02,3,0,0.1,2.55
2.96,3,0,0.1,2.56
2.85,3,0,0.1,2.57
3.02,3,0,0.1,2.58
3.02,3,0,0.1,2.59
3.02,3,0,0.1,2.6
2.96,3,0,0.1,2.61
3.02,3,0,0.1,2.62
3.02,3,0,0.1,2.63
2.96,3,0,0.1,2.64
3.02,3,0,0.1,2.65
3.02,3,0,0.1,2.66
3.02,3,0,0.1,2.67
3.07,3,0,0.1,2.68
3.02,3,0,0.1,2.69
2.96,3,0,0.1,2.7
2.96,3,0,0.1,2.71
3.07,3,0,0.1,2.72
3.07,3,0,0.1,2.73
3.07,3,0,0.1,2.74
3.02,3,0,0.1,2.75
2.96,3,0,0.1,2.76
2.96,3,0,0.1,2.77
3.02,3,0,0.1,2.78
3.02,3,0,0.1,2.79
3.07,3,0,0.1,2.8
2.96,3,0,0.1,2.81
3.02,3,0,0.1,2.82
3.02,3,0,0.1,2.83
2.96,3,0,0.1,2.84
3.02,3,0,0.1,2.85
2.96,3,0,0.1,2.86
3.07,3,0,0.1,2.87
3.02,3,0,0.1,2.88
3.02,3,0,0.1,2.89
2.96,3,0,0.1,2.9
2.96,3,0,0.1,2.91
2.96,3,0,0.1,2.92
3.02,3,0,0.1,2.93
3.02,3,0,0.1,2.94
2.96,3,0,0.1,2.95
2.96,3,0,0.1,2.96
3.02,3,0,0.1,2.97
2.96,3,0,0.1,2.98
3.02,3,0,0.1,2.99
3.02,3,0,0.1,3
3.07,3,0,0.1,3.01
3.02,3,0,0.1,3.02
3.02,3,0,0.1,3.03
3.07,3,0,0.1,3.04
3.02,3,0,0.1,3.05
3.02,3,0,0.1,3.06
3.02,3,0,0.1,3.07
3.02,3,0,0.1,3.08
2.96,3,0,0.1,3.09
3.02,3,0,0.1,3.1
3.02,3,0,0.1,3.11
2.96,3,0,0.1,3.12
2.96,3,0,0.1,3.13
3.02,3,0,0.1,3.14
2.96,3,0,0.1,3.15
2.96,3,0,0.1,3.16
3.02,3,0,0.1,3.17
3.02,3,0,0.1,3.18
2.96,3,0,0.1,3.19
2.96,3,0,0.1,3.2
2.96,3,0,0.1,3.21
3.02,3,0,0.1,3.22
3.02,3,0,0.1,3.23
2.96,3,0,0.1,3.24
3.02,3,0,0.1,3.25
3.02,3,0,0.1,3.26
2.96,3,0,0.1,3.27
2.96,3,0,0.1,3.28
3.02,3,0,0.1,3.29
3.02,3,0,0.1,3.3
2.96,3,0,0.1,3.31
3.02,3,0,0.1,3.32
2.96,3,0,0.1,3.33
3.02,3,0,0.1,3.34
3.07,3,0,0.1,3.35
2.96,3,0,0.1,3.36
2.96,3,0,0.1,3.37
3.02,3,0,0.1,3.38
2.96,3,0,0.1,3.39
3.02,3,0,0.1,3.4
3.02,3,0,0.1,3.41
3.02,3,0,0.1,3.42
2.96,3,0,0.1,3.43
3.02,3,0,0.1,3.44
3.07,3,0,0.1,3.45
3.02,3,0,0.1,3.46
3.02,3,0,0.1,3.47
3.02,3,0,0.1,3.48
2.96,3,0,0.1,3.49
3.07,3,0,0.1,3.5
3.02,3,0,0.1,3.51
2.96,3,0,0.1,3.52
2.96,3,0,0.1,3.53
3.02,3,0,0.1,3.54
2.96,3,0,0.1,3.55
3.02,3,0,0.1,3.56
3.07,3,0,0.1,3.57
3.02,3,0,0.1,3.58
3.02,3,0,0.1,3.59
3.02,3,0,0.1,3.6
3.02,3,0,0.1,3.61
3.02,3,0,0.1,3.62
3.02,3,0,0.1,3.63
3.02,3,0,0.1,3.64
2.96,3,0,0.1,3.65
2.96,3,0,0.1,3.66
3.07,3,0,0.1,3.67
3.07,3,0,0.1,3.68
2.96,3,0,0.1,3.69
2.96,3,0,0.1,3.7
3.02,3,0,0.1,3.71
3.07,3,0,0.1,3.72
3.02,3,0,0.1,3.73
2.96,3,0,0.1,3.74
2.96,3,0,0.1,3.75
3.07,3,0,0.1,3.76
3.07,3,0,0.1,3.77
2.96,3,0,0.1,3.78
3.02,3,0,0.1,3.79
3.02,3,0,0.1,3.8
3.07,3,0,0.1,3.81
3.02,3,0,0.1,3.82
3.02,3,0,0.1,3.83
2.96,3,0,0.1,3.84
3.02,3,0,0.1,3.85
3.02,3,0,0.1,3.86
2.96,3,0,0.1,3.87
3.07,3,0,0.1,3.88
3.02,3,0,0.1,3.89
3.02,3,0,0.1,3.9
3.02,3,0,0.1,3.91
2.96,3,0,0.1,3.92
3.02,3,0,0.1,3.93
3.02,3,0,0.1,3.94
2.96,3,0,0.1,3.95
2.96,3,0,0.1,3.96
2.96,3,0,0.1,3.97
3.07,3,0,0.1,3.98
3.02,3,0,0.1,3.99
3.02,3,0,0.1,4
2.96,3,0,0.1,4.01
3.02,3,0,0.1,4.02
3.02,3,0,0.1,4.03
2.96,3,0,0.1,4.04
3.02,3,0,0.1,4.05
3.07,3,0,0.1,4.06
3.07,3,0,0.1,4.07
3.02,3,0,0.1,4.08
2.96,3,0,0.1,4.09
3.02,3,0,0.1,4.1
3.02,3,0,0.1,4.11
2.96,3,0,0.1,4.12
3.02,3,0,0.1,4.13
3.02,3,0,0.1,4.14
3.02,3,0,0.1,4.15
3.02,3,0,0.1,4.16
2.96,3,0,0.1,4.17
2.85,3,0,0.1,4.18
2.96,3,0,0.1,4.19
3.07,3,0,0.1,4.2
3.02,3,0,0.1,4.21
3.07,3,0,0.1,4.22
3.02,3,0,0.1,4.23
3.02,3,0,0.1,4.24
3.02,3,0,0.1,4.25
3.02,3,0,0.1,4.26
3.07,3,0,0.1,4.27
3.02,3,0,0.1,4.28
2.96,3,0,0.1,4.29
3.02,3,0,0.1,4.3
3.02,3,0,0.1,4.31
2.96,3,0,0.1,4.32
3.07,3,0,0.1,4.33
3.02,3,0,0.1,4.34
3.02,3,0,0.1,4.35
2.96,3,0,0.1,4.36
3.02,3,0,0.1,4.37
2.96,3,0,0.1,4.38
3.02,3,0,0.1,4.39
2.96,3,0,0.1,4.4
2.96,3,0,0.1,4.41
3.02,3,0,0.1,4.42
3.07,3,0,0.1,4.43
3.02,3,0,0.1,4.44
3.02,3,0,0.1,4.45
3.02,3,0,0.1,4.46
2.96,3,0,0.1,4.47
2.96,3,0,0.1,4.48
2.96,3,0,0.1,4.49
3.02,3,0,0.1,4.5
3.02,3,0,0.1,4.51
3.07,3,0,0.1,4.52
3.02,3,0,0.1,4.53
3.07,3,0,0.1,4.54
2.96,3,0,0.1,4.55
3.02,3,0,0.1,4.56
2.96,3,0,0.1,4.57
3.02,3,0,0.1,4.58
3.02,3,0,0.1,4.59
2.96,3,0,0.1,4.6
3.07,3,0,0.1,4.61
3.02,3,0,0.1,4.62
2.96,3,0,0.1,4.63
2.96,3,0,0.1,4.64
3.02,3,0,0.1,4.65
2.96,3,0,0.1,4.66
2.96,3,0,0.1,4.67
3.02,3,0,0.1,4.68
2.96,3,0,0.1,4.69
2.96,3,0,0.1,4.7
2.96,3,0,0.1,4.71
2.96,3,0,0.1,4.72
3.02,3,0,0.1,4.73
3.13,3,0,0.1,4.74
2.96,3,0,0.1,4.75
2.96,3,0,0.1,4.76
3.02,3,0,0.1,4.77
3.02,3,0,0.1,4.78
3.02,3,0,0.1,4.79
2.96,3,0,0.1,4.8
3.02,3,0,0.1,4.81
3.02,3,0,0.1,4.82
2.96,3,0,0.1,4.83
3.02,3,0,0.1,4.84
3.02,3,0,0.1,4.85
2.96,3,0,0.1,4.86
3.02,3,0,0.1,4.87
2.96,3,0,0.1,4.88
2.96,3,0,0.1,4.89
3.02,3,0,0.1,4.9
3.02,3,0,0.1,4.91
3.07,3,0,0.1,4.92
3.02,3,0,0.1,4.93
2.96,3,0,0.1,4.94
2.96,3,0,0.1,4.95
3.02,3,0,0.1,4.96
3.02,3,0,0.1,4.97
3.02,3,0,0.1,4.98
2.96,3,0,0.1,4.99
3.02,3,0,0.1,5
3.02,30,0,0.1,5.01
2.96,30,0,0.6,5.02
4.16,30,0,0.6,5.03
5.34,30,0,0.6,5.04
6.69,30,0,0.6,5.05
8.02,30,0,0.6,5.06
9.32,30,0,0.6,5.07
10.52,30,0,0.6,5.08
11.6,30,0,0.61,5.09
12.64,30,0,0.61,5.1
13.62,30,0,0.61,5.11
14.54,30,0,0.61,5.12
15.41,30,0,0.61,5.13
16.06,30,0,0.61,5.14
16.79,30,0,0.61,5.15
17.39,30,0,0.61,5.16
18.06,30,0,0.61,5.17
18.66,30,0,0.61,5.18
19.27,30,0,0.61,5.19
19.57,30,0,0.61,5.2
20.11,30,0,0.61,5.21
20.49,30,0,0.61,5.22
20.88,30,0,0.62,5.23
21.11,30,0,0.62,5.24
21.5,30,0,0.62,5.25
21.89,30,0,0.62,5.26
22.05,30,0,0.62,5.27
22.36,30,0,0.62,5.28
22.6,30,0,0.62,5.29
22.84,30,0,0.62,5.3
23,30,0,0.62,5.31
23.16,30,0,0.62,5.32
23.32,30,0,0.62,5.33
23.56,30,0,0.62,5.34
23.72,30,0,0.62,5.35
23.8,30,0,0.62,5.36
24.04,30,0,0.62,5.37
23.96,30,0,0.62,5.38
24.28,30,0,0.62,5.39
24.36,30,0,0.62,5.4
24.28,30,0,0.62,5.41
24.44,30,0,0.63,5.42
24.52,30,0,0.63,5.43
24.68,30,0,0.63,5.44
24.76,30,0,0.63,5.45
24.68,30,0,0.63,5.46
24.76,30,0,0.63,5.47
25.01,30,0,0.63,5.48
25.01,30,0,0.63,5.49
25.09,30,0,0.63,5.5
25.09,30,0,0.63,5.51
25.17,30,0,0.63,5.52
25.09,30,0,0.63,5.53
25.25,30,0,0.63,5.54
25.25,30,0,0.63,5.55
25.25,30,0,0.63,5.56
25.41,30,0,0.63,5.57
25.41,30,0,0.63,5.58
25.58,30,0,0.63,5.59
25.58,30,0,0.63,5.6
25.58,30,0,0.63,5.61
25.66,30,0,0.63,5.62
25.58,30,0,0.63,5.63
25.66,30,0,0.63,5.64
25.74,30,0,0.64,5.65
25.66,30,0,0.64,5.66
25.82,30,0,0.64,5.67
25.82,30,0,0.64,5.68
25.74,30,0,0.64,5.69
25.82,30,0,0.64,5.7
25.9,30,0,0.64,5.71
25.98,30,0,0.64,5.72
25.9,30,0,0.64,5.73
25.98,30,0,0.64,5.74
25.9,30,0,0.64,5.75
25.98,30,0,0.64,5.76
26.07,30,0,0.64,5.77
25.98,30,0,0.64,5.78
25.9,30,0,0.64,5.79
25.98,30,0,0.64,5.8
26.23,30,0,0.64,5.81
25.98,30,0,0.64,5.82
26.07,30,0,0.64,5.83
26.07,30,0,0.64,5.84
26.23,30,0,0.64,5.85
26.23,30,0,0.64,5.86
26.31,30,0,0.64,5.87
26.4,30,0,0.64,5.88
26.31,30,0,0.64,5.89
26.23,30,0,0.64,5.9
26.4,30,0,0.65,5.91
26.4,30,0,0.65,5.92
26.4,30,0,0.65,5.93
26.4,30,0,0.65,5.94
26.4,30,0,0.65,5.95
26.48,30,0,0.65,5.96
26.4,30,0,0.65,5.97
26.48,30,0,0.65,5.98
26.48,30,0,0.65,5.99
26.48,30,0,0.65,6
26.48,30,0,0.65,6.01
26.48,30,0,0.65,6.02
26.56,30,0,0.65,6.03
26.56,30,0,0.65,6.04
26.56,30,0,0.65,6.05
26.56,30,0,0.65,6.06
26.64,30,0,0.65,6.07
26.64,30,0,0.65,6.08
26.73,30,0,0.65,6.09
26.64,30,0,0.65,6.1
26.56,30,0,0.65,6.11
26.64,30,0,0.65,6.12
26.73,30,0,0.65,6.13
26.73,30,0,0.65,6.14
26.64,30,0,0.65,6.15
26.73,30,0,0.65,6.16
26.89,30,0,0.65,6.17
26.89,30,0,0.65,6.18
26.97,30,0,0.65,6.19
26.81,30,0,0.65,6.2
26.73,30,0,0.65,6.21
26.89,30,0,0.66,6.22
26.97,30,0,0.66,6.23
26.89,30,0,0.66,6.24
26.97,30,0,0.66,6.25
26.97,30,0,0.66,6.26
26.97,30,0,0.66,6.27
26.97,30,0,0.66,6.28
26.97,30,0,0.66,6.29
26.97,30,0,0.66,6.3
26.97,30,0,0.66,6.31
27.06,30,0,0.66,6.32
27.14,30,0,0.66,6.33
26.97,30,0,0.66,6.34
26.97,30,0,0.66,6.35
27.06,30,0,0.66,6.36
27.06,30,0,0.66,6.37
27.14,30,0,0.66,6.38
27.06,30,0,0.66,6.39
27.14,30,0,0.66,6.4
27.14,30,0,0.66,6.41
27.14,30,0,0.66,6.42
27.31,30,0,0.66,6.43
27.22,30,0,0.66,6.44
27.22,30,0,0.66,6.45
27.22,30,0,0.66,6.46
27.22,30,0,0.66,6.47
27.14,30,0,0.66,6.48
27.22,30,0,0.66,6.49
27.14,30,0,0.66,6.5
27.31,30,0,0.66,6.51
27.31,30,0,0.66,6.52
27.31,30,0,0.66,6.53
27.31,30,0,0.66,6.54
27.31,30,0,0.66,6.55
27.31,30,0,0.66,6.56
27.31,30,0,0.66,6.57
27.39,30,0,0.67,6.58
27.39,30,0,0.67,6.59
27.39,30,0,0.67,6.6
27.39,30,0,0.67,6.61
27.56,30,0,0.67,6.62
27.56,30,0,0.67,6.63
27.39,30,0,0.67,6.64
27.56,30,0,0.67,6.65
27.39,30,0,0.67,6.66
27.47,30,0,0.67,6.67
27.56,30,0,0.67,6.68
27.64,30,0,0.67,6.69
27.56,30,0,0.67,6.7
27.47,30,0,0.67,6.71
27.47,30,0,0.67,6.72
27.39,30,0,0.67,6.73
27.56,30,0,0.67,6.74
27.56,30,0,0.67,6.75
27.64,30,0,0.67,6.76
27.64,30,0,0.67,6.77
27.72,30,0,0.67,6.78
27.72,30,0,0.67,6.79
27.64,30,0,0.67,6.8
27.81,30,0,0.67,6.81
27.64,30,0,0.67,6.82
27.72,30,0,0.67,6.83
27.72,30,0,0.67,6.84
27.81,30,0,0.67,6.85
27.72,30,0,0.67,6.86
27.72,30,0,0.67,6.87
27.72,30,0,0.67,6.88
27.72,30,0,0.67,6.89
27.89,30,0,0.67,6.9
27.89,30,0,0.67,6.91
27.81,30,0,0.67,6.92
27.81,30,0,0.67,6.93
27.72,30,0,0.67,6.94
27.72,30,0,0.67,6.95
27.81,30,0,0.67,6.96
27.72,30,0,0.67,6.97
27.89,30,0,0.67,6.98
27.97,30,0,0.67,6.99
27.89,30,0,0.67,7
27.81,30,0,0.67,7.01
27.97,30,0,0.67,7.02
27.81,30,0,0.67,7.03
27.97,30,0,0.68,7.04
28.06,30,0,0.68,7.05
27.97,30,0,0.68,7.06
27.97,30,0,0.68,7.07
27.89,30,0,0.68,7.08
28.06,30,0,0.68,7.09
27.89,30,0,0.68,7.1
27.97,30,0,0.68,7.11
27.89,30,0,0.68,7.12
28.06,30,0,0.68,7.13
27.97,30,0,0.68,7.14
27.89,30,0,0.68,7.15
27.97,30,0,0.68,7.16
28.06,30,0,0.68,7.17
28.06,30,0,0.68,7.18
28.06,30,0,0.68,7.19
27.97,30,0,0.68,7.2
27.97,30,0,0.68,7.21
28.22,30,0,0.68,7.22
28.06,30,0,0.68,7.23
28.14,30,0,0.68,7.24
28.22,30,0,0.68,7.25
28.06,30,0,0.68,7.26
28.14,30,0,0.68,7.27
28.14,30,0,0.68,7.28
28.06,30,0,0.68,7.29
28.31,30,0,0.68,7.3
28.31,30,0,0.68,7.31
28.39,30,0,0.68,7.32
28.14,30,0,0.68,7.33
28.22,30,0,0.68,7.34
28.14,30,0,0.68,7.35
28.22,30,0,0.68,7.36
28.22,30,0,0.68,7.37
28.22,30,0,0.68,7.38
28.31,30,0,0.68,7.39
28.31,30,0,0.68,7.4
28.22,30,0,0.68,7.41
28.31,30,0,0.68,7.42
28.31,30,0,0.68,7.43
28.22,30,0,0.68,7.44
28.22,30,0,0.68,7.45
28.39,30,0,0.68,7.46
28.31,30,0,0.68,7.47
28.22,30,0,0.68,7.48
28.22,30,0,0.68,7.49
28.39,30,0,0.68,7.5
28.48,30,0,0.68,7.51
28.39,30,0,0.68,7.52
28.39,30,0,0.68,7.53
28.39,30,0,0.68,7.54
28.39,30,0,0.68,7.55
28.39,30,0,0.68,7.56
28.31,30,0,0.68,7.57
28.31,30,0,0.68,7.58
28.31,30,0,0.68,7.59
28.48,30,0,0.68,7.6
28.48,30,0,0.68,7.61
28.48,30,0,0.69,7.62
28.48,30,0,0.69,7.63
28.39,30,0,0.69,7.64
28.48,30,0,0.69,7.65
28.39,30,0,0.69,7.66
28.39,30,0,0.69,7.67
28.48,30,0,0.69,7.68
28.48,30,0,0.69,7.69
28.56,30,0,0.69,7.7
28.56,30,0,0.69,7.71
28.39,30,0,0.69,7.72
28.48,30,0,0.69,7.73
28.56,30,0,0.69,7.74
28.48,30,0,0.69,7.75
28.48,30,0,0.69,7.76
28.64,30,0,0.69,7.77
28.56,30,0,0.69,7.78
28.64,30,0,0.69,7.79
28.48,30,0,0.69,7.8
28.48,30,0,0.69,7.81
28.48,30,0,0.69,7.82
28.48,30,0,0.69,7.83
28.64,30,0,0.69,7.84
28.48,30,0,0.69,7.85
28.64,30,0,0.69,7.86
28.56,30,0,0.69,7.87
28.56,30,0,0.69,7.88
28.64,30,0,0.69,7.89
28.56,30,0,0.69,7.9
28.56,30,0,0.69,7.91
28.64,30,0,0.69,7.92
28.73,30,0,0.69,7.93
28.56,30,0,0.69,7.94
28.73,30,0,0.69,7.95
28.56,30,0,0.69,7.96
28.56,30,0,0.69,7.97
28.64,30,0,0.69,7.98
28.56,30,0,0.69,7.99
28.73,30,0,0.69,8
28.64,30,0,0.69,8.01
28.73,30,0,0.69,8.02
28.73,30,0,0.69,8.03
28.73,30,0,0.69,8.04
28.64,30,0,0.69,8.05
28.73,30,0,0.69,8.06
28.64,30,0,0.69,8.07
28.81,30,0,0.69,8.08
28.73,30,0,0.69,8.09
28.9,30,0,0.69,8.1
28.56,30,0,0.69,8.11
28.81,30,0,0.69,8.12
28.73,30,0,0.69,8.13
28.73,30,0,0.69,8.14
28.73,30,0,0.69,8.15
28.73,30,0,0.69,8.16
28.73,30,0,0.69,8.17
28.73,30,0,0.69,8.18
28.73,30,0,0.69,8.19
28.9,30,0,0.69,8.2
28.9,30,0,0.69,8.21
28.73,30,0,0.69,8.22
28.64,30,0,0.69,8.23
28.73,30,0,0.69,8.24
28.9,30,0,0.69,8.25
28.73,30,0,0.69,8.26
28.9,30,0,0.69,8.27
28.9,30,0,0.69,8.28
28.73,30,0,0.69,8.29
28.9,30,0,0.69,8.3
28.9,30,0,0.69,8.31
28.9,30,0,0.69,8.32
28.9,30,0,0.69,8.33
28.98,30,0,0.69,8.34
28.98,30,0,0.69,8.35
28.98,30,0,0.69,8.36
28.9,30,0,0.69,8.37
28.98,30,0,0.69,8.38
28.9,30,0,0.69,8.39
28.9,30,0,0.69,8.4
28.9,30,0,0.69,8.41
28.98,30,0,0.7,8.42
28.9,30,0,0.7,8.43
28.9,30,0,0.7,8.44
28.98,30,0,0.7,8.45
28.9,30,0,0.7,8.46
28.98,30,0,0.7,8.47
28.98,30,0,0.7,8.48
28.98,30,0,0.7,8.49
28.9,30,0,0.7,8.5
28.9,30,0,0.7,8.51
28.98,30,0,0.7,8.52
28.98,30,0,0.7,8.53
28.98,30,0,0.7,8.54
29.07,30,0,0.7,8.55
29.07,30,0,0.7,8.56
29.07,30,0,0.7,8.57
28.98,30,0,0.7,8.58
28.98,30,0,0.7,8.59
28.9,30,0,0.7,8.6
28.9,30,0,0.7,8.61
29.07,30,0,0.7,8.62
28.98,30,0,0.7,8.63
29.15,30,0,0.7,8.64
29.07,30,0,0.7,8.65
29.07,30,0,0.7,8.66
29.07,30,0,0.7,8.67
29.15,30,0,0.7,8.68
29.07,30,0,0.7,8.69
28.98,30,0,0.7,8.7
29.07,30,0,0.7,8.71
29.07,30,0,0.7,8.72
29.15,30,0,0.7,8.73
28.98,30,0,0.7,8.74
29.15,30,0,0.7,8.75
29.07,30,0,0.7,8.76
29.07,30,0,0.7,8.77
29.15,30,0,0.7,8.78
29.07,30,0,0.7,8.79
29.07,30,0,0.7,8.8
28.98,30,0,0.7,8.81
29.07,30,0,0.7,8.82
29.15,30,0,0.7,8.83
29.15,30,0,0.7,8.84
29.15,30,0,0.7,8.85
29.15,30,0,0.7,8.86
29.07,30,0,0.7,8.87
29.15,30,0,0.7,8.88
29.15,30,0,0.7,8.89
29.15,30,0,0.7,8.9
29.07,30,0,0.7,8.91
29.07,30,0,0.7,8.92
29.24,30,0,0.7,8.93
29.15,30,0,0.7,8.94
29.15,30,0,0.7,8.95
29.07,30,0,0.7,8.96
29.15,30,0,0.7,8.97
29.24,30,0,0.7,8.98
29.15,30,0,0.7,8.99
29.24,30,0,0.7,9
29.07,30,0,0.7,9.01
29.24,30,0,0.7,9.02
29.15,30,0,0.7,9.03
29.24,30,0,0.7,9.04
29.15,30,0,0.7,9.05
29.24,30,0,0.7,9.06
29.15,30,0,0.7,9.07
29.15,30,0,0.7,9.08
29.24,30,0,0.7,9.09
29.07,30,0,0.7,9.1
29.07,30,0,0.7,9.11
29.24,30,0,0.7,9.12
29.15,30,0,0.7,9.13
29.32,30,0,0.7,9.14
29.15,30,0,0.7,9.15
29.15,30,0,0.7,9.16
29.24,30,0,0.7,9.17
29.15,30,0,0.7,9.18
29.24,30,0,0.7,9.19
29.32,30,0,0.7,9.2
29.15,30,0,0.7,9.21
29.32,30,0,0.7,9.22
29.15,30,0,0.7,9.23
29.32,30,0,0.7,9.24
29.32,30,0,0.7,9.25
29.32,30,0,0.7,9.26
29.15,30,0,0.7,9.27
29.24,30,0,0.7,9.28
29.32,30,0,0.7,9.29
29.24,30,0,0.7,9.3
29.24,30,0,0.7,9.31
29.24,30,0,0.7,9.32
29.15,30,0,0.7,9.33
29.32,30,0,0.7,9.34
29.32,30,0,0.7,9.35
29.24,30,0,0.7,9.36
29.66,30,0,0.7,9.37
29.32,30,0,0.7,9.38
29.32,30,0,0.7,9.39
29.24,30,0,0.7,9.4
29.24,30,0,0.7,9.41
29.32,30,0,0.7,9.42
29.32,30,0,0.7,9.43
29.24,30,0,0.7,9.44
29.24,30,0,0.7,9.45
29.32,30,0,0.7,9.46
29.24,30,0,0.7,9.47
29.32,30,0,0.7,9.48
29.32,30,0,0.7,9.49
29.41,30,0,0.7,9.5
29.32,30,0,0.7,9.51
29.41,30,0,0.7,9.52
29.32,30,0,0.7,9.53
29.32,30,0,0.7,9.54
29.32,30,0,0.7,9.55
29.41,30,0,0.7,9.56
29.24,30,0,0.7,9.57
29.24,30,0,0.7,9.58
29.32,30,0,0.7,9.59
29.32,30,0,0.7,9.6
29.41,30,0,0.7,9.61
29.32,30,0,0.7,9.62
29.32,30,0,0.7,9.63
29.32,30,0,0.7,9.64
29.32,30,0,0.7,9.65
29.32,30,0,0.7,9.66
29.32,30,0,0.7,9.67
29.41,30,0,0.7,9.68
29.49,30,0,0.7,9.69
29.32,30,0,0.7,9.7
29.32,30,0,0.7,9.71
29.32,30,0,0.7,9.72
29.49,30,0,0.7,9.73
29.41,30,0,0.7,9.74
29.32,30,0,0.71,9.75
29.32,30,0,0.71,9.76
29.32,30,0,0.71,9.77
29.41,30,0,0.71,9.78
29.41,30,0,0.71,9.79
29.41,30,0,0.71,9.8
29.41,30,0,0.71,9.81
29.32,30,0,0.71,9.82
29.41,30,0,0.71,9.83
29.41,30,0,0.71,9.84
29.41,30,0,0.71,9.85
29.32,30,0,0.71,9.86
29.41,30,0,0.71,9.87
29.41,30,0,0.71,9.88
29.41,30,0,0.71,9.89
29.58,30,0,0.71,9.9
29.49,30,0,0.71,9.91
29.41,30,0,0.71,9.92
29.41,30,0,0.71,9.93
29.58,30,0,0.71,9.94
29.41,30,0,0.71,9.95
29.49,30,0,0.71,9.96
29.58,30,0,0.71,9.97
29.41,30,0,0.71,9.98
29.41,30,0,0.71,9.99
29.41,30,0,0.71,10
29.66,3,0,0.71,10.01
29.49,3,0,0.21,10.02
27.56,3,0,0.21,10.03
25.25,3,0,0.21,10.04
23.48,3,0,0.21,10.05
21.81,3,0,0.21,10.06
20.26,3,0,0.21,10.07
18.96,3,0,0.21,10.08
17.68,3,0,0.21,10.09
16.65,3,0,0.21,10.1
15.77,3,0,0.2,10.11
14.76,3,0,0.2,10.12
14.04,3,0,0.2,10.13
13.2,3,0,0.2,10.14
12.64,3,0,0.2,10.15
11.95,3,0,0.2,10.16
11.4,3,0,0.2,10.17
10.92,3,0,0.2,10.18
10.45,3,0,0.2,10.19
10.05,3,0,0.2,10.2
9.72,3,0,0.2,10.21
9.39,3,0,0.2,10.22
9.12,3,0,0.2,10.23
8.99,3,0,0.2,10.24
8.6,3,0,0.2,10.25
8.34,3,0,0.2,10.26
8.09,3,0,0.2,10.27
7.83,3,0,0.2,10.28
7.7,3,0,0.2,10.29
7.58,3,0,0.19,10.3
7.51,3,0,0.19,10.31
7.32,3,0,0.19,10.32
7.2,3,0,0.19,10.33
7.01,3,0,0.19,10.34
6.82,3,0,0.19,10.35
6.76,3,0,0.19,10.36
6.69,3,0,0.19,10.37
6.57,3,0,0.19,10.38
6.51,3,0,0.19,10.39
6.38,3,0,0.19,10.4
6.32,3,0,0.19,10.41
6.38,3,0,0.19,10.42
6.26,3,0,0.19,10.43
6.2,3,0,0.19,10.44
6.14,3,0,0.19,10.45
6.2,3,0,0.19,10.46
6.07,3,0,0.19,10.47
6.07,3,0,0.19,10.48
5.95,3,0,0.19,10.49
6.01,3,0,0.19,10.5
5.89,3,0,0.19,10.51
5.89,3,0,0.19,10.52
5.89,3,0,0.19,10.53
5.83,3,0,0.18,10.54
5.83,3,0,0.18,10.55
5.83,3,0,0.18,10.56
5.77,3,0,0.18,10.57
5.71,3,0,0.18,10.58
5.77,3,0,0.18,10.59
5.65,3,0,0.18,10.6
5.65,3,0,0.18,10.61
5.77,3,0,0.18,10.62
5.59,3,0,0.18,10.63
5.59,3,0,0.18,10.64
5.65,3,0,0.18,10.65
5.65,3,0,0.18,10.66
5.59,3,0,0.18,10.67
5.59,3,0,0.18,10.68
5.59,3,0,0.18,10.69
5.4,3,0,0.18,10.7
5.59,3,0,0.18,10.71
5.4,3,0,0.18,10.72
5.53,3,0,0.18,10.73
5.4,3,0,0.18,10.74
5.53,3,0,0.18,10.75
5.53,3,0,0.18,10.76
5.4,3,0,0.18,10.77
5.34,3,0,0.18,10.78
5.34,3,0,0.18,10.79
5.28,3,0,0.18,10.8
5.34,3,0,0.18,10.81
5.4,3,0,0.17,10.82
5.34,3,0,0.17,10.83
5.28,3,0,0.17,10.84
5.34,3,0,0.17,10.85
5.34,3,0,0.17,10.86
5.34,3,0,0.17,10.87
5.28,3,0,0.17,10.88
5.34,3,0,0.17,10.89
5.28,3,0,0.17,10.9
5.28,3,0,0.17,10.91
5.22,3,0,0.17,10.92
5.28,3,0,0.17,10.93
5.22,3,0,0.17,10.94
5.28,3,0,0.17,10.95
5.16,3,0,0.17,10.96
5.28,3,0,0.17,10.97
5.16,3,0,0.17,10.98
5.22,3,0,0.17,10.99
5.22,3,0,0.17,11
5.1,3,0,0.17,11.01
5.1,3,0,0.17,11.02
5.1,3,0,0.17,11.03
5.22,3,0,0.17,11.04
5.16,3,0,0.17,11.05
5.16,3,0,0.17,11.06
5.16,3,0,0.17,11.07
5.1,3,0,0.17,11.08
5.16,3,0,0.17,11.09
5.04,3,0,0.17,11.1
5.1,3,0,0.17,11.11
5.1,3,0,0.17,11.12
5.04,3,0,0.17,11.13
5.1,3,0,0.17,11.14
4.98,3,0,0.16,11.15
4.98,3,0,0.16,11.16
5.04,3,0,0.16,11.17
5.04,3,0,0.16,11.18
5.04,3,0,0.16,11.19
4.92,3,0,0.16,11.2
5.04,3,0,0.16,11.21
4.92,3,0,0.16,11.22
5.04,3,0,0.16,11.23
4.92,3,0,0.16,11.24
5.04,3,0,0.16,11.25
4.92,3,0,0.16,11.26
4.98,3,0,0.16,11.27
4.87,3,0,0.16,11.28
4.92,3,0,0.16,11.29
4.81,3,0,0.16,11.3
4.92,3,0,0.16,11.31
4.81,3,0,0.16,11.32
4.81,3,0,0.16,11.33
4.92,3,0,0.16,11.34
4.81,3,0,0.16,11.35
4.81,3,0,0.16,11.36
4.87,3,0,0.16,11.37
4.87,3,0,0.16,11.38
4.87,3,0,0.16,11.39
4.75,3,0,0.16,11.4
4.81,3,0,0.16,11.41
4.81,3,0,0.16,11.42
4.87,3,0,0.16,11.43
4.57,3,0,0.16,11.44
4.81,3,0,0.16,11.45
4.81,3,0,0.16,11.46
4.75,3,0,0.16,11.47
4.75,3,0,0.16,11.48
4.75,3,0,0.16,11.49
4.75,3,0,0.16,11.5
4.75,3,0,0.16,11.51
4.69,3,0,0.16,11.52
4.69,3,0,0.15,11.53
4.75,3,0,0.15,11.54
4.63,3,0,0.15,11.55
4.69,3,0,0.15,11.56
4.69,3,0,0.15,11.57
4.69,3,0,0.15,11.58
4.63,3,0,0.15,11.59
4.69,3,0,0.15,11.6
4.69,3,0,0.15,11.61
4.63,3,0,0.15,11.62
4.57,3,0,0.15,11.63
4.57,3,0,0.15,11.64
4.63,3,0,0.15,11.65
4.63,3,0,0.15,11.66
4.57,3,0,0.15,11.67
4.57,3,0,0.15,11.68
4.63,3,0,0.15,11.69
4.57,3,0,0.15,11.7
4.57,3,0,0.15,11.71
4.57,3,0,0.15,11.72
4.63,3,0,0.15,11.73
4.57,3,0,0.15,11.74
4.57,3,0,0.15,11.75
4.45,3,0,0.15,11.76
4.57,3,0,0.15,11.77
4.45,3,0,0.15,11.78
4.51,3,0,0.15,11.79
4.57,3,0,0.15,11.8
4.57,3,0,0.15,11.81
4.45,3,0,0.15,11.82
4.45,3,0,0.15,11.83
4.39,3,0,0.15,11.84
4.39,3,0,0.15,11.85
4.45,3,0,0.15,11.86
4.33,3,0,0.15,11.87
4.39,3,0,0.15,11.88
4.45,3,0,0.15,11.89
4.45,3,0,0.15,11.9
4.33,3,0,0.15,11.91
4.39,3,0,0.15,11.92
4.57,3,0,0.15,11.93
4.39,3,0,0.15,11.94
4.39,3,0,0.15,11.95
4.39,3,0,0.15,11.96
4.39,3,0,0.15,11.97
4.39,3,0,0.15,11.98
4.28,3,0,0.14,11.99
4.28,3,0,0.14,12
4.33,3,0,0.14,12.01
4.33,3,0,0.14,12.02
4.33,3,0,0.14,12.03
4.33,3,0,0.14,12.04
4.33,3,0,0.14,12.05
4.28,3,0,0.14,12.06
4.33,3,0,0.14,12.07
4.28,3,0,0.14,12.08
4.28,3,0,0.14,12.09
4.28,3,0,0.14,12.1
4.22,3,0,0.14,12.11
4.22,3,0,0.14,12.12
4.22,3,0,0.14,12.13
4.28,3,0,0.14,12.14
4.22,3,0,0.14,12.15
4.22,3,0,0.14,12.16
4.22,3,0,0.14,12.17
4.22,3,0,0.14,12.18
4.28,3,0,0.14,12.19
4.22,3,0,0.14,12.2
4.16,3,0,0.14,12.21
4.22,3,0,0.14,12.22
4.28,3,0,0.14,12.23
4.22,3,0,0.14,12.24
4.22,3,0,0.14,12.25
4.16,3,0,0.14,12.26
4.1,3,0,0.14,12.27
4.16,3,0,0.14,12.28
4.22,3,0,0.14,12.29
4.16,3,0,0.14,12.3
4.16,3,0,0.14,12.31
4.1,3,0,0.14,12.32
4.16,3,0,0.14,12.33
4.16,3,0,0.14,12.34
4.16,3,0,0.14,12.35
4.16,3,0,0.14,12.36
4.1,3,0,0.14,12.37
4.1,3,0,0.14,12.38
4.16,3,0,0.14,12.39
4.1,3,0,0.14,12.4
4.16,3,0,0.14,12.41
4.1,3,0,0.14,12.42
4.1,3,0,0.14,12.43
4.16,3,0,0.14,12.44
4.1,3,0,0.14,12.45
4.04,3,0,0.14,12.46
4.1,3,0,0.14,12.47
3.99,3,0,0.14,12.48
4.1,3,0,0.14,12.49
4.1,3,0,0.14,12.5
4.04,3,0,0.14,12.51
4.04,3,0,0.14,12.52
4.1,3,0,0.14,12.53
4.1,3,0,0.14,12.54
3.99,3,0,0.14,12.55
3.93,3,0,0.14,12.56
4.1,3,0,0.14,12.57
3.99,3,0,0.14,12.58
3.93,3,0,0.13,12.59
3.99,3,0,0.13,12.6
3.99,3,0,0.13,12.61
3.93,3,0,0.13,12.62
3.93,3,0,0.13,12.63
3.75,3,0,0.13,12.64
3.93,3,0,0.13,12.65
3.93,3,0,0.13,12.66
4.04,3,0,0.13,12.67
3.93,3,0,0.13,12.68
3.99,3,0,0.13,12.69
3.93,3,0,0.13,12.7
3.99,3,0,0.13,12.71
3.93,3,0,0.13,12.72
3.93,3,0,0.13,12.73
3.99,3,0,0.13,12.74
3.87,3,0,0.13,12.75
3.87,3,0,0.13,12.76
3.93,3,0,0.13,12.77
3.87,3,0,0.13,12.78
3.87,3,0,0.13,12.79
3.87,3,0,0.13,12.8
3.81,3,0,0.13,12.81
3.93,3,0,0.13,12.82
3.87,3,0,0.13,12.83
3.93,3,0,0.13,12.84
3.87,3,0,0.13,12.85
3.81,3,0,0.13,12.86
3.87,3,0,0.13,12.87
3.87,3,0,0.13,12.88
3.81,3,0,0.13,12.89
3.93,3,0,0.13,12.9
3.81,3,0,0.13,12.91
3.87,3,0,0.13,12.92
3.81,3,0,0.13,12.93
3.81,3,0,0.13,12.94
3.87,3,0,0.13,12.95
3.75,3,0,0.13,12.96
3.81,3,0,0.13,12.97
3.75,3,0,0.13,12.98
3.81,3,0,0.13,12.99
3.75,3,0,0.13,13
3.81,3,0,0.13,13.01
3.81,3,0,0.13,13.02
3.75,3,0,0.13,13.03
3.75,3,0,0.13,13.04
3.81,3,0,0.13,13.05
3.75,3,0,0.13,13.06
3.75,3,0,0.13,13.07
3.75,3,0,0.13,13.08
3.75,3,0,0.13,13.09
3.75,3,0,0.13,13.1
3.75,3,0,0.13,13.11
3.87,3,0,0.13,13.12
3.75,3,0,0.13,13.13
3.81,3,0,0.13,13.14
3.75,3,0,0.13,13.15
3.75,3,0,0.13,13.16
3.75,3,0,0.13,13.17
3.81,3,0,0.13,13.18
3.75,3,0,0.13,13.19
3.7,3,0,0.13,13.2
3.81,3,0,0.13,13.21
3.7,3,0,0.13,13.22
3.75,3,0,0.13,13.23
3.7,3,0,0.13,13.24
3.75,3,0,0.13,13.25
3.75,3,0,0.13,13.26
3.7,3,0,0.13,13.27
3.75,3,0,0.13,13.28
3.75,3,0,0.13,13.29
3.7,3,0,0.13,13.3
3.64,3,0,0.13,13.31
3.7,3,0,0.13,13.32
3.7,3,0,0.13,13.33
3.75,3,0,0.13,13.34
3.75,3,0,0.13,13.35
3.7,3,0,0.13,13.36
3.64,3,0,0.13,13.37
3.75,3,0,0.13,13.38
3.75,3,0,0.13,13.39
3.7,3,0,0.13,13.4
3.7,3,0,0.13,13.41
3.7,3,0,0.13,13.42
3.7,3,0,0.12,13.43
3.7,3,0,0.12,13.44
3.64,3,0,0.12,13.45
3.7,3,0,0.12,13.46
3.75,3,0,0.12,13.47
3.7,3,0,0.12,13.48
3.64,3,0,0.12,13.49
3.7,3,0,0.12,13.5
3.64,3,0,0.12,13.51
3.7,3,0,0.12,13.52
3.7,3,0,0.12,13.53
3.64,3,0,0.12,13.54
3.7,3,0,0.12,13.55
3.58,3,0,0.12,13.56
3.64,3,0,0.12,13.57
3.7,3,0,0.12,13.58
3.53,3,0,0.12,13.59
3.53,3,0,0.12,13.6
3.64,3,0,0.12,13.61
3.64,3,0,0.12,13.62
3.64,3,0,0.12,13.63
3.64,3,0,0.12,13.64
3.64,3,0,0.12,13.65
3.64,3,0,0.12,13.66
3.53,3,0,0.12,13.67
3.58,3,0,0.12,13.68
3.53,3,0,0.12,13.69
3.64,3,0,0.12,13.7
3.53,3,0,0.12,13.71
3.64,3,0,0.12,13.72
3.64,3,0,0.12,13.73
3.64,3,0,0.12,13.74
3.64,3,0,0.12,13.75
3.53,3,0,0.12,13.76
3.53,3,0,0.12,13.77
3.53,3,0,0.12,13.78
3.53,3,0,0.12,13.79
3.53,3,0,0.12,13.8
3.53,3,0,0.12,13.81
3.53,3,0,0.12,13.82
3.53,3,0,0.12,13.83
3.47,3,0,0.12,13.84
3.47,3,0,0.12,13.85
3.47,3,0,0.12,13.86
3.53,3,0,0.12,13.87
3.53,3,0,0.12,13.88
3.53,3,0,0.12,13.89
3.58,3,0,0.12,13.9
3.53,3,0,0.12,13.91
3.47,3,0,0.12,13.92
3.53,3,0,0.12,13.93
3.47,3,0,0.12,13.94
3.53,3,0,0.12,13.95
3.47,3,0,0.12,13.96
3.47,3,0,0.12,13.97
3.41,3,0,0.12,13.98
3.53,3,0,0.12,13.99
3.47,3,0,0.12,14
3.47,3,0,0.12,14.01
3.53,3,0,0.12,14.02
3.47,3,0,0.12,14.03
3.47,3,0,0.12,14.04
3.53,3,0,0.12,14.05
3.47,3,0,0.12,14.06
3.47,3,0,0.12,14.07
3.41,3,0,0.12,14.08
3.53,3,0,0.12,14.09
3.41,3,0,0.12,14.1
3.41,3,0,0.12,14.11
3.47,3,0,0.12,14.12
3.47,3,0,0.12,14.13
3.47,3,0,0.12,14.14
3.47,3,0,0.12,14.15
3.47,3,0,0.12,14.16
3.47,3,0,0.12,14.17
3.47,3,0,0.12,14.18
3.47,3,0,0.12,14.19
3.41,3,0,0.12,14.2
3.41,3,0,0.12,14.21
3.41,3,0,0.12,14.22
3.47,3,0,0.12,14.23
3.47,3,0,0.12,14.24
3.47,3,0,0.12,14.25
3.41,3,0,0.12,14.26
3.47,3,0,0.12,14.27
3.41,3,0,0.12,14.28
3.36,3,0,0.12,14.29
3.41,3,0,0.12,14.3
3.47,3,0,0.12,14.31
3.41,3,0,0.12,14.32
3.47,3,0,0.12,14.33
3.41,3,0,0.12,14.34
3.41,3,0,0.12,14.35
3.41,3,0,0.12,14.36
3.36,3,0,0.12,14.37
3.41,3,0,0.12,14.38
3.47,3,0,0.12,14.39
3.41,3,0,0.12,14.4
3.47,3,0,0.12,14.41
3.36,3,0,0.12,14.42
3.36,3,0,0.12,14.43
3.36,3,0,0.12,14.44
3.36,3,0,0.12,14.45
3.36,3,0,0.12,14.46
3.47,3,0,0.12,14.47
3.41,3,0,0.12,14.48
3.41,3,0,0.12,14.49
3.41,3,0,0.12,14.5
3.36,3,0,0.12,14.51
3.36,3,0,0.12,14.52
3.36,3,0,0.12,14.53
3.41,3,0,0.12,14.54
3.36,3,0,0.12,14.55
3.36,3,0,0.12,14.56
3.36,3,0,0.12,14.57
3.36,3,0,0.12,14.58
3.41,3,0,0.12,14.59
3.36,3,0,0.12,14.6
3.36,3,0,0.12,14.61
3.36,3,0,0.12,14.62
3.3,3,0,0.12,14.63
3.36,3,0,0.12,14.64
3.36,3,0,0.12,14.65
3.3,3,0,0.12,14.66
3.41,3,0,0.12,14.67
3.36,3,0,0.12,14.68
3.24,3,0,0.12,14.69
3.36,3,0,0.12,14.7
3.41,3,0,0.12,14.71
3.36,3,0,0.12,14.72
3.41,3,0,0.12,14.73
3.41,3,0,0.12,14.74
3.36,3,0,0.12,14.75
3.36,3,0,0.12,14.76
3.3,3,0,0.12,14.77
3.41,3,0,0.12,14.78
3.41,3,0,0.12,14.79
3.36,3,0,0.12,14.8
3.36,3,0,0.12,14.81
3.36,3,0,0.12,14.82
3.36,3,0,0.12,14.83
3.36,3,0,0.12,14.84
3.3,3,0,0.12,14.85
3.36,3,0,0.12,14.86
3.41,3,0,0.12,14.87
3.3,3,0,0.12,14.88
3.41,3,0,0.11,14.89
