0.63,3,0.64,2.36,0,7.02
0.67,3,0.63,2.36,0,7.03
0.58,3,0.64,2.36,0,7.04
0.63,3,0.6,2.36,0,7.05
0.58,3,0.54,2.36,0,7.06
0.63,3,0.51,2.36,0,7.07
0.63,3,0.49,2.36,0,7.08
0.63,3,0.43,2.36,0.01,7.09
0.58,3,0.39,2.36,0.01,7.1
0.58,3,0.34,2.36,0.01,7.11
0.58,3,0.3,2.36,0.01,7.12
0.67,3,0.26,2.36,0.01,7.13
0.63,3,0.23,2.36,0.01,7.14
0.67,3,0.19,2.36,0.01,7.15
0.58,3,0.14,2.36,0.01,7.16
0.58,3,0.11,2.36,0.01,7.17
0.63,3,0.06,2.36,0.02,7.18
0.67,3,0.04,2.36,0.02,7.19
0.58,3,0.02,2.36,0.02,7.2
0.58,3,0.06,2.36,0.02,7.21
0.63,3,0.1,2.36,0.02,7.22
0.67,3,0.12,2.36,0.02,7.23
0.58,3,0.17,2.36,0.02,7.24
0.67,3,0.2,2.36,0.02,7.25
0.63,3,0.24,2.36,0.02,7.26
0.63,3,0.28,2.36,0.03,7.27
0.63,3,0.32,2.36,0.03,7.28
0.63,3,0.35,2.36,0.03,7.29
0.63,3,0.4,2.36,0.03,7.3
0.67,3,0.43,2.36,0.03,7.31
0.63,3,0.46,2.36,0.03,7.32
0.58,3,0.5,2.36,0.03,7.33
0.72,3,0.53,2.36,0.03,7.34
0.72,3,0.58,2.36,0.03,7.35
0.63,3,0.59,2.36,0.04,7.36
0.72,3,0.65,2.36,0.04,7.37
0.67,3,0.67,2.36,0.04,7.38
0.67,3,0.71,2.36,0.04,7.39
0.67,3,0.75,2.36,0.04,7.4
0.67,3,0.78,2.35,0.04,7.41
0.72,3,0.81,2.35,0.04,7.42
0.67,3,0.85,2.35,0.04,7.43
0.67,3,0.88,2.35,0.04,7.44
0.72,3,0.91,2.35,0.05,7.45
0.67,3,0.94,2.35,0.05,7.46
0.67,3,0.99,2.35,0.05,7.47
0.72,3,1.02,2.35,0.05,7.48
0.72,3,1.05,2.35,0.05,7.49
0.72,3,1.09,2.34,0.05,7.5
0.77,3,1.11,2.34,0.05,7.51
0.72,3,1.16,2.34,0.05,7.52
0.72,3,1.18,2.34,0.05,7.53
0.72,3,1.21,2.34,0.05,7.54
0.77,3,1.25,2.34,0.06,7.55
0.82,3,1.29,2.34,0.06,7.56
0.77,3,1.29,2.33,0.06,7.57
0.77,3,1.32,2.33,0.06,7.58
0.77,3,1.34,2.33,0.06,7.59
0.82,3,1.37,2.33,0.06,7.6
0.77,3,1.39,2.33,0.06,7.61
0.82,3,1.43,2.32,0.06,7.62
0.86,3,1.45,2.32,0.06,7.63
0.82,3,1.47,2.32,0.06,7.64
0.91,3,1.5,2.32,0.07,7.65
0.82,3,1.53,2.31,0.07,7.66
0.82,3,1.55,2.31,0.07,7.67
0.91,3,1.58,2.31,0.07,7.68
0.86,3,1.6,2.31,0.07,7.69
0.91,3,1.61,2.3,0.07,7.7
0.86,3,1.64,2.3,0.07,7.71
0.91,3,1.66,2.3,0.07,7.72
0.91,3,1.68,2.29,0.07,7.73
0.91,3,1.7,2.29,0.07,7.74
0.91,3,1.72,2.29,0.08,7.75
0.96,3,1.74,2.28,0.08,7.76
0.96,3,1.76,2.28,0.08,7.77
1.06,3,1.75,2.28,0.08,7.78
0.96,3,1.78,2.27,0.08,7.79
1.11,3,1.77,2.27,0.08,7.8
1.11,3,1.81,2.27,0.08,7.81
1.06,3,1.81,2.26,0.08,7.82
1.11,3,1.84,2.26,0.08,7.83
1.11,3,1.86,2.25,0.08,7.84
1.11,3,1.88,2.25,0.08,7.85
1.11,3,1.88,2.24,0.08,7.86
1.16,3,1.88,2.24,0.09,7.87
1.21,3,1.9,2.24,0.09,7.88
1.21,3,1.9,2.23,0.09,7.89
1.11,3,1.92,2.23,0.09,7.9
1.16,3,1.93,2.22,0.09,7.91
1.26,3,1.96,2.22,0.09,7.92
1.21,3,1.97,2.21,0.09,7.93
1.21,3,1.98,2.21,0.09,7.94
1.31,3,1.99,2.2,0.09,7.95
1.31,3,1.99,2.2,0.09,7.96
1.26,3,2,2.19,0.09,7.97
1.31,3,2.01,2.19,0.09,7.98
1.31,3,2.02,2.18,0.09,7.99
1.31,3,2.02,2.18,0.09,8
1.31,3,2.04,2.17,0.1,8.01
1.41,3,2.06,2.17,0.1,8.02
1.36,3,2.06,2.16,0.1,8.03
1.36,3,2.07,2.16,0.1,8.04
1.46,3,2.04,2.15,0.1,8.05
1.46,3,2.05,2.14,0.1,8.06
1.46,3,2.05,2.14,0.1,8.07
1.51,3,2.06,2.13,0.1,8.08
1.51,3,2.07,2.13,0.1,8.09
1.56,3,2.08,2.12,0.1,8.1
1.56,3,2.08,2.11,0.1,8.11
1.56,3,2.09,2.11,0.1,8.12
1.62,3,2.09,2.1,0.1,8.13
1.56,3,2.09,2.1,0.1,8.14
1.62,3,2.1,2.09,0.1,8.15
1.62,3,2.1,2.08,0.1,8.16
1.67,3,2.12,2.08,0.11,8.17
1.62,3,2.1,2.07,0.11,8.18
1.67,3,2.1,2.07,0.11,8.19
1.72,3,2.09,2.06,0.11,8.2
1.67,3,2.11,2.05,0.11,8.21
1.77,3,2.11,2.05,0.11,8.22
1.72,3,2.1,2.04,0.11,8.23
1.77,3,2.1,2.03,0.11,8.24
1.77,3,2.11,2.03,0.11,8.25
1.88,3,2.09,2.02,0.11,8.26
1.83,3,2.08,2.01,0.11,8.27
1.88,3,2.08,2.01,0.11,8.28
1.88,3,2.07,2,0.11,8.29
1.93,3,2.07,1.99,0.11,8.3
1.88,3,2.09,1.99,0.11,8.31
1.93,3,2.07,1.98,0.11,8.32
1.88,3,2.06,1.97,0.11,8.33
1.98,3,2.07,1.97,0.11,8.34
2.04,3,2.06,1.96,0.11,8.35
1.93,3,2.05,1.95,0.11,8.36
2.04,3,2.05,1.94,0.11,8.37
1.98,3,2.04,1.94,0.11,8.38
2.04,3,2.05,1.93,0.12,8.39
2.04,3,2.05,1.92,0.12,8.4
2.09,3,2.03,1.92,0.12,8.41
2.09,3,2.04,1.91,0.12,8.42
2.04,3,2.05,1.9,0.12,8.43
2.09,3,2.03,1.89,0.12,8.44
2.14,3,2.04,1.89,0.12,8.45
2.09,3,2.05,1.88,0.12,8.46
2.2,3,2.05,1.87,0.12,8.47
2.2,3,2.05,1.87,0.12,8.48
2.2,3,2.04,1.86,0.12,8.49
2.2,3,2.04,1.85,0.12,8.5
2.2,3,2.06,1.85,0.12,8.51
2.2,3,2.01,1.84,0.12,8.52
2.2,3,2.01,1.83,0.12,8.53
2.25,3,2.01,1.82,0.12,8.54
2.3,3,1.99,1.82,0.12,8.55
2.2,3,1.98,1.81,0.12,8.56
2.3,3,1.96,1.8,0.12,8.57
2.36,3,1.98,1.8,0.12,8.58
2.3,3,1.95,1.79,0.12,8.59
2.36,3,1.96,1.78,0.12,8.6
2.36,3,1.96,1.77,0.12,8.61
2.36,3,1.97,1.77,0.12,8.62
2.3,3,1.96,1.76,0.12,8.63
2.36,3,1.98,1.75,0.12,8.64
2.36,3,1.96,1.75,0.12,8.65
2.52,3,1.96,1.74,0.12,8.66
2.36,3,1.95,1.73,0.12,8.67
2.41,3,1.95,1.73,0.12,8.68
2.52,3,1.94,1.72,0.12,8.69
2.47,3,1.94,1.71,0.12,8.7
2.52,3,1.94,1.7,0.12,8.71
2.52,3,1.93,1.7,0.12,8.72
2.52,3,1.93,1.69,0.12,8.73
2.47,3,1.93,1.68,0.12,8.74
2.47,3,1.93,1.68,0.12,8.75
2.52,3,1.92,1.67,0.12,8.76
2.52,3,1.9,1.66,0.12,8.77
2.52,3,1.91,1.66,0.13,8.78
2.58,3,1.9,1.65,0.13,8.79
2.52,3,1.91,1.64,0.13,8.8
2.58,3,1.9,1.64,0.13,8.81
2.58,3,1.9,1.63,0.13,8.82
2.58,3,1.89,1.62,0.13,8.83
2.52,3,1.89,1.62,0.13,8.84
2.58,3,1.88,1.61,0.13,8.85
2.52,3,1.88,1.6,0.13,8.86
2.63,3,1.87,1.6,0.13,8.87
2.74,3,1.87,1.59,0.13,8.88
2.74,3,1.88,1.58,0.13,8.89
2.74,3,1.87,1.58,0.13,8.9
2.63,3,1.85,1.57,0.13,8.91
2.63,3,1.84,1.56,0.13,8.92
2.74,3,1.85,1.56,0.13,8.93
2.74,3,1.84,1.55,0.13,8.94
2.63,3,1.84,1.55,0.13,8.95
2.63,3,1.82,1.54,0.13,8.96
2.63,3,1.84,1.53,0.13,8.97
2.8,3,1.82,1.53,0.13,8.98
2.8,3,1.8,1.52,0.13,8.99
2.8,3,1.82,1.51,0.13,9
2.8,3,1.79,1.51,0.13,9.01
2.74,3,1.79,1.5,0.13,9.02
2.8,3,1.78,1.5,0.13,9.03
2.8,3,1.77,1.49,0.13,9.04
2.8,3,1.76,1.48,0.13,9.05
2.8,3,1.76,1.48,0.13,9.06
2.8,3,1.76,1.47,0.13,9.07
2.8,3,1.76,1.46,0.13,9.08
2.8,3,1.75,1.46,0.13,9.09
2.8,3,1.76,1.45,0.13,9.1
2.85,3,1.76,1.45,0.13,9.11
2.85,3,1.74,1.44,0.13,9.12
2.85,3,1.74,1.43,0.13,9.13
2.8,3,1.73,1.43,0.13,9.14
2.85,3,1.73,1.42,0.13,9.15
2.8,3,1.73,1.42,0.13,9.16
2.85,3,1.73,1.41,0.13,9.17
2.85,3,1.73,1.4,0.13,9.18
2.8,3,1.72,1.4,0.13,9.19
2.8,3,1.72,1.39,0.13,9.2
2.85,3,1.71,1.39,0.13,9.21
2.91,3,1.7,1.38,0.13,9.22
2.8,3,1.71,1.38,0.13,9.23
2.91,3,1.71,1.37,0.13,9.24
2.91,3,1.7,1.36,0.13,9.25
2.91,3,1.7,1.36,0.13,9.26
2.85,3,1.7,1.35,0.13,9.27
2.91,3,1.7,1.35,0.13,9.28
2.91,3,1.7,1.34,0.13,9.29
2.91,3,1.69,1.34,0.13,9.3
2.85,3,1.68,1.33,0.13,9.31
2.85,3,1.68,1.33,0.13,9.32
2.96,3,1.67,1.32,0.13,9.33
2.91,3,1.67,1.32,0.13,9.34
2.91,3,1.69,1.31,0.13,9.35
2.91,3,1.67,1.31,0.13,9.36
2.91,3,1.66,1.3,0.13,9.37
2.91,3,1.66,1.29,0.13,9.38
2.91,3,1.66,1.29,0.13,9.39
2.96,3,1.65,1.28,0.13,9.4
2.96,3,1.66,1.28,0.13,9.41
2.91,3,1.65,1.27,0.13,9.42
2.91,3,1.65,1.27,0.13,9.43
2.91,3,1.66,1.26,0.13,9.44
2.91,3,1.65,1.26,0.13,9.45
2.91,3,1.65,1.25,0.13,9.46
2.96,3,1.65,1.25,0.13,9.47
2.91,3,1.64,1.24,0.13,9.48
2.91,3,1.65,1.24,0.13,9.49
2.96,3,1.64,1.23,0.13,9.5
2.96,3,1.65,1.23,0.13,9.51
3.02,3,1.64,1.23,0.13,9.52
2.96,3,1.65,1.22,0.13,9.53
2.91,3,1.63,1.22,0.13,9.54
2.91,3,1.63,1.21,0.13,9.55
2.96,3,1.64,1.21,0.13,9.56
3.02,3,1.64,1.2,0.13,9.57
2.96,3,1.65,1.2,0.13,9.58
2.96,3,1.63,1.19,0.13,9.59
2.91,3,1.62,1.19,0.13,9.6
2.96,3,1.64,1.18,0.13,9.61
2.96,3,1.64,1.18,0.13,9.62
2.96,3,1.63,1.18,0.13,9.63
2.96,3,1.62,1.17,0.13,9.64
2.96,3,1.62,1.17,0.13,9.65
2.96,3,1.62,1.16,0.13,9.66
2.96,3,1.63,1.16,0.13,9.67
2.96,3,1.63,1.15,0.13,9.68
2.96,3,1.62,1.15,0.13,9.69
2.96,3,1.62,1.14,0.13,9.7
2.96,3,1.62,1.14,0.13,9.71
3.02,3,1.61,1.14,0.13,9.72
3.02,3,1.61,1.13,0.13,9.73
2.96,3,1.61,1.13,0.13,9.74
2.96,3,1.63,1.12,0.13,9.75
2.96,3,1.62,1.12,0.13,9.76
3.02,3,1.61,1.12,0.13,9.77
2.96,3,1.62,1.11,0.13,9.78
3.02,3,1.61,1.11,0.13,9.79
2.96,3,1.6,1.1,0.13,9.8
2.96,3,1.61,1.1,0.13,9.81
3.02,3,1.6,1.1,0.13,9.82
2.96,3,1.59,1.09,0.13,9.83
2.96,3,1.6,1.09,0.13,9.84
2.96,3,1.61,1.08,0.13,9.85
3.02,3,1.61,1.08,0.13,9.86
3.02,3,1.59,1.08,0.13,9.87
2.96,3,1.6,1.07,0.13,9.88
2.96,3,1.6,1.07,0.13,9.89
2.96,3,1.58,1.07,0.13,9.9
2.96,3,1.6,1.06,0.13,9.91
3.02,3,1.59,1.06,0.13,9.92
3.02,3,1.6,1.05,0.13,9.93
3.02,3,1.58,1.05,0.13,9.94
3.02,3,1.59,1.05,0.13,9.95
3.02,3,1.58,1.04,0.13,9.96
3.02,3,1.59,1.04,0.13,9.97
3.02,3,1.59,1.04,0.13,9.98
3.07,3,1.58,1.03,0.13,9.99
2.96,3,1.58,1.03,0.13,10
3.07,3,1.58,1.03,0.13,10.01
2.96,3,1.57,1.02,0.13,10.02
3.02,3,1.56,1.02,0.13,10.03
3.07,3,1.56,1.02,0.13,10.04
3.02,3,1.56,1.01,0.13,10.05
3.02,3,1.56,1.01,0.13,10.06
3.02,3,1.56,1.01,0.13,10.07
3.02,3,1.56,1,0.13,10.08
3.07,3,1.55,1,0.13,10.09
3.07,3,1.55,1,0.13,10.1
3.02,3,1.57,0.99,0.13,10.11
3.02,3,1.55,0.99,0.13,10.12
3.02,3,1.56,0.99,0.13,10.13
3.02,3,1.55,0.98,0.13,10.14
3.02,3,1.55,0.98,0.13,10.15
3.02,3,1.56,0.98,0.13,10.16
3.07,3,1.55,0.97,0.13,10.17
3.02,3,1.55,0.97,0.13,10.18
3.02,3,1.54,0.97,0.13,10.19
3.02,3,1.57,0.97,0.13,10.2
3.07,3,1.56,0.96,0.13,10.21
3.02,3,1.55,0.96,0.13,10.22
3.07,3,1.53,0.96,0.13,10.23
3.13,3,1.54,0.95,0.13,10.24
3.07,3,1.54,0.95,0.13,10.25
3.13,3,1.55,0.95,0.13,10.26
3.07,3,1.54,0.94,0.13,10.27
3.07,3,1.54,0.94,0.13,10.28
3.07,3,1.53,0.94,0.13,10.29
3.02,3,1.54,0.94,0.13,10.3
3.02,3,1.53,0.93,0.13,10.31
3.02,3,1.54,0.93,0.13,10.32
3.13,3,1.53,0.93,0.13,10.33
3.07,3,1.52,0.93,0.13,10.34
3.07,3,1.53,0.92,0.13,10.35
3.07,3,1.53,0.92,0.13,10.36
3.02,3,1.54,0.92,0.13,10.37
2.96,3,1.54,0.91,0.13,10.38
2.96,3,1.52,0.91,0.13,10.39
3.13,3,1.52,0.91,0.13,10.4
3.07,3,1.52,0.91,0.13,10.41
3.02,3,1.53,0.9,0.13,10.42
3.02,3,1.52,0.9,0.13,10.43
3.02,3,1.52,0.9,0.13,10.44
3.07,3,1.52,0.9,0.13,10.45
3.02,3,1.51,0.89,0.13,10.46
3.07,3,1.51,0.89,0.13,10.47
3.07,3,1.52,0.89,0.13,10.48
3.02,3,1.51,0.89,0.13,10.49
3.07,3,1.51,0.88,0.13,10.5
3.02,3,1.51,0.88,0.13,10.51
3.07,3,1.51,0.88,0.13,10.52
3.02,3,1.52,0.88,0.13,10.53
3.02,3,1.51,0.87,0.13,10.54
3.07,3,1.51,0.87,0.13,10.55
3.07,3,1.51,0.87,0.13,10.56
3.02,3,1.51,0.87,0.13,10.57
3.07,3,1.5,0.86,0.13,10.58
3.02,3,1.49,0.86,0.13,10.59
3.07,3,1.5,0.86,0.13,10.6
3.02,3,1.5,0.86,0.13,10.61
2.96,3,1.5,0.85,0.13,10.62
3.02,3,1.5,0.85,0.13,10.63
3.02,3,1.5,0.85,0.13,10.64
3.07,3,1.5,0.85,0.13,10.65
3.07,3,1.5,0.84,0.13,10.66
3.07,3,1.5,0.84,0.13,10.67
3.02,3,1.5,0.84,0.13,10.68
3.02,3,1.49,0.84,0.13,10.69
3.13,3,1.5,0.83,0.13,10.7
3.07,3,1.5,0.83,0.13,10.71
3.02,3,1.5,0.83,0.13,10.72
3.02,3,1.5,0.83,0.13,10.73
3.07,3,1.49,0.83,0.13,10.74
3.07,3,1.49,0.82,0.13,10.75
3.07,3,1.5,0.82,0.13,10.76
3.07,3,1.49,0.82,0.13,10.77
3.02,3,1.49,0.82,0.13,10.78
3.02,3,1.48,0.81,0.13,10.79
3.02,3,1.5,0.81,0.13,10.8
3.02,3,1.49,0.81,0.13,10.81
3.02,3,1.49,0.81,0.13,10.82
3.07,3,1.49,0.81,0.13,10.83
3.02,3,1.5,0.8,0.13,10.84
3.02,3,1.49,0.8,0.13,10.85
3.02,3,1.48,0.8,0.13,10.86
3.02,3,1.49,0.8,0.13,10.87
3.02,3,1.48,0.8,0.13,10.88
3.07,3,1.5,0.79,0.13,10.89
3.07,3,1.49,0.79,0.13,10.9
2.96,3,1.48,0.79,0.13,10.91
3.07,3,1.48,0.79,0.13,10.92
3.02,3,1.48,0.79,0.13,10.93
3.07,3,1.48,0.78,0.13,10.94
3.07,3,1.47,0.78,0.13,10.95
3.02,3,1.48,0.78,0.13,10.96
3.02,3,1.48,0.78,0.13,10.97
3.02,3,1.49,0.78,0.13,10.98
3.07,3,1.47,0.77,0.13,10.99
3.07,3,1.47,0.77,0.13,11
3.02,3,1.48,0.77,0.13,11.01
3.02,3,1.47,0.77,0.13,11.02
2.96,3,1.47,0.77,0.13,11.03
3.02,3,1.48,0.76,0.13,11.04
3.02,3,1.48,0.76,0.13,11.05
3.07,3,1.48,0.76,0.13,11.06
3.13,3,1.46,0.76,0.13,11.07
3.07,3,1.46,0.76,0.13,11.08
3.02,3,1.47,0.76,0.13,11.09
3.13,3,1.46,0.75,0.13,11.1
3.02,3,1.46,0.75,0.13,11.11
3.07,3,1.46,0.75,0.13,11.12
3.02,3,1.47,0.75,0.13,11.13
3.02,3,1.46,0.75,0.13,11.14
3.07,3,1.48,0.74,0.13,11.15
3.07,3,1.48,0.74,0.13,11.16
3.02,3,1.47,0.74,0.13,11.17
3.07,3,1.46,0.74,0.13,11.18
3.02,3,1.47,0.74,0.13,11.19
3.07,3,1.47,0.74,0.13,11.2
3.07,3,1.47,0.73,0.13,11.21
3.07,3,1.45,0.73,0.13,11.22
3.02,3,1.46,0.73,0.13,11.23
3.02,3,1.47,0.73,0.13,11.24
3.07,3,1.46,0.73,0.13,11.25
3.02,3,1.46,0.72,0.13,11.26
3.07,3,1.45,0.72,0.13,11.27
3.02,3,1.46,0.72,0.13,11.28
3.02,3,1.45,0.72,0.13,11.29
3.07,3,1.46,0.72,0.13,11.3
3.07,3,1.45,0.72,0.13,11.31
3.02,3,1.44,0.71,0.13,11.32
3.02,3,1.47,0.71,0.13,11.33
3.07,3,1.45,0.71,0.13,11.34
3.07,3,1.46,0.71,0.13,11.35
3.02,3,1.45,0.71,0.13,11.36
3.02,3,1.45,0.71,0.13,11.37
3.07,3,1.46,0.7,0.13,11.38
3.02,3,1.45,0.7,0.13,11.39
3.07,3,1.45,0.7,0.13,11.4
3.02,3,1.44,0.7,0.13,11.41
3.02,3,1.46,0.7,0.13,11.42
3.02,3,1.45,0.7,0.13,11.43
3.07,3,1.46,0.7,0.13,11.44
3.07,3,1.46,0.69,0.13,11.45
3.07,3,1.44,0.69,0.13,11.46
3.02,3,1.44,0.69,0.13,11.47
3.07,3,1.44,0.69,0.13,11.48
3.07,3,1.45,0.69,0.13,11.49
3.07,3,1.43,0.69,0.13,11.5
3.07,3,1.44,0.68,0.13,11.51
3.02,3,1.44,0.68,0.13,11.52
2.96,3,1.44,0.68,0.13,11.53
3.02,3,1.44,0.68,0.13,11.54
3.02,3,1.44,0.68,0.13,11.55
3.02,3,1.44,0.68,0.13,11.56
3.13,3,1.43,0.68,0.13,11.57
3.02,3,1.45,0.67,0.13,11.58
3.07,3,1.44,0.67,0.13,11.59
3.07,3,1.44,0.67,0.13,11.6
3.02,3,1.44,0.67,0.13,11.61
3.07,3,1.44,0.67,0.13,11.62
3.07,3,1.44,0.67,0.13,11.63
3.02,3,1.43,0.67,0.13,11.64
3.07,3,1.43,0.66,0.13,11.65
3.07,3,1.43,0.66,0.13,11.66
3.07,3,1.43,0.66,0.13,11.67
3.02,3,1.43,0.66,0.13,11.68
3.02,3,1.44,0.66,0.13,11.69
3.02,3,1.45,0.66,0.13,11.7
3.07,3,1.44,0.66,0.13,11.71
3.07,3,1.44,0.65,0.13,11.72
3.02,3,1.43,0.65,0.13,11.73
3.07,3,1.44,0.65,0.13,11.74
3.02,3,1.44,0.65,0.13,11.75
3.07,3,1.42,0.65,0.13,11.76
3.07,3,1.42,0.65,0.13,11.77
3.02,3,1.43,0.65,0.13,11.78
3.02,3,1.42,0.64,0.13,11.79
3.02,10,7.03,0.66,0.28,11.8
3.19,10,7.01,0.67,0.29,11.81
3.64,10,6.85,0.68,0.29,11.82
3.87,10,6.56,0.69,0.29,11.83
4.16,10,6.32,0.71,0.29,11.84
4.45,10,6.07,0.72,0.29,11.85
4.75,10,5.8,0.73,0.29,11.86
4.92,10,5.61,0.73,0.29,11.87
5.16,10,5.39,0.74,0.3,11.88
5.4,10,5.2,0.75,0.3,11.89
5.71,10,4.98,0.76,0.3,11.9
5.89,10,4.82,0.77,0.3,11.91
6.07,10,4.65,0.77,0.3,11.92
6.32,10,4.48,0.78,0.3,11.93
6.32,10,4.37,0.78,0.3,11.94
6.57,10,4.18,0.79,0.3,11.95
6.69,10,4.05,0.8,0.3,11.96
6.82,10,3.97,0.8,0.3,11.97
7.07,10,3.8,0.8,0.3,11.98
7.07,10,3.71,0.81,0.3,11.99
7.2,10,3.65,0.81,0.31,12
7.32,10,3.56,0.82,0.31,12.01
7.38,10,3.49,0.82,0.31,12.02
7.58,10,3.37,0.82,0.31,12.03
7.7,10,3.31,0.83,0.31,12.04
7.77,10,3.24,0.83,0.31,12.05
7.77,10,3.2,0.83,0.31,12.06
7.89,10,3.15,0.83,0.31,12.07
7.96,10,3.09,0.84,0.31,12.08
8.02,10,3.04,0.84,0.31,12.09
8.09,10,2.99,0.84,0.31,12.1
8.09,10,2.95,0.84,0.31,12.11
8.21,10,2.9,0.85,0.31,12.12
8.21,10,2.86,0.85,0.31,12.13
8.28,10,2.85,0.85,0.31,12.14
8.34,10,2.84,0.85,0.31,12.15
8.34,10,2.8,0.85,0.31,12.16
8.41,10,2.77,0.85,0.31,12.17
8.54,10,2.73,0.86,0.32,12.18
8.54,10,2.65,0.86,0.32,12.19
8.6,10,2.63,0.86,0.32,12.2
8.6,10,2.63,0.86,0.32,12.21
8.67,10,2.63,0.86,0.32,12.22
8.6,10,2.62,0.86,0.32,12.23
8.73,10,2.59,0.86,0.32,12.24
8.73,10,2.58,0.86,0.32,12.25
8.8,10,2.54,0.86,0.32,12.26
8.73,10,2.52,0.86,0.32,12.27
8.86,10,2.53,0.86,0.32,12.28
8.86,10,2.5,0.86,0.32,12.29
8.86,10,2.49,0.87,0.32,12.3
8.86,10,2.49,0.87,0.32,12.31
8.86,10,2.46,0.87,0.32,12.32
8.86,10,2.48,0.87,0.32,12.33
8.93,10,2.46,0.87,0.32,12.34
8.93,10,2.45,0.87,0.32,12.35
9.06,10,2.45,0.87,0.32,12.36
9.06,10,2.43,0.87,0.32,12.37
8.99,10,2.42,0.87,0.32,12.38
9.12,10,2.37,0.87,0.32,12.39
9.06,10,2.38,0.87,0.32,12.4
9.12,10,2.37,0.87,0.32,12.41
9.12,10,2.36,0.87,0.32,12.42
9.12,10,2.35,0.87,0.32,12.43
9.12,10,2.37,0.87,0.32,12.44
9.12,10,2.35,0.87,0.32,12.45
9.12,10,2.35,0.87,0.32,12.46
9.26,10,2.34,0.87,0.32,12.47
9.19,10,2.33,0.87,0.33,12.48
9.12,10,2.32,0.87,0.33,12.49
9.26,10,2.33,0.87,0.33,12.5
9.19,10,2.33,0.87,0.33,12.51
9.26,10,2.34,0.87,0.33,12.52
9.26,10,2.33,0.87,0.33,12.53
9.19,10,2.34,0.87,0.33,12.54
9.32,10,2.33,0.87,0.33,12.55
9.26,10,2.33,0.87,0.33,12.56
9.26,10,2.34,0.87,0.33,12.57
9.26,10,2.34,0.87,0.33,12.58
9.32,10,2.32,0.87,0.33,12.59
9.32,10,2.32,0.87,0.33,12.6
9.32,10,2.3,0.86,0.33,12.61
9.32,10,2.29,0.86,0.33,12.62
9.39,10,2.3,0.86,0.33,12.63
9.45,10,2.31,0.86,0.33,12.64
9.39,10,2.29,0.86,0.33,12.65
9.32,10,2.28,0.86,0.33,12.66
9.39,10,2.29,0.86,0.33,12.67
9.45,10,2.29,0.86,0.33,12.68
9.39,10,2.29,0.86,0.33,12.69
9.39,10,2.26,0.86,0.33,12.7
9.39,10,2.28,0.86,0.33,12.71
9.39,10,2.28,0.86,0.33,12.72
9.59,10,2.26,0.86,0.33,12.73
9.59,10,2.23,0.86,0.33,12.74
9.45,10,2.25,0.86,0.33,12.75
9.59,10,2.2,0.86,0.33,12.76
9.59,10,2.23,0.86,0.33,12.77
9.59,10,2.19,0.86,0.33,12.78
9.45,10,2.21,0.86,0.33,12.79
9.59,10,2.23,0.85,0.33,12.8
9.45,10,2.2,0.85,0.33,12.81
9.59,10,2.22,0.85,0.33,12.82
9.59,10,2.22,0.85,0.33,12.83
9.65,10,2.2,0.85,0.33,12.84
9.59,10,2.21,0.85,0.33,12.85
9.59,10,2.21,0.85,0.33,12.86
9.59,10,2.22,0.85,0.33,12.87
9.65,10,2.22,0.85,0.33,12.88
9.65,10,2.21,0.85,0.33,12.89
9.59,10,2.2,0.85,0.33,12.9
9.59,10,2.22,0.85,0.33,12.91
9.59,10,2.22,0.85,0.33,12.92
9.59,10,2.2,0.84,0.33,12.93
9.65,10,2.2,0.84,0.33,12.94
9.59,10,2.22,0.84,0.33,12.95
9.59,10,2.21,0.84,0.33,12.96
9.59,10,2.19,0.84,0.33,12.97
9.65,10,2.19,0.84,0.33,12.98
9.65,10,2.18,0.84,0.33,12.99
9.65,10,2.18,0.84,0.33,13
9.72,10,2.18,0.84,0.33,13.01
9.65,10,2.17,0.84,0.33,13.02
9.65,10,2.17,0.84,0.33,13.03
9.72,10,2.18,0.84,0.33,13.04
9.78,10,2.16,0.83,0.33,13.05
9.72,10,2.17,0.83,0.33,13.06
9.72,10,2.17,0.83,0.33,13.07
9.72,10,2.17,0.83,0.33,13.08
9.72,10,2.18,0.83,0.34,13.09
9.59,10,2.17,0.83,0.34,13.1
9.78,10,2.16,0.83,0.34,13.11
9.72,10,2.17,0.83,0.34,13.12
9.65,10,2.15,0.83,0.34,13.13
9.65,10,2.15,0.83,0.34,13.14
9.78,10,2.15,0.83,0.34,13.15
9.72,10,2.16,0.82,0.34,13.16
9.72,10,2.15,0.82,0.34,13.17
9.72,10,2.15,0.82,0.34,13.18
9.72,10,2.15,0.82,0.34,13.19
9.78,10,2.16,0.82,0.34,13.2
9.78,10,2.15,0.82,0.34,13.21
9.78,10,2.15,0.82,0.34,13.22
9.78,10,2.16,0.82,0.34,13.23
9.78,10,2.16,0.82,0.34,13.24
9.78,10,2.15,0.82,0.34,13.25
9.72,10,2.15,0.81,0.34,13.26
9.72,10,2.13,0.81,0.34,13.27
9.85,10,2.14,0.81,0.34,13.28
9.78,10,2.14,0.81,0.34,13.29
9.72,10,2.14,0.81,0.34,13.3
9.78,10,2.15,0.81,0.34,13.31
9.72,10,2.14,0.81,0.34,13.32
9.78,10,2.14,0.81,0.34,13.33
9.85,10,2.13,0.81,0.34,13.34
9.85,10,2.14,0.81,0.34,13.35
9.78,10,2.13,0.8,0.34,13.36
9.85,10,2.14,0.8,0.34,13.37
9.78,10,2.14,0.8,0.34,13.38
9.85,10,2.13,0.8,0.34,13.39
9.78,10,2.13,0.8,0.34,13.4
9.85,10,2.15,0.8,0.34,13.41
9.85,10,2.14,0.8,0.34,13.42
9.78,10,2.11,0.8,0.34,13.43
9.85,10,2.14,0.8,0.34,13.44
9.85,10,2.15,0.8,0.34,13.45
9.78,10,2.12,0.8,0.34,13.46
9.78,10,2.13,0.79,0.34,13.47
9.85,10,2.14,0.79,0.34,13.48
9.85,10,2.13,0.79,0.34,13.49
9.85,10,2.13,0.79,0.34,13.5
9.78,10,2.13,0.79,0.34,13.51
9.78,10,2.13,0.79,0.34,13.52
9.85,10,2.11,0.79,0.34,13.53
9.85,10,2.13,0.79,0.34,13.54
9.92,10,2.12,0.79,0.34,13.55
9.85,10,2.12,0.79,0.34,13.56
9.92,10,2.12,0.78,0.34,13.57
9.92,10,2.12,0.78,0.34,13.58
9.92,10,2.11,0.78,0.34,13.59
9.78,10,2.13,0.78,0.34,13.6
9.85,10,2.12,0.78,0.34,13.61
9.85,10,2.12,0.78,0.34,13.62
9.92,10,2.12,0.78,0.34,13.63
9.92,10,2.12,0.78,0.34,13.64
9.85,10,2.12,0.78,0.34,13.65
9.85,10,2.12,0.78,0.34,13.66
9.92,10,2.12,0.77,0.34,13.67
9.92,10,2.11,0.77,0.34,13.68
9.78,10,2.12,0.77,0.34,13.69
9.85,10,2.13,0.77,0.34,13.7
9.85,10,2.11,0.77,0.34,13.71
9.85,10,2.12,0.77,0.34,13.72
9.85,10,2.12,0.77,0.34,13.73
9.92,10,2.11,0.77,0.34,13.74
9.85,10,2.12,0.77,0.34,13.75
9.85,10,2.12,0.77,0.34,13.76
9.92,10,2.12,0.76,0.34,13.77
9.85,10,2.12,0.76,0.34,13.78
9.85,10,2.12,0.76,0.34,13.79
9.85,10,2.13,0.76,0.34,13.8
9.85,10,2.12,0.76,0.34,13.81
9.92,10,2.12,0.76,0.34,13.82
9.92,10,2.12,0.76,0.34,13.83
9.85,10,2.12,0.76,0.34,13.84
9.98,10,2.14,0.76,0.34,13.85
9.92,10,2.13,0.76,0.34,13.86
9.85,10,2.13,0.75,0.34,13.87
9.85,10,2.13,0.75,0.34,13.88
9.85,10,2.13,0.75,0.34,13.89
9.92,10,2.12,0.75,0.34,13.9
9.85,10,2.12,0.75,0.34,13.91
9.92,10,2.09,0.75,0.34,13.92
9.92,10,2.13,0.75,0.34,13.93
9.92,10,2.12,0.75,0.34,13.94
9.92,10,2.12,0.75,0.34,13.95
9.92,10,2.13,0.75,0.34,13.96
9.98,10,2.13,0.74,0.34,13.97
9.98,10,2.12,0.74,0.34,13.98
9.92,10,2.12,0.74,0.34,13.99
9.85,10,2.13,0.74,0.34,14
9.85,10,2.13,0.74,0.34,14.01
9.92,10,2.12,0.74,0.34,14.02
9.92,10,2.14,0.74,0.34,14.03
9.98,10,2.13,0.74,0.34,14.04
9.92,10,2.12,0.74,0.34,14.05
9.85,10,2.13,0.74,0.34,14.06
9.85,10,2.13,0.74,0.34,14.07
9.98,10,2.14,0.73,0.34,14.08
9.98,10,2.13,0.73,0.34,14.09
9.98,10,2.13,0.73,0.34,14.1
9.98,10,2.13,0.73,0.34,14.11
9.98,10,2.14,0.73,0.34,14.12
9.98,10,2.12,0.73,0.34,14.13
9.92,10,2.13,0.73,0.34,14.14
9.98,10,2.13,0.73,0.34,14.15
9.98,10,2.13,0.73,0.34,14.16
9.92,10,2.13,0.73,0.34,14.17
9.92,10,2.13,0.73,0.34,14.18
9.92,10,2.14,0.72,0.34,14.19
9.92,10,2.13,0.72,0.34,14.2
9.92,10,2.13,0.72,0.34,14.21
10.12,10,2.12,0.72,0.34,14.22
9.92,10,2.14,0.72,0.34,14.23
9.92,10,2.13,0.72,0.34,14.24
9.98,10,2.14,0.72,0.34,14.25
9.92,10,2.13,0.72,0.34,14.26
10.05,10,2.13,0.72,0.34,14.27
9.92,10,2.13,0.72,0.34,14.28
9.92,10,2.13,0.72,0.34,14.29
9.98,10,2.13,0.71,0.34,14.3
9.92,10,2.11,0.71,0.34,14.31
9.98,10,2.11,0.71,0.34,14.32
9.92,10,2.14,0.71,0.34,14.33
9.92,10,2.13,0.71,0.34,14.34
9.98,10,2.13,0.71,0.34,14.35
9.98,10,2.14,0.71,0.34,14.36
9.98,10,2.11,0.71,0.34,14.37
9.92,10,2.13,0.71,0.34,14.38
9.98,10,2.13,0.71,0.34,14.39
9.92,10,2.13,0.71,0.34,14.4
9.92,10,2.14,0.7,0.34,14.41
9.98,10,2.12,0.7,0.34,14.42
9.98,10,2.11,0.7,0.34,14.43
9.98,10,2.13,0.7,0.34,14.44
9.92,10,2.13,0.7,0.34,14.45
10.12,10,2.11,0.7,0.34,14.46
9.92,10,2.1,0.7,0.34,14.47
10.05,10,2.12,0.7,0.34,14.48
9.92,10,2.11,0.7,0.34,14.49
10.05,10,2.12,0.7,0.34,14.5
9.98,10,2.13,0.7,0.34,14.51
9.92,10,2.13,0.69,0.34,14.52
9.92,10,2.12,0.69,0.34,14.53
9.92,10,2.11,0.69,0.34,14.54
9.98,10,2.12,0.69,0.34,14.55
9.92,10,2.11,0.69,0.34,14.56
9.92,10,2.1,0.69,0.34,14.57
9.98,10,2.1,0.69,0.34,14.58
9.98,10,2.11,0.69,0.34,14.59
10.05,10,2.12,0.69,0.34,14.6
9.98,10,2.11,0.69,0.34,14.61
10.05,10,2.11,0.69,0.34,14.62
10.05,10,2.11,0.69,0.34,14.63
9.98,10,2.12,0.68,0.34,14.64
9.98,10,2.1,0.68,0.34,14.65
9.98,10,2.13,0.68,0.34,14.66
9.92,10,2.08,0.68,0.34,14.67
9.98,10,2.12,0.68,0.34,14.68
9.98,10,2.12,0.68,0.34,14.69
9.98,10,2.12,0.68,0.34,14.7
10.05,10,2.1,0.68,0.34,14.71
9.92,10,2.11,0.68,0.34,14.72
9.98,10,2.1,0.68,0.34,14.73
9.92,10,2.1,0.68,0.34,14.74
9.92,10,2.1,0.67,0.34,14.75
9.98,10,2.1,0.67,0.34,14.76
9.98,10,2.11,0.67,0.34,14.77
10.05,10,2.11,0.67,0.34,14.78
9.98,10,2.11,0.67,0.34,14.79
9.98,10,2.11,0.67,0.34,14.8
9.92,10,2.1,0.67,0.34,14.81
9.98,10,2.08,0.67,0.34,14.82
9.98,10,2.11,0.67,0.34,14.83
9.92,10,2.1,0.67,0.34,14.84
9.98,10,2.12,0.67,0.34,14.85
9.98,10,2.11,0.67,0.34,14.86
9.98,10,2.12,0.66,0.34,14.87
10.05,10,2.12,0.66,0.34,14.88
9.98,10,2.12,0.66,0.34,14.89
9.92,10,2.11,0.66,0.34,14.9
9.92,10,2.08,0.66,0.34,14.91
9.98,10,2.09,0.66,0.34,14.92
10.05,10,2.11,0.66,0.34,14.93
9.98,10,2.11,0.66,0.34,14.94
10.05,10,2.12,0.66,0.34,14.95
9.98,10,2.09,0.66,0.34,14.96
9.92,10,2.13,0.66,0.34,14.97
10.05,10,2.13,0.66,0.34,14.98
9.92,10,2.11,0.66,0.34,14.99
9.98,10,2.12,0.65,0.34,15
10.05,10,2.13,0.65,0.34,15.01
9.92,10,2.12,0.65,0.34,15.02
10.05,10,2.12,0.65,0.34,15.03
9.98,10,2.1,0.65,0.34,15.04
9.98,10,2.11,0.65,0.34,15.05
9.98,10,2.11,0.65,0.34,15.06
9.92,10,2.12,0.65,0.34,15.07
9.98,10,2.11,0.65,0.34,15.08
9.98,10,2.1,0.65,0.34,15.09
9.92,10,2.11,0.65,0.34,15.1
9.98,10,2.1,0.65,0.34,15.11
9.98,10,2.11,0.64,0.34,15.12
9.98,10,2.14,0.64,0.34,15.13
9.98,10,2.1,0.64,0.34,15.14
9.92,10,2.12,0.64,0.34,15.15
10.05,10,2.11,0.64,0.34,15.16
9.98,10,2.13,0.64,0.34,15.17
9.98,10,2.1,0.64,0.34,15.18
9.92,10,2.1,0.64,0.34,15.19
9.98,10,2.1,0.64,0.34,15.2
9.98,10,2.1,0.64,0.34,15.21
9.92,10,2.09,0.64,0.34,15.22
10.12,10,2.08,0.64,0.34,15.23
9.92,10,2.09,0.64,0.34,15.24
9.98,10,2.1,0.63,0.34,15.25
9.92,10,2.09,0.63,0.34,15.26
9.98,10,2.08,0.63,0.34,15.27
9.92,10,2.09,0.63,0.34,15.28
9.92,10,2.1,0.63,0.34,15.29
10.12,10,2.08,0.63,0.34,15.3
9.98,10,2.11,0.63,0.34,15.31
10.12,10,2.09,0.63,0.34,15.32
10.05,10,2.1,0.63,0.34,15.33
9.98,10,2.09,0.63,0.34,15.34
10.18,10,2.09,0.63,0.34,15.35
9.92,10,2.08,0.63,0.34,15.36
9.92,10,2.11,0.63,0.34,15.37
9.98,10,2.09,0.62,0.34,15.38
10.05,10,2.09,0.62,0.34,15.39
9.92,10,2.11,0.62,0.34,15.4
9.98,10,2.09,0.62,0.34,15.41
10.05,10,2.09,0.62,0.34,15.42
9.92,10,2.11,0.62,0.34,15.43
10.12,10,2.12,0.62,0.34,15.44
9.98,10,2.11,0.62,0.34,15.45
9.98,10,2.11,0.62,0.34,15.46
10.05,10,2.1,0.62,0.34,15.47
9.98,10,2.08,0.62,0.34,15.48
10.05,10,2.09,0.62,0.34,15.49
9.98,10,2.09,0.62,0.34,15.5
10.05,10,2.08,0.62,0.34,15.51
9.98,10,2.09,0.61,0.34,15.52
9.98,10,2.11,0.61,0.34,15.53
9.98,10,2.1,0.61,0.34,15.54
9.92,10,2.09,0.61,0.34,15.55
9.98,10,2.08,0.61,0.34,15.56
9.98,10,2.09,0.61,0.34,15.57
9.92,10,2.1,0.61,0.34,15.58
9.98,10,2.09,0.61,0.34,15.59
9.98,10,2.1,0.61,0.34,15.6
9.98,10,2.11,0.61,0.34,15.61
9.98,10,2.11,0.61,0.34,15.62
9.92,10,2.1,0.61,0.34,15.63
9.98,10,2.07,0.61,0.34,15.64
9.92,10,2.1,0.61,0.34,15.65
9.98,10,2.09,0.6,0.34,15.66
9.98,10,2.09,0.6,0.34,15.67
9.92,10,2.11,0.6,0.34,15.68
10.05,10,2.09,0.6,0.34,15.69
9.98,10,2.1,0.6,0.34,15.7
9.98,10,2.1,0.6,0.34,15.71
9.98,10,2.11,0.6,0.34,15.72
10.05,10,2.09,0.6,0.34,15.73
9.98,10,2.08,0.6,0.34,15.74
9.98,10,2.09,0.6,0.34,15.75
10.05,10,2.09,0.6,0.34,15.76
10.05,10,2.07,0.6,0.34,15.77
9.92,10,2.09,0.6,0.34,15.78
9.98,20,10.09,0.61,0.57,15.79
10.52,20,9.94,0.62,0.57,15.8
11.19,20,9.42,0.63,0.57,15.81
11.81,20,8.86,0.64,0.57,15.82
12.36,20,8.29,0.64,0.57,15.83
12.99,20,7.75,0.65,0.57,15.84
13.48,20,7.23,0.66,0.57,15.85
13.83,20,6.8,0.67,0.58,15.86
14.33,20,6.35,0.67,0.58,15.87
14.61,20,5.96,0.68,0.58,15.88
15.05,20,5.61,0.68,0.58,15.89
15.48,20,5.26,0.69,0.58,15.9
15.7,20,5.01,0.69,0.58,15.91
15.99,20,4.72,0.7,0.58,15.92
16.35,20,4.48,0.7,0.58,15.93
16.5,20,4.2,0.7,0.58,15.94
16.65,20,4.01,0.71,0.58,15.95
16.94,20,3.81,0.71,0.58,15.96
17.24,20,3.63,0.71,0.58,15.97
17.24,20,3.48,0.71,0.58,15.98
17.46,20,3.34,0.71,0.58,15.99
17.54,20,3.16,0.72,0.58,16
17.76,20,3.07,0.72,0.58,16.01
17.83,20,2.93,0.72,0.58,16.02
17.98,20,2.84,0.72,0.58,16.03
18.06,20,2.77,0.72,0.58,16.04
18.21,20,2.64,0.72,0.58,16.05
18.21,20,2.6,0.73,0.59,16.06
18.21,20,2.5,0.73,0.59,16.07
18.36,20,2.46,0.73,0.59,16.08
18.43,20,2.4,0.73,0.59,16.09
18.51,20,2.33,0.73,0.59,16.1
18.66,20,2.27,0.73,0.59,16.11
18.66,20,2.23,0.73,0.59,16.12
18.74,20,2.16,0.73,0.59,16.13
18.81,20,2.13,0.73,0.59,16.14
18.74,20,2.08,0.73,0.59,16.15
18.81,20,2.05,0.73,0.59,16.16
18.81,20,2.02,0.73,0.59,16.17
18.89,20,2,0.73,0.59,16.18
18.96,20,1.99,0.73,0.59,16.19
18.96,20,1.95,0.74,0.59,16.2
19.04,20,1.95,0.74,0.59,16.21
19.04,20,1.93,0.74,0.59,16.22
19.04,20,1.9,0.74,0.59,16.23
19.04,20,1.9,0.74,0.59,16.24
19.04,20,1.9,0.74,0.59,16.25
19.04,20,1.9,0.74,0.59,16.26
19.27,20,1.85,0.74,0.59,16.27
19.27,20,1.85,0.74,0.59,16.28
19.27,20,1.83,0.74,0.59,16.29
19.11,20,1.8,0.74,0.59,16.3
19.11,20,1.79,0.74,0.59,16.31
19.27,20,1.78,0.74,0.59,16.32
19.27,20,1.77,0.74,0.59,16.33
19.27,20,1.75,0.74,0.59,16.34
19.27,20,1.75,0.74,0.59,16.35
19.27,20,1.75,0.74,0.59,16.36
19.19,20,1.75,0.74,0.59,16.37
19.27,20,1.74,0.74,0.59,16.38
19.34,20,1.73,0.74,0.59,16.39
19.34,20,1.74,0.74,0.59,16.4
19.34,20,1.72,0.74,0.59,16.41
19.42,20,1.7,0.74,0.59,16.42
19.34,20,1.72,0.74,0.59,16.43
19.34,20,1.72,0.74,0.59,16.44
19.49,20,1.71,0.74,0.59,16.45
19.34,20,1.71,0.74,0.6,16.46
19.42,20,1.71,0.74,0.6,16.47
19.42,20,1.71,0.74,0.6,16.48
19.42,20,1.7,0.74,0.6,16.49
19.42,20,1.68,0.74,0.6,16.5
19.34,20,1.72,0.74,0.6,16.51
19.34,20,1.72,0.74,0.6,16.52
19.42,20,1.71,0.73,0.6,16.53
19.42,20,1.71,0.73,0.6,16.54
19.42,20,1.72,0.73,0.6,16.55
19.49,20,1.71,0.73,0.6,16.56
19.49,20,1.72,0.73,0.6,16.57
19.49,20,1.71,0.73,0.6,16.58
19.57,20,1.73,0.73,0.6,16.59
19.42,20,1.71,0.73,0.6,16.6
19.49,20,1.7,0.73,0.6,16.61
19.57,20,1.66,0.73,0.6,16.62
19.57,20,1.7,0.73,0.6,16.63
19.57,20,1.7,0.73,0.6,16.64
19.57,20,1.69,0.73,0.6,16.65
19.49,20,1.71,0.73,0.6,16.66
19.57,20,1.71,0.73,0.6,16.67
19.49,20,1.69,0.73,0.6,16.68
19.49,20,1.69,0.73,0.6,16.69
19.49,20,1.69,0.73,0.6,16.7
19.49,20,1.71,0.73,0.6,16.71
19.57,20,1.7,0.73,0.6,16.72
19.57,20,1.69,0.73,0.6,16.73
19.57,20,1.69,0.73,0.6,16.74
19.49,20,1.68,0.73,0.6,16.75
19.65,20,1.69,0.73,0.6,16.76
19.57,20,1.67,0.73,0.6,16.77
19.57,20,1.67,0.73,0.6,16.78
19.57,20,1.66,0.73,0.6,16.79
19.57,20,1.68,0.73,0.6,16.8
19.65,20,1.68,0.73,0.6,16.81
19.57,20,1.68,0.73,0.6,16.82
19.65,20,1.68,0.73,0.6,16.83
19.49,20,1.66,0.73,0.6,16.84
19.65,20,1.68,0.73,0.6,16.85
19.65,20,1.68,0.73,0.6,16.86
19.72,20,1.68,0.72,0.6,16.87
19.72,20,1.69,0.72,0.6,16.88
19.65,20,1.68,0.72,0.6,16.89
19.65,20,1.68,0.72,0.6,16.9
19.65,20,1.69,0.72,0.6,16.91
19.72,20,1.7,0.72,0.6,16.92
19.57,20,1.7,0.72,0.6,16.93
19.57,20,1.69,0.72,0.6,16.94
19.65,20,1.68,0.72,0.6,16.95
19.72,20,1.69,0.72,0.6,16.96
19.65,20,1.68,0.72,0.6,16.97
19.65,20,1.68,0.72,0.6,16.98
19.72,20,1.69,0.72,0.6,16.99
19.65,20,1.69,0.72,0.6,17
19.72,20,1.7,0.72,0.6,17.01
19.65,20,1.68,0.72,0.6,17.02
19.65,20,1.69,0.72,0.6,17.03
19.72,20,1.68,0.72,0.6,17.04
19.8,20,1.7,0.72,0.6,17.05
19.88,20,1.69,0.72,0.6,17.06
19.65,20,1.67,0.72,0.6,17.07
19.72,20,1.69,0.72,0.6,17.08
19.65,20,1.69,0.72,0.6,17.09
19.65,20,1.69,0.72,0.6,17.1
19.65,20,1.66,0.72,0.6,17.11
19.65,20,1.66,0.71,0.6,17.12
19.72,20,1.65,0.71,0.6,17.13
19.65,20,1.63,0.71,0.6,17.14
19.8,20,1.67,0.71,0.6,17.15
19.72,20,1.67,0.71,0.6,17.16
19.72,20,1.65,0.71,0.6,17.17
19.8,20,1.63,0.71,0.6,17.18
19.72,20,1.66,0.71,0.6,17.19
19.88,20,1.64,0.71,0.6,17.2
19.72,20,1.68,0.71,0.6,17.21
19.65,20,1.63,0.71,0.6,17.22
19.8,20,1.67,0.71,0.6,17.23
19.72,20,1.64,0.71,0.6,17.24
19.88,20,1.66,0.71,0.6,17.25
19.88,20,1.65,0.71,0.6,17.26
19.88,20,1.68,0.71,0.6,17.27
19.88,20,1.63,0.71,0.6,17.28
19.72,20,1.65,0.71,0.6,17.29
19.8,20,1.62,0.71,0.6,17.3
19.72,20,1.65,0.71,0.6,17.31
19.88,20,1.63,0.71,0.6,17.32
19.72,20,1.69,0.7,0.6,17.33
19.72,20,1.65,0.7,0.6,17.34
19.72,20,1.64,0.7,0.6,17.35
19.72,20,1.61,0.7,0.6,17.36
19.88,20,1.61,0.7,0.6,17.37
19.72,20,1.63,0.7,0.6,17.38
19.72,20,1.58,0.7,0.6,17.39
19.88,20,1.62,0.7,0.6,17.4
19.72,20,1.6,0.7,0.6,17.41
19.72,20,1.64,0.7,0.61,17.42
19.95,20,1.63,0.7,0.61,17.43
19.72,20,1.62,0.7,0.61,17.44
19.72,20,1.61,0.7,0.61,17.45
19.95,20,1.6,0.7,0.61,17.46
19.95,20,1.62,0.7,0.61,17.47
19.88,20,1.62,0.7,0.61,17.48
19.72,20,1.62,0.7,0.61,17.49
19.88,20,1.61,0.7,0.61,17.5
19.72,20,1.63,0.7,0.61,17.51
19.88,20,1.61,0.69,0.61,17.52
19.88,20,1.62,0.69,0.61,17.53
19.88,20,1.6,0.69,0.61,17.54
19.88,20,1.62,0.69,0.61,17.55
19.95,20,1.61,0.69,0.61,17.56
19.88,20,1.58,0.69,0.61,17.57
19.8,20,1.61,0.69,0.61,17.58
19.88,20,1.61,0.69,0.61,17.59
19.8,20,1.6,0.69,0.61,17.6
19.95,20,1.61,0.69,0.61,17.61
19.88,20,1.6,0.69,0.61,17.62
19.88,20,1.58,0.69,0.61,17.63
19.88,20,1.61,0.69,0.61,17.64
19.8,20,1.6,0.69,0.61,17.65
19.88,20,1.6,0.69,0.61,17.66
19.95,20,1.63,0.69,0.61,17.67
19.88,20,1.6,0.69,0.61,17.68
19.88,20,1.57,0.69,0.61,17.69
19.95,20,1.62,0.68,0.61,17.7
19.95,20,1.61,0.68,0.61,17.71
19.95,20,1.59,0.68,0.61,17.72
19.95,20,1.58,0.68,0.61,17.73
19.88,20,1.62,0.68,0.61,17.74
19.88,20,1.62,0.68,0.61,17.75
19.95,20,1.61,0.68,0.61,17.76
19.88,20,1.61,0.68,0.61,17.77
19.95,20,1.61,0.68,0.61,17.78
19.88,20,1.6,0.68,0.61,17.79
19.95,20,1.58,0.68,0.61,17.8
19.88,20,1.6,0.68,0.61,17.81
19.95,20,1.61,0.68,0.61,17.82
19.95,20,1.6,0.68,0.61,17.83
19.8,20,1.6,0.68,0.61,17.84
19.95,20,1.61,0.68,0.61,17.85
19.95,20,1.6,0.68,0.61,17.86
19.88,20,1.6,0.68,0.61,17.87
19.95,20,1.62,0.67,0.61,17.88
19.95,20,1.6,0.67,0.61,17.89
20.03,20,1.62,0.67,0.61,17.9
19.88,20,1.61,0.67,0.61,17.91
19.88,20,1.6,0.67,0.61,17.92
19.88,20,1.59,0.67,0.61,17.93
19.88,20,1.62,0.67,0.61,17.94
19.88,20,1.6,0.67,0.61,17.95
19.95,20,1.62,0.67,0.61,17.96
19.88,20,1.63,0.67,0.61,17.97
19.88,20,1.6,0.67,0.61,17.98
19.88,20,1.61,0.67,0.61,17.99
19.88,20,1.62,0.67,0.61,18
19.88,20,1.62,0.67,0.61,18.01
19.95,20,1.6,0.67,0.61,18.02
19.88,20,1.61,0.67,0.61,18.03
19.88,20,1.6,0.67,0.61,18.04
19.88,20,1.63,0.67,0.61,18.05
19.88,20,1.63,0.67,0.61,18.06
19.95,20,1.61,0.66,0.61,18.07
19.95,20,1.63,0.66,0.61,18.08
19.95,20,1.62,0.66,0.61,18.09
19.88,20,1.59,0.66,0.61,18.1
20.03,20,1.62,0.66,0.61,18.11
20.03,20,1.63,0.66,0.61,18.12
19.95,20,1.61,0.66,0.61,18.13
19.95,20,1.62,0.66,0.61,18.14
19.88,20,1.63,0.66,0.61,18.15
19.95,20,1.6,0.66,0.61,18.16
19.95,20,1.62,0.66,0.61,18.17
19.88,20,1.61,0.66,0.61,18.18
19.88,20,1.6,0.66,0.61,18.19
19.88,20,1.6,0.66,0.61,18.2
19.95,20,1.6,0.66,0.61,18.21
19.88,20,1.61,0.66,0.61,18.22
19.88,20,1.62,0.66,0.61,18.23
19.95,20,1.62,0.66,0.61,18.24
19.95,20,1.61,0.66,0.61,18.25
19.88,20,1.6,0.65,0.61,18.26
19.88,20,1.59,0.65,0.61,18.27
19.88,20,1.62,0.65,0.61,18.28
20.03,20,1.61,0.65,0.61,18.29
19.95,20,1.62,0.65,0.61,18.3
19.95,20,1.61,0.65,0.61,18.31
19.88,20,1.62,0.65,0.61,18.32
19.95,20,1.61,0.65,0.61,18.33
20.03,20,1.62,0.65,0.61,18.34
19.88,20,1.62,0.65,0.61,18.35
19.95,20,1.62,0.65,0.61,18.36
19.95,20,1.59,0.65,0.61,18.37
19.95,20,1.6,0.65,0.61,18.38
19.95,20,1.62,0.65,0.61,18.39
19.88,20,1.6,0.65,0.61,18.4
19.95,20,1.6,0.65,0.61,18.41
20.03,20,1.6,0.65,0.61,18.42
19.95,30,9.47,0.65,0.83,18.43
20.49,30,9.31,0.66,0.83,18.44
21.35,30,8.7,0.67,0.83,18.45
21.97,30,7.99,0.68,0.83,18.46
22.6,30,7.28,0.68,0.83,18.47
23.16,30,6.67,0.69,0.84,18.48
23.88,30,6.18,0.69,0.84,18.49
24.28,30,5.66,0.7,0.84,18.5
24.68,30,5.19,0.7,0.84,18.51
25.17,30,4.74,0.71,0.84,18.52
25.66,30,4.4,0.71,0.84,18.53
25.98,30,3.98,0.71,0.84,18.54
26.23,30,3.68,0.72,0.84,18.55
26.48,30,3.37,0.72,0.84,18.56
26.81,30,3.11,0.72,0.84,18.57
27.14,30,2.85,0.72,0.84,18.58
27.31,30,2.65,0.72,0.84,18.59
27.39,30,2.48,0.73,0.84,18.6
27.56,30,2.22,0.73,0.84,18.61
27.81,30,2.1,0.73,0.84,18.62
27.97,30,1.94,0.73,0.84,18.63
28.06,30,1.84,0.73,0.84,18.64
28.22,30,1.73,0.73,0.84,18.65
28.31,30,1.58,0.73,0.84,18.66
28.48,30,1.5,0.73,0.84,18.67
28.48,30,1.41,0.73,0.84,18.68
28.56,30,1.33,0.73,0.84,18.69
28.64,30,1.27,0.73,0.84,18.7
28.9,30,1.17,0.74,0.84,18.71
28.73,30,1.09,0.74,0.84,18.72
28.9,30,1.01,0.74,0.84,18.73
29.07,30,0.97,0.74,0.84,18.74
28.98,30,0.91,0.74,0.84,18.75
29.15,30,0.88,0.74,0.84,18.76
29.07,30,0.83,0.74,0.84,18.77
29.24,30,0.82,0.74,0.84,18.78
29.15,30,0.78,0.74,0.84,18.79
29.24,30,0.78,0.74,0.84,18.8
29.15,30,0.71,0.74,0.84,18.81
29.24,30,0.7,0.74,0.84,18.82
29.32,30,0.69,0.74,0.84,18.83
29.24,30,0.68,0.74,0.85,18.84
29.32,30,0.66,0.74,0.85,18.85
29.32,30,0.64,0.74,0.85,18.86
29.32,30,0.61,0.74,0.85,18.87
29.41,30,0.62,0.74,0.85,18.88
29.32,30,0.62,0.74,0.85,18.89
29.41,30,0.59,0.74,0.85,18.9
29.41,30,0.58,0.74,0.85,18.91
29.58,30,0.57,0.74,0.85,18.92
29.58,30,0.56,0.74,0.85,18.93
29.41,30,0.55,0.74,0.85,18.94
29.58,30,0.53,0.74,0.85,18.95
29.49,30,0.5,0.74,0.85,18.96
29.41,30,0.53,0.74,0.85,18.97
29.58,30,0.51,0.73,0.85,18.98
29.58,30,0.53,0.73,0.85,18.99
29.32,30,0.51,0.73,0.85,19
29.66,30,0.5,0.73,0.85,19.01
29.58,30,0.5,0.73,0.85,19.02
29.66,30,0.51,0.73,0.85,19.03
29.49,30,0.5,0.73,0.85,19.04
29.41,30,0.49,0.73,0.85,19.05
29.49,30,0.5,0.73,0.85,19.06
29.58,30,0.49,0.73,0.85,19.07
29.66,30,0.48,0.73,0.85,19.08
29.58,30,0.49,0.73,0.85,19.09
29.75,30,0.49,0.73,0.85,19.1
29.58,30,0.48,0.73,0.85,19.11
29.66,30,0.49,0.73,0.85,19.12
29.66,30,0.47,0.73,0.85,19.13
29.66,30,0.48,0.73,0.85,19.14
29.58,30,0.48,0.73,0.85,19.15
29.58,30,0.47,0.73,0.85,19.16
29.58,30,0.49,0.73,0.85,19.17
29.58,30,0.51,0.73,0.85,19.18
29.66,30,0.49,0.73,0.85,19.19
29.66,30,0.48,0.73,0.85,19.2
29.66,30,0.46,0.73,0.85,19.21
29.66,30,0.46,0.73,0.85,19.22
29.58,30,0.48,0.73,0.85,19.23
29.66,30,0.45,0.73,0.85,19.24
29.58,30,0.45,0.73,0.85,19.25
29.75,30,0.46,0.73,0.85,19.26
29.75,30,0.46,0.73,0.85,19.27
29.66,30,0.48,0.73,0.85,19.28
29.66,30,0.47,0.73,0.85,19.29
29.75,30,0.47,0.73,0.85,19.3
29.58,30,0.46,0.72,0.85,19.31
29.75,30,0.48,0.72,0.85,19.32
29.75,30,0.47,0.72,0.85,19.33
29.75,30,0.47,0.72,0.85,19.34
29.66,30,0.47,0.72,0.85,19.35
29.75,30,0.47,0.72,0.85,19.36
29.66,30,0.47,0.72,0.85,19.37
29.75,30,0.45,0.72,0.85,19.38
29.66,30,0.46,0.72,0.85,19.39
29.75,30,0.47,0.72,0.85,19.4
29.66,30,0.46,0.72,0.85,19.41
29.66,30,0.46,0.72,0.85,19.42
29.75,30,0.49,0.72,0.85,19.43
29.75,30,0.47,0.72,0.85,19.44
29.75,30,0.45,0.72,0.85,19.45
29.75,30,0.48,0.72,0.85,19.46
29.75,30,0.48,0.72,0.85,19.47
29.75,30,0.45,0.72,0.85,19.48
29.66,30,0.47,0.72,0.85,19.49
29.66,30,0.46,0.72,0.85,19.5
29.75,30,0.47,0.72,0.85,19.51
29.66,30,0.47,0.72,0.85,19.52
29.83,30,0.48,0.72,0.85,19.53
29.75,30,0.48,0.72,0.85,19.54
29.75,30,0.46,0.72,0.85,19.55
29.83,30,0.45,0.72,0.85,19.56
29.75,30,0.52,0.72,0.85,19.57
29.75,30,0.46,0.71,0.85,19.58
29.83,30,0.45,0.71,0.85,19.59
29.83,30,0.46,0.71,0.85,19.6
29.75,30,0.43,0.71,0.85,19.61
29.66,30,0.46,0.71,0.85,19.62
29.66,30,0.49,0.71,0.85,19.63
29.75,30,0.48,0.71,0.85,19.64
29.75,30,0.45,0.71,0.85,19.65
29.83,30,0.47,0.71,0.85,19.66
29.75,30,0.46,0.71,0.85,19.67
29.66,30,0.46,0.71,0.85,19.68
29.83,30,0.45,0.71,0.85,19.69
29.75,30,0.47,0.71,0.85,19.7
29.75,30,0.49,0.71,0.85,19.71
29.75,30,0.49,0.71,0.85,19.72
29.75,30,0.48,0.71,0.85,19.73
29.75,30,0.46,0.71,0.85,19.74
29.75,30,0.48,0.71,0.85,19.75
29.75,30,0.48,0.71,0.85,19.76
29.83,30,0.47,0.71,0.85,19.77
29.83,30,0.51,0.71,0.85,19.78
29.75,30,0.49,0.71,0.85,19.79
29.83,30,0.48,0.71,0.85,19.8
29.75,30,0.48,0.71,0.85,19.81
29.75,30,0.48,0.71,0.85,19.82
29.83,30,0.46,0.7,0.85,19.83
29.75,30,0.48,0.7,0.85,19.84
29.83,30,0.49,0.7,0.85,19.85
29.75,30,0.49,0.7,0.85,19.86
29.83,30,0.49,0.7,0.85,19.87
29.75,30,0.49,0.7,0.85,19.88
29.75,30,0.48,0.7,0.85,19.89
29.75,30,0.5,0.7,0.85,19.9
29.83,30,0.49,0.7,0.85,19.91
29.75,30,0.49,0.7,0.85,19.92
29.75,30,0.49,0.7,0.85,19.93
29.92,30,0.48,0.7,0.85,19.94
29.83,30,0.49,0.7,0.85,19.95
29.92,30,0.49,0.7,0.85,19.96
29.83,30,0.5,0.7,0.85,19.97
29.83,30,0.5,0.7,0.85,19.98
29.75,30,0.5,0.7,0.85,19.99
29.92,30,0.52,0.7,0.85,20
29.92,30,0.49,0.7,0.85,20.01
29.83,30,0.5,0.7,0.85,20.02
29.92,30,0.49,0.7,0.85,20.03
29.83,30,0.51,0.7,0.86,20.04
29.83,30,0.49,0.7,0.86,20.05
29.83,30,0.49,0.7,0.86,20.06
29.83,30,0.5,0.69,0.86,20.07
29.75,30,0.48,0.69,0.86,20.08
29.83,30,0.51,0.69,0.86,20.09
29.83,30,0.5,0.69,0.86,20.1
29.83,30,0.52,0.69,0.86,20.11
29.83,30,0.51,0.69,0.86,20.12
29.75,30,0.49,0.69,0.86,20.13
29.83,30,0.51,0.69,0.86,20.14
29.92,30,0.49,0.69,0.86,20.15
29.75,30,0.5,0.69,0.86,20.16
29.92,30,0.51,0.69,0.86,20.17
29.83,30,0.48,0.69,0.86,20.18
29.75,30,0.51,0.69,0.86,20.19
29.83,30,0.52,0.69,0.86,20.2
29.92,30,0.5,0.69,0.86,20.21
29.92,30,0.52,0.69,0.86,20.22
29.75,30,0.51,0.69,0.86,20.23
29.92,30,0.5,0.69,0.86,20.24
29.83,30,0.5,0.69,0.86,20.25
29.83,30,0.51,0.69,0.86,20.26
29.75,30,0.5,0.69,0.86,20.27
29.83,30,0.49,0.69,0.86,20.28
29.75,30,0.49,0.69,0.86,20.29
29.92,30,0.51,0.69,0.86,20.3
29.92,30,0.51,0.69,0.86,20.31
29.92,30,0.48,0.68,0.86,20.32
30,30,0.52,0.68,0.86,20.33
29.92,30,0.52,0.68,0.86,20.34
29.83,30,0.48,0.68,0.86,20.35
29.83,30,0.51,0.68,0.86,20.36
29.92,30,0.5,0.68,0.86,20.37
29.92,30,0.49,0.68,0.86,20.38
29.83,30,0.47,0.68,0.86,20.39
29.83,30,0.48,0.68,0.86,20.4
29.83,30,0.49,0.68,0.86,20.41
29.83,30,0.48,0.68,0.86,20.42
29.83,30,0.47,0.68,0.86,20.43
29.83,30,0.49,0.68,0.86,20.44
29.75,30,0.49,0.68,0.86,20.45
29.92,30,0.48,0.68,0.86,20.46
29.83,30,0.49,0.68,0.86,20.47
29.83,30,0.51,0.68,0.86,20.48
29.83,30,0.51,0.68,0.86,20.49
29.83,30,0.49,0.68,0.86,20.5
29.92,30,0.47,0.68,0.86,20.51
30,30,0.5,0.68,0.86,20.52
29.83,30,0.48,0.68,0.86,20.53
29.92,30,0.47,0.68,0.86,20.54
29.92,30,0.5,0.67,0.86,20.55
29.92,30,0.51,0.67,0.86,20.56
29.92,30,0.49,0.67,0.86,20.57
29.92,30,0.46,0.67,0.86,20.58
29.83,30,0.48,0.67,0.86,20.59
29.92,30,0.51,0.67,0.86,20.6
29.92,30,0.51,0.67,0.86,20.61
29.83,30,0.49,0.67,0.86,20.62
29.92,30,0.49,0.67,0.86,20.63
29.75,30,0.5,0.67,0.86,20.64
29.83,30,0.51,0.67,0.86,20.65
29.83,30,0.47,0.67,0.86,20.66
29.83,30,0.49,0.67,0.86,20.67
29.92,30,0.49,0.67,0.86,20.68
29.83,30,0.52,0.67,0.86,20.69
29.92,30,0.5,0.67,0.86,20.7
29.92,30,0.5,0.67,0.86,20.71
30,30,0.49,0.67,0.86,20.72
30,30,0.53,0.67,0.86,20.73
29.83,30,0.53,0.67,0.86,20.74
29.83,30,0.51,0.67,0.86,20.75
29.92,30,0.51,0.67,0.86,20.76
29.83,30,0.46,0.67,0.86,20.77
30,30,0.5,0.66,0.86,20.78
29.83,30,0.5,0.66,0.86,20.79
30.09,30,0.52,0.66,0.86,20.8
29.92,30,0.5,0.66,0.86,20.81
29.83,30,0.48,0.66,0.86,20.82
29.92,30,0.5,0.66,0.86,20.83
29.92,30,0.49,0.66,0.86,20.84
29.92,30,0.48,0.66,0.86,20.85
29.92,30,0.5,0.66,0.86,20.86
29.92,30,0.5,0.66,0.86,20.87
29.92,30,0.51,0.66,0.86,20.88
30,30,0.48,0.66,0.86,20.89
29.92,30,0.5,0.66,0.86,20.9
29.83,30,0.52,0.66,0.86,20.91
30,30,0.52,0.66,0.86,20.92
29.92,30,0.51,0.66,0.86,20.93
29.83,30,0.51,0.66,0.86,20.94
29.83,30,0.49,0.66,0.86,20.95
29.92,30,0.49,0.66,0.86,20.96
29.92,30,0.5,0.66,0.86,20.97
29.92,30,0.5,0.66,0.86,20.98
30,30,0.5,0.66,0.86,20.99
29.83,30,0.49,0.66,0.86,21
29.83,30,0.5,0.66,0.86,21.01
30,30,0.5,0.65,0.86,21.02
29.92,30,0.52,0.65,0.86,21.03
29.92,30,0.52,0.65,0.86,21.04
29.92,30,0.5,0.65,0.86,21.05
29.83,30,0.52,0.65,0.86,21.06
29.83,30,0.48,0.65,0.86,21.07
29.92,30,0.5,0.65,0.86,21.08
29.83,30,0.52,0.65,0.86,21.09
30,30,0.51,0.65,0.86,21.1
29.92,30,0.5,0.65,0.86,21.11
29.83,30,0.5,0.65,0.86,21.12
29.92,30,0.52,0.65,0.86,21.13
30,30,0.52,0.65,0.86,21.14
29.75,30,0.52,0.65,0.86,21.15
29.92,30,0.5,0.65,0.86,21.16
29.92,30,0.51,0.65,0.86,21.17
29.92,30,0.52,0.65,0.86,21.18
29.83,30,0.51,0.65,0.86,21.19
29.92,30,0.51,0.65,0.86,21.2
29.92,30,0.52,0.65,0.86,21.21
29.92,30,0.5,0.65,0.86,21.22
30,30,0.52,0.65,0.86,21.23
29.92,30,0.5,0.65,0.86,21.24
29.92,30,0.52,0.65,0.86,21.25
29.83,30,0.52,0.64,0.86,21.26
29.92,30,0.5,0.64,0.86,21.27
29.83,30,0.5,0.64,0.86,21.28
29.92,30,0.51,0.64,0.86,21.29
30,30,0.52,0.64,0.86,21.3
29.92,30,0.51,0.64,0.86,21.31
29.92,30,0.52,0.64,0.86,21.32
29.92,30,0.55,0.64,0.86,21.33
29.92,30,0.53,0.64,0.86,21.34
29.92,30,0.53,0.64,0.86,21.35
29.92,30,0.52,0.64,0.86,21.36
29.83,30,0.53,0.64,0.86,21.37
29.92,30,0.51,0.64,0.86,21.38
29.92,30,0.54,0.64,0.86,21.39
29.83,30,0.52,0.64,0.86,21.4
29.83,30,0.49,0.64,0.86,21.41
29.92,30,0.53,0.64,0.86,21.42
29.92,30,0.54,0.64,0.86,21.43
29.92,30,0.52,0.64,0.86,21.44
30,30,0.52,0.64,0.86,21.45
29.83,30,0.52,0.64,0.86,21.46
29.83,30,0.51,0.64,0.86,21.47
30,30,0.54,0.64,0.86,21.48
30,30,0.54,0.64,0.86,21.49
30,30,0.51,0.63,0.86,21.5
29.83,30,0.52,0.63,0.86,21.51
29.83,30,0.53,0.63,0.86,21.52
29.92,30,0.53,0.63,0.86,21.53
30,30,0.53,0.63,0.86,21.54
29.92,30,0.52,0.63,0.86,21.55
29.92,30,0.5,0.63,0.86,21.56
29.83,30,0.52,0.63,0.86,21.57
29.92,30,0.54,0.63,0.86,21.58
30,30,0.53,0.63,0.86,21.59
29.83,30,0.53,0.63,0.86,21.6
30,30,0.51,0.63,0.86,21.61
30,30,0.51,0.63,0.86,21.62
30,30,0.5,0.63,0.86,21.63
30,30,0.51,0.63,0.86,21.64
29.92,30,0.53,0.63,0.86,21.65
30,30,0.51,0.63,0.86,21.66
30,30,0.52,0.63,0.86,21.67
29.83,30,0.51,0.63,0.86,21.68
29.92,30,0.52,0.63,0.86,21.69
29.83,30,0.53,0.63,0.86,21.7
29.92,30,0.54,0.63,0.86,21.71
30.43,30,0.51,0.63,0.86,21.72
29.92,30,0.51,0.63,0.86,21.73
29.92,30,0.53,0.63,0.86,21.74
29.92,30,0.53,0.62,0.86,21.75
29.92,30,0.53,0.62,0.86,21.76
29.92,30,0.51,0.62,0.86,21.77
29.92,30,0.53,0.62,0.86,21.78
29.92,30,0.52,0.62,0.86,21.79
29.92,30,0.5,0.62,0.86,21.8
29.92,30,0.51,0.62,0.86,21.81
30,30,0.52,0.62,0.86,21.82
29.92,30,0.52,0.62,0.86,21.83
30,30,0.53,0.62,0.86,21.84
29.92,30,0.54,0.62,0.86,21.85
30,30,0.52,0.62,0.86,21.86
29.92,30,0.52,0.62,0.86,21.87
30,30,0.52,0.62,0.86,21.88
30.09,30,0.54,0.62,0.86,21.89
29.92,30,0.53,0.62,0.86,21.9
29.92,30,0.52,0.62,0.86,21.91
30,30,0.53,0.62,0.86,21.92
30,30,0.52,0.62,0.86,21.93
30,30,0.52,0.62,0.86,21.94
30,30,0.52,0.62,0.86,21.95
29.83,30,0.52,0.62,0.86,21.96
29.83,30,0.53,0.62,0.86,21.97
29.92,30,0.53,0.62,0.86,21.98
29.92,30,0.52,0.62,0.86,21.99
29.92,30,0.53,0.62,0.86,22
29.92,30,0.54,0.61,0.86,22.01
29.92,30,0.56,0.61,0.86,22.02
30,30,0.55,0.61,0.86,22.03
30,30,0.53,0.61,0.86,22.04
29.92,30,0.54,0.61,0.86,22.05
29.92,30,0.54,0.61,0.86,22.06
29.92,30,0.54,0.61,0.86,22.07
30,30,0.55,0.61,0.86,22.08
29.92,30,0.55,0.61,0.86,22.09
29.92,30,0.53,0.61,0.86,22.1
30,30,0.53,0.61,0.86,22.11
29.92,30,0.53,0.61,0.86,22.12
29.92,30,0.53,0.61,0.86,22.13
30,30,0.49,0.61,0.86,22.14
29.92,30,0.54,0.61,0.86,22.15
30,30,0.53,0.61,0.86,22.16
29.83,30,0.55,0.61,0.86,22.17
30,30,0.51,0.61,0.86,22.18
30,30,0.54,0.61,0.86,22.19
29.92,30,0.53,0.61,0.86,22.2
29.92,30,0.53,0.61,0.86,22.21
30,30,0.54,0.61,0.86,22.22
29.92,30,0.54,0.61,0.86,22.23
29.92,30,0.53,0.61,0.86,22.24
29.92,30,0.54,0.61,0.86,22.25
30,30,0.52,0.61,0.86,22.26
29.92,30,0.54,0.6,0.86,22.27
29.92,30,0.53,0.6,0.86,22.28
29.92,30,0.53,0.6,0.86,22.29
29.83,30,0.54,0.6,0.86,22.3
30,30,0.54,0.6,0.86,22.31
30,30,0.53,0.6,0.86,22.32
30,30,0.55,0.6,0.86,22.33
29.92,30,0.52,0.6,0.86,22.34
30,30,0.54,0.6,0.86,22.35
29.83,30,0.53,0.6,0.86,22.36
29.92,30,0.58,0.6,0.86,22.37
30,30,0.54,0.6,0.86,22.38
29.92,30,0.55,0.6,0.86,22.39
29.92,30,0.52,0.6,0.86,22.4
29.92,30,0.55,0.6,0.86,22.41
30,30,0.55,0.6,0.86,22.42
30,30,0.54,0.6,0.86,22.43
29.92,30,0.53,0.6,0.86,22.44
29.92,30,0.54,0.6,0.86,22.45
30,30,0.56,0.6,0.86,22.46
29.92,30,0.55,0.6,0.86,22.47
29.92,30,0.53,0.6,0.86,22.48
29.83,30,0.56,0.6,0.86,22.49
29.92,30,0.55,0.6,0.86,22.5
29.92,30,0.53,0.6,0.86,22.51
29.92,30,0.55,0.6,0.86,22.52
29.92,30,0.54,0.6,0.86,22.53
29.92,30,0.53,0.59,0.86,22.54
29.92,30,0.56,0.59,0.86,22.55
30.09,30,0.03,0.59,0.85,22.56
30,30,0.05,0.59,0.85,22.57
29.83,30,0.1,0.59,0.85,22.58
29.75,30,0.17,0.59,0.85,22.59
29.75,30,0.19,0.59,0.85,22.6
29.66,30,0.22,0.59,0.85,22.61
29.66,30,0.26,0.59,0.85,22.62
29.75,30,0.28,0.59,0.85,22.63
29.66,30,0.3,0.59,0.85,22.64
29.66,30,0.34,0.59,0.85,22.65
29.58,30,0.37,0.59,0.85,22.66
29.58,30,0.4,0.59,0.85,22.67
29.49,30,0.41,0.59,0.85,22.68
29.49,30,0.44,0.59,0.85,22.69
29.41,30,0.44,0.59,0.85,22.7
29.41,30,0.45,0.59,0.85,22.71
29.58,30,0.46,0.59,0.85,22.72
29.41,30,0.49,0.59,0.85,22.73
29.41,30,0.51,0.59,0.85,22.74
29.41,30,0.5,0.59,0.85,22.75
29.49,30,0.51,0.59,0.85,22.76
29.49,30,0.53,0.59,0.85,22.77
29.41,30,0.56,0.59,0.85,22.78
29.41,30,0.55,0.59,0.85,22.79
29.41,30,0.53,0.59,0.85,22.8
29.49,30,0.57,0.59,0.85,22.81
29.49,30,0.57,0.59,0.85,22.82
29.32,30,0.6,0.59,0.85,22.83
29.41,30,0.57,0.59,0.85,22.84
29.32,30,0.58,0.59,0.85,22.85
29.41,30,0.58,0.59,0.85,22.86
29.32,30,0.6,0.59,0.85,22.87
29.32,30,0.6,0.59,0.85,22.88
29.32,30,0.6,0.59,0.85,22.89
29.32,30,0.6,0.59,0.85,22.9
29.32,30,0.61,0.59,0.85,22.91
29.41,30,0.63,0.59,0.85,22.92
29.41,30,0.62,0.59,0.85,22.93
29.32,30,0.61,0.59,0.85,22.94
29.32,30,0.62,0.59,0.85,22.95
29.41,30,0.62,0.59,0.85,22.96
29.24,30,0.56,0.59,0.85,22.97
29.41,30,0.62,0.59,0.85,22.98
29.41,30,0.61,0.59,0.85,22.99
29.24,30,0.62,0.59,0.85,23
29.41,30,0.63,0.59,0.85,23.01
29.24,30,0.63,0.59,0.85,23.02
29.49,30,0.63,0.59,0.85,23.03
29.32,30,0.62,0.59,0.85,23.04
29.41,30,0.64,0.59,0.85,23.05
29.41,30,0.63,0.59,0.85,23.06
29.32,30,0.63,0.59,0.85,23.07
29.32,30,0.64,0.59,0.85,23.08
29.24,30,0.61,0.59,0.85,23.09
29.32,30,0.62,0.59,0.85,23.1
29.32,30,0.62,0.59,0.85,23.11
29.41,30,0.64,0.59,0.85,23.12
29.32,30,0.62,0.59,0.85,23.13
29.32,30,0.63,0.59,0.85,23.14
29.41,30,0.63,0.59,0.85,23.15
29.58,30,0.66,0.59,0.85,23.16
29.32,30,0.63,0.59,0.85,23.17
29.24,30,0.62,0.59,0.85,23.18
29.32,30,0.64,0.59,0.85,23.19
29.41,30,0.63,0.59,0.85,23.2
29.32,30,0.64,0.59,0.85,23.21
29.24,30,0.62,0.59,0.85,23.22
29.41,30,0.62,0.59,0.85,23.23
29.32,30,0.64,0.59,0.85,23.24
29.32,30,0.64,0.59,0.85,23.25
29.32,30,0.65,0.59,0.85,23.26
29.75,30,0.62,0.59,0.85,23.27
29.24,30,0.63,0.59,0.85,23.28
29.24,30,0.63,0.59,0.85,23.29
29.32,30,0.62,0.59,0.85,23.3
29.41,30,0.64,0.59,0.85,23.31
29.32,30,0.64,0.59,0.85,23.32
29.41,30,0.66,0.59,0.85,23.33
29.32,30,0.64,0.59,0.85,23.34
29.32,30,0.65,0.59,0.85,23.35
29.41,30,0.65,0.59,0.85,23.36
29.32,30,0.64,0.59,0.85,23.37
29.41,30,0.64,0.59,0.85,23.38
29.32,30,0.63,0.59,0.85,23.39
29.32,30,0.64,0.59,0.85,23.4
29.24,30,0.64,0.59,0.85,23.41
29.32,30,0.64,0.59,0.85,23.42
29.32,30,0.64,0.59,0.85,23.43
29.41,30,0.65,0.59,0.85,23.44
29.32,30,0.64,0.59,0.85,23.45
29.41,30,0.63,0.59,0.85,23.46
29.24,30,0.65,0.59,0.85,23.47
29.41,30,0.62,0.59,0.85,23.48
29.41,30,0.63,0.59,0.85,23.49
29.32,30,0.62,0.59,0.85,23.5
29.32,30,0.64,0.59,0.85,23.51
29.41,30,0.63,0.59,0.85,23.52
29.41,30,0.64,0.59,0.85,23.53
29.24,30,0.67,0.59,0.85,23.54
29.24,30,0.64,0.59,0.85,23.55
29.24,30,0.65,0.59,0.85,23.56
29.32,30,0.64,0.59,0.85,23.57
29.41,30,0.63,0.59,0.85,23.58
29.32,30,0.64,0.59,0.85,23.59
29.41,30,0.64,0.59,0.85,23.6
29.32,30,0.63,0.59,0.85,23.61
29.41,30,0.63,0.59,0.85,23.62
29.32,30,0.64,0.59,0.85,23.63
29.41,30,0.64,0.59,0.85,23.64
29.41,30,0.63,0.59,0.85,23.65
29.32,30,0.65,0.59,0.85,23.66
29.41,30,0.62,0.59,0.85,23.67
29.24,30,0.62,0.59,0.85,23.68
29.24,30,0.65,0.59,0.85,23.69
29.41,30,0.64,0.59,0.85,23.7
29.41,30,0.64,0.59,0.85,23.71
29.32,30,0.64,0.59,0.85,23.72
29.24,30,0.64,0.59,0.85,23.73
29.41,30,0.65,0.59,0.85,23.74
29.32,30,0.64,0.59,0.85,23.75
29.32,30,0.63,0.59,0.85,23.76
29.32,30,0.64,0.59,0.85,23.77
29.32,30,0.65,0.59,0.85,23.78
29.41,30,0.63,0.59,0.85,23.79
29.41,30,0.62,0.59,0.85,23.8
29.24,30,0.64,0.59,0.85,23.81
29.24,30,0.64,0.59,0.85,23.82
29.41,30,0.65,0.59,0.85,23.83
29.32,30,0.64,0.59,0.85,23.84
29.41,30,0.66,0.59,0.85,23.85
29.32,30,0.65,0.59,0.85,23.86
29.32,30,0.64,0.59,0.85,23.87
29.32,30,0.68,0.59,0.85,23.88
29.32,30,0.65,0.59,0.85,23.89
29.24,30,0.67,0.59,0.85,23.9
29.41,30,0.68,0.59,0.85,23.91
29.41,30,0.63,0.59,0.85,23.92
29.32,30,0.66,0.59,0.85,23.93
29.41,30,0.65,0.59,0.85,23.94
29.24,30,0.64,0.59,0.85,23.95
29.24,30,0.66,0.59,0.85,23.96
29.24,30,0.64,0.59,0.85,23.97
29.41,30,0.62,0.59,0.85,23.98
29.32,30,0.64,0.59,0.85,23.99
29.32,30,0.64,0.59,0.85,24
29.24,30,0.7,0.59,0.85,24.01
29.24,30,0.65,0.59,0.85,24.02
29.41,30,0.65,0.59,0.85,24.03
29.32,30,0.65,0.59,0.85,24.04
29.32,30,0.65,0.59,0.85,24.05
29.32,30,0.67,0.59,0.85,24.06
29.24,30,0.65,0.59,0.85,24.07
29.32,30,0.64,0.59,0.85,24.08
29.32,30,0.63,0.59,0.85,24.09
29.41,30,0.65,0.59,0.85,24.1
29.32,30,0.64,0.59,0.85,24.11
29.24,30,0.65,0.59,0.85,24.12
29.41,30,0.68,0.59,0.85,24.13
29.32,30,0.64,0.59,0.85,24.14
29.24,30,0.66,0.59,0.85,24.15
29.24,30,0.66,0.59,0.85,24.16
29.24,30,0.65,0.59,0.85,24.17
29.41,30,0.64,0.59,0.85,24.18
29.24,30,0.66,0.59,0.85,24.19
29.32,30,0.67,0.59,0.85,24.2
29.32,30,0.64,0.59,0.85,24.21
29.32,30,0.64,0.59,0.85,24.22
29.32,30,0.65,0.59,0.85,24.23
29.32,30,0.64,0.59,0.85,24.24
29.32,30,0.64,0.59,0.85,24.25
29.32,30,0.65,0.59,0.85,24.26
29.41,30,0.65,0.59,0.85,24.27
29.41,30,0.63,0.59,0.85,24.28
29.24,30,0.66,0.59,0.85,24.29
29.32,30,0.65,0.59,0.85,24.3
29.32,30,0.66,0.59,0.85,24.31
29.32,30,0.65,0.59,0.85,24.32
29.24,30,0.67,0.59,0.85,24.33
29.24,30,0.66,0.59,0.85,24.34
29.41,30,0.65,0.59,0.85,24.35
29.41,30,0.63,0.59,0.85,24.36
29.32,30,0.65,0.59,0.85,24.37
29.24,30,0.65,0.59,0.85,24.38
29.24,30,0.65,0.6,0.85,24.39
29.41,30,0.65,0.6,0.85,24.4
29.32,30,0.64,0.6,0.85,24.41
29.32,30,0.66,0.6,0.85,24.42
29.41,30,0.67,0.6,0.85,24.43
29.32,30,0.65,0.6,0.85,24.44
29.32,30,0.66,0.6,0.85,24.45
29.32,30,0.67,0.6,0.85,24.46
29.41,30,0.66,0.6,0.85,24.47
29.24,30,0.66,0.6,0.85,24.48
29.41,30,0.65,0.6,0.85,24.49
29.24,30,0.65,0.6,0.85,24.5
29.32,30,0.65,0.6,0.85,24.51
29.32,30,0.65,0.6,0.85,24.52
29.32,30,0.66,0.6,0.85,24.53
29.24,30,0.64,0.6,0.85,24.54
29.41,30,0.67,0.6,0.85,24.55
29.41,30,0.65,0.6,0.85,24.56
29.24,30,0.65,0.6,0.85,24.57
29.24,30,0.66,0.6,0.85,24.58
29.24,30,0.65,0.6,0.85,24.59
29.41,30,0.65,0.6,0.85,24.6
29.32,30,0.68,0.6,0.85,24.61
29.24,30,0.65,0.6,0.85,24.62
29.32,30,0.65,0.6,0.85,24.63
29.24,30,0.65,0.6,0.85,24.64
29.41,30,0.66,0.6,0.85,24.65
29.41,30,0.66,0.6,0.85,24.66
29.32,30,0.67,0.6,0.85,24.67
29.24,30,0.67,0.6,0.85,24.68
29.24,30,0.67,0.6,0.85,24.69
29.32,30,0.64,0.6,0.85,24.7
29.32,30,0.64,0.6,0.85,24.71
29.24,30,0.65,0.6,0.85,24.72
29.24,30,0.64,0.6,0.85,24.73
29.24,30,0.66,0.6,0.85,24.74
29.41,30,0.66,0.6,0.85,24.75
29.41,30,0.67,0.6,0.85,24.76
29.32,30,0.68,0.6,0.85,24.77
29.24,30,0.67,0.6,0.85,24.78
29.32,30,0.65,0.6,0.85,24.79
29.32,30,0.67,0.6,0.85,24.8
29.24,30,0.66,0.6,0.85,24.81
29.41,30,0.66,0.6,0.85,24.82
29.41,30,0.67,0.6,0.85,24.83
29.24,30,0.66,0.6,0.85,24.84
29.24,30,7.66,0.6,0.85,24.85
29.32,20,9.33,0.6,0.56,24.86
28.39,20,8.98,0.6,0.56,24.87
27.56,20,8.04,0.6,0.56,24.88
26.56,20,7.09,0.6,0.56,24.89
25.82,20,6.22,0.59,0.56,24.9
25.01,20,5.35,0.59,0.56,24.91
24.2,20,4.62,0.59,0.56,24.92
23.64,20,3.97,0.59,0.56,24.93
23.16,20,3.4,0.59,0.56,24.94
22.68,20,2.92,0.59,0.56,24.95
22.21,20,2.44,0.59,0.56,24.96
21.81,20,1.99,0.59,0.56,24.97
21.42,20,1.62,0.59,0.56,24.98
21.19,20,1.28,0.59,0.56,24.99
20.72,20,0.94,0.59,0.56,25
20.57,20,0.65,0.59,0.56,25.01
20.18,20,0.43,0.59,0.56,25.02
19.95,20,0.2,0.59,0.56,25.03
19.88,20,0.05,0.59,0.56,25.04
19.65,20,0.24,0.59,0.56,25.05
19.65,20,0.41,0.59,0.56,25.06
19.42,20,0.56,0.59,0.56,25.07
19.27,20,0.68,0.59,0.56,25.08
19.04,20,0.81,0.59,0.56,25.09
19.04,20,0.94,0.59,0.56,25.1
18.89,20,1.06,0.59,0.56,25.11
18.81,20,1.13,0.59,0.56,25.12
18.81,20,1.21,0.59,0.56,25.13
18.51,20,1.3,0.59,0.56,25.14
18.51,20,1.37,0.59,0.56,25.15
18.51,20,1.44,0.59,0.56,25.16
18.51,20,1.51,0.59,0.56,25.17
18.36,20,1.57,0.59,0.56,25.18
18.28,20,1.61,0.59,0.56,25.19
18.21,20,1.65,0.59,0.56,25.2
18.21,20,1.69,0.6,0.56,25.21
18.36,20,1.72,0.6,0.56,25.22
18.21,20,1.74,0.6,0.56,25.23
18.28,20,1.78,0.6,0.56,25.24
18.06,20,1.79,0.6,0.56,25.25
18.13,20,1.82,0.6,0.56,25.26
18.06,20,1.83,0.6,0.56,25.27
18.13,20,1.85,0.6,0.56,25.28
18.06,20,1.87,0.6,0.56,25.29
18.13,20,1.87,0.6,0.56,25.3
18.13,20,1.88,0.6,0.56,25.31
18.13,20,1.9,0.6,0.56,25.32
18.06,20,1.91,0.6,0.56,25.33
18.06,20,1.91,0.6,0.56,25.34
17.76,20,1.92,0.6,0.56,25.35
18.06,20,1.92,0.61,0.56,25.36
17.98,20,1.94,0.61,0.56,25.37
18.13,20,1.95,0.61,0.56,25.38
18.13,20,1.95,0.61,0.56,25.39
18.06,20,1.98,0.61,0.56,25.4
18.06,20,1.96,0.61,0.56,25.41
17.91,20,1.98,0.61,0.56,25.42
17.83,20,1.98,0.61,0.56,25.43
17.91,20,1.98,0.61,0.56,25.44
18.06,20,1.98,0.61,0.56,25.45
17.98,20,2,0.61,0.56,25.46
18.06,20,1.98,0.61,0.56,25.47
17.91,20,2.01,0.61,0.56,25.48
18.06,20,2,0.62,0.56,25.49
17.91,20,2.01,0.62,0.56,25.5
18.06,20,1.99,0.62,0.56,25.51
17.98,20,2.01,0.62,0.56,25.52
17.98,20,2,0.62,0.56,25.53
17.98,20,2.02,0.62,0.56,25.54
17.98,20,2.01,0.62,0.56,25.55
17.91,20,2.01,0.62,0.56,25.56
17.91,20,1.99,0.62,0.56,25.57
17.98,20,2,0.62,0.56,25.58
17.91,20,1.98,0.62,0.56,25.59
18.06,20,2,0.62,0.56,25.6
17.98,20,2.01,0.62,0.56,25.61
17.91,20,2.01,0.62,0.56,25.62
17.91,20,2.01,0.63,0.56,25.63
17.91,20,2.01,0.63,0.56,25.64
17.98,20,2.01,0.63,0.56,25.65
18.06,20,1.98,0.63,0.56,25.66
17.98,20,1.99,0.63,0.56,25.67
18.13,20,1.98,0.63,0.56,25.68
18.06,20,1.99,0.63,0.56,25.69
17.91,20,1.99,0.63,0.56,25.7
18.06,20,2.01,0.63,0.56,25.71
17.98,20,1.99,0.63,0.56,25.72
17.98,20,2.01,0.63,0.56,25.73
17.98,20,1.99,0.63,0.56,25.74
17.91,20,1.99,0.63,0.56,25.75
18.06,20,2,0.64,0.56,25.76
18.06,20,2,0.64,0.56,25.77
17.91,20,1.98,0.64,0.56,25.78
18.06,20,1.98,0.64,0.56,25.79
18.06,20,1.98,0.64,0.56,25.8
18.06,20,1.98,0.64,0.56,25.81
18.13,20,1.99,0.64,0.56,25.82
18.06,20,1.98,0.64,0.56,25.83
17.91,20,2.01,0.64,0.56,25.84
17.91,20,1.99,0.64,0.56,25.85
18.06,20,1.97,0.64,0.56,25.86
17.91,20,1.99,0.64,0.56,25.87
17.98,20,1.99,0.64,0.56,25.88
17.91,20,1.98,0.64,0.56,25.89
17.91,20,1.99,0.65,0.56,25.9
17.98,20,1.98,0.65,0.56,25.91
17.91,20,1.99,0.65,0.56,25.92
17.98,20,1.98,0.65,0.56,25.93
18.06,20,1.98,0.65,0.56,25.94
18.06,20,1.97,0.65,0.56,25.95
18.13,20,1.96,0.65,0.56,25.96
17.91,20,1.99,0.65,0.56,25.97
18.06,20,1.96,0.65,0.56,25.98
17.98,20,1.96,0.65,0.56,25.99
17.98,20,1.96,0.65,0.56,26
18.06,20,1.96,0.65,0.56,26.01
18.06,20,1.97,0.65,0.56,26.02
18.06,20,1.98,0.65,0.56,26.03
17.98,20,1.96,0.65,0.56,26.04
18.06,20,1.96,0.66,0.56,26.05
18.13,20,1.97,0.66,0.56,26.06
18.06,20,1.94,0.66,0.56,26.07
17.91,20,1.95,0.66,0.56,26.08
18.06,20,1.95,0.66,0.56,26.09
17.91,20,1.95,0.66,0.56,26.1
18.06,20,1.95,0.66,0.56,26.11
18.06,20,1.94,0.66,0.56,26.12
18.13,20,1.95,0.66,0.56,26.13
18.06,20,1.94,0.66,0.56,26.14
18.06,20,1.95,0.66,0.56,26.15
18.06,20,1.95,0.66,0.56,26.16
17.98,20,1.94,0.66,0.56,26.17
18.13,20,1.96,0.66,0.56,26.18
18.06,20,1.95,0.67,0.56,26.19
18.06,20,1.94,0.67,0.56,26.2
17.98,20,1.95,0.67,0.56,26.21
18.06,20,1.94,0.67,0.56,26.22
18.06,20,1.93,0.67,0.56,26.23
18.06,20,1.94,0.67,0.56,26.24
18.06,20,1.93,0.67,0.56,26.25
18.06,20,1.93,0.67,0.56,26.26
17.98,20,1.96,0.67,0.56,26.27
17.91,20,1.94,0.67,0.56,26.28
18.06,20,1.94,0.67,0.56,26.29
18.06,20,1.92,0.67,0.56,26.3
18.06,20,1.94,0.67,0.56,26.31
18.06,20,1.94,0.67,0.56,26.32
18.13,20,1.94,0.67,0.56,26.33
18.06,20,1.92,0.67,0.56,26.34
18.06,20,1.93,0.68,0.56,26.35
18.06,20,1.93,0.68,0.56,26.36
18.13,20,1.94,0.68,0.56,26.37
18.06,20,1.92,0.68,0.56,26.38
18.06,20,1.93,0.68,0.56,26.39
18.06,20,1.94,0.68,0.56,26.4
18.06,20,1.93,0.68,0.56,26.41
18.06,20,1.94,0.68,0.56,26.42
17.91,20,1.93,0.68,0.56,26.43
18.13,20,1.94,0.68,0.56,26.44
18.06,20,1.95,0.68,0.56,26.45
18.13,20,1.93,0.68,0.56,26.46
18.06,20,1.94,0.68,0.56,26.47
18.13,20,1.93,0.68,0.56,26.48
18.06,20,1.95,0.68,0.56,26.49
18.06,20,1.95,0.69,0.56,26.5
18.06,20,1.93,0.69,0.56,26.51
17.98,20,1.93,0.69,0.56,26.52
18.06,20,1.95,0.69,0.56,26.53
18.06,20,1.92,0.69,0.56,26.54
18.06,20,1.92,0.69,0.56,26.55
18.06,20,1.92,0.69,0.56,26.56
17.98,20,1.94,0.69,0.56,26.57
18.06,20,1.93,0.69,0.56,26.58
18.06,20,1.92,0.69,0.56,26.59
18.06,20,1.93,0.69,0.56,26.6
17.98,20,1.93,0.69,0.56,26.61
18.13,20,1.93,0.69,0.56,26.62
18.13,20,1.93,0.69,0.56,26.63
17.98,20,1.93,0.69,0.56,26.64
18.13,20,1.92,0.69,0.56,26.65
18.06,20,1.93,0.7,0.56,26.66
18.06,20,1.93,0.7,0.56,26.67
17.98,20,1.92,0.7,0.56,26.68
17.98,20,1.92,0.7,0.56,26.69
18.06,20,1.93,0.7,0.56,26.7
18.06,20,1.93,0.7,0.56,26.71
18.06,20,1.91,0.7,0.56,26.72
18.13,20,1.93,0.7,0.56,26.73
18.06,20,1.94,0.7,0.56,26.74
18.06,20,1.92,0.7,0.56,26.75
18.06,20,1.91,0.7,0.56,26.76
18.13,20,1.92,0.7,0.56,26.77
18.06,20,1.9,0.7,0.56,26.78
18.06,20,1.93,0.7,0.56,26.79
17.91,20,1.92,0.7,0.56,26.8
18.13,20,1.92,0.7,0.56,26.81
18.06,20,1.93,0.71,0.56,26.82
18.06,20,1.93,0.71,0.56,26.83
18.06,20,1.93,0.71,0.56,26.84
18.13,20,1.92,0.71,0.56,26.85
18.13,20,1.93,0.71,0.56,26.86
18.06,20,1.9,0.71,0.56,26.87
18.06,20,1.93,0.71,0.56,26.88
18.06,20,1.92,0.71,0.56,26.89
18.06,20,1.92,0.71,0.56,26.9
18.06,20,1.92,0.71,0.56,26.91
18.13,20,1.91,0.71,0.56,26.92
18.06,20,1.9,0.71,0.56,26.93
18.06,20,1.92,0.71,0.56,26.94
18.13,20,1.91,0.71,0.56,26.95
18.06,20,1.91,0.71,0.56,26.96
18.06,20,1.91,0.71,0.56,26.97
18.13,20,1.91,0.72,0.56,26.98
18.06,20,1.9,0.72,0.56,26.99
18.06,20,1.91,0.72,0.56,27
18.13,20,1.91,0.72,0.56,27.01
18.06,20,1.9,0.72,0.56,27.02
18.06,20,1.91,0.72,0.56,27.03
18.06,20,1.9,0.72,0.56,27.04
18.06,20,1.92,0.72,0.56,27.05
18.13,20,1.91,0.72,0.56,27.06
18.13,20,1.9,0.72,0.56,27.07
18.06,20,1.91,0.72,0.56,27.08
18.13,20,1.9,0.72,0.56,27.09
17.98,20,1.9,0.72,0.56,27.1
18.13,20,1.9,0.72,0.56,27.11
18.13,20,1.9,0.72,0.56,27.12
18.06,20,1.92,0.72,0.56,27.13
18.06,20,1.92,0.72,0.56,27.14
18.06,20,1.92,0.73,0.56,27.15
18.13,20,1.92,0.73,0.56,27.16
17.98,20,1.92,0.73,0.56,27.17
18.06,20,1.91,0.73,0.56,27.18
18.06,20,1.91,0.73,0.56,27.19
18.13,20,1.93,0.73,0.56,27.2
18.13,20,1.91,0.73,0.56,27.21
18.06,20,1.91,0.73,0.56,27.22
17.91,20,1.9,0.73,0.56,27.23
18.06,20,1.92,0.73,0.56,27.24
18.06,20,1.91,0.73,0.56,27.25
18.06,20,1.92,0.73,0.56,27.26
17.98,20,1.92,0.73,0.56,27.27
18.06,20,1.93,0.73,0.56,27.28
18.06,20,1.92,0.73,0.56,27.29
18.13,20,1.91,0.73,0.56,27.3
18.13,20,1.91,0.73,0.56,27.31
18.06,20,1.91,0.74,0.56,27.32
18.13,20,1.92,0.74,0.56,27.33
18.13,20,1.92,0.74,0.56,27.34
18.06,20,1.9,0.74,0.56,27.35
18.06,20,1.9,0.74,0.56,27.36
18.13,20,1.92,0.74,0.56,27.37
18.06,20,1.93,0.74,0.56,27.38
18.06,20,1.91,0.74,0.56,27.39
18.06,20,1.91,0.74,0.56,27.4
18.06,20,1.89,0.74,0.56,27.41
18.06,20,1.91,0.74,0.56,27.42
18.13,20,1.92,0.74,0.56,27.43
18.13,20,1.9,0.74,0.56,27.44
18.06,20,1.92,0.74,0.56,27.45
18.06,20,1.92,0.74,0.56,27.46
18.06,20,1.93,0.74,0.56,27.47
18.13,20,1.91,0.74,0.56,27.48
17.83,20,1.92,0.74,0.56,27.49
18.06,20,1.92,0.75,0.56,27.5
18.06,20,1.91,0.75,0.56,27.51
18.06,20,1.91,0.75,0.56,27.52
18.06,20,1.9,0.75,0.56,27.53
18.13,20,1.92,0.75,0.56,27.54
18.13,20,1.91,0.75,0.56,27.55
17.98,20,1.92,0.75,0.56,27.56
18.06,20,1.9,0.75,0.56,27.57
18.06,20,1.91,0.75,0.56,27.58
18.13,20,1.9,0.75,0.56,27.59
18.13,20,1.92,0.75,0.56,27.6
18.06,20,1.9,0.75,0.56,27.61
18.06,20,1.9,0.75,0.56,27.62
18.06,20,1.91,0.75,0.56,27.63
18.13,20,1.92,0.75,0.56,27.64
18.06,20,1.91,0.75,0.56,27.65
18.06,20,1.92,0.75,0.56,27.66
18.13,10,8.08,0.75,0.28,27.67
17.46,10,7.77,0.75,0.28,27.68
16.57,10,6.97,0.75,0.28,27.69
15.7,10,6.1,0.75,0.28,27.7
14.9,10,5.35,0.75,0.28,27.71
14.19,10,4.65,0.75,0.28,27.72
13.62,10,4.02,0.75,0.28,27.73
13.06,10,3.43,0.75,0.28,27.74
12.57,10,2.92,0.75,0.28,27.75
12.15,10,2.43,0.75,0.28,27.76
11.81,10,2,0.75,0.28,27.77
11.33,10,1.59,0.75,0.28,27.78
11.06,10,1.25,0.75,0.28,27.79
10.86,10,0.91,0.75,0.28,27.8
10.45,10,0.64,0.75,0.28,27.81
10.18,10,0.37,0.75,0.28,27.82
10.12,10,0.16,0.75,0.28,27.83
9.85,10,0.09,0.75,0.28,27.84
9.72,10,0.26,0.75,0.28,27.85
9.45,10,0.45,0.75,0.28,27.86
9.26,10,0.64,0.75,0.28,27.87
9.19,10,0.77,0.75,0.28,27.88
8.99,10,0.89,0.75,0.28,27.89
8.93,10,1.05,0.75,0.28,27.9
8.8,10,1.13,0.75,0.28,27.91
8.67,10,1.24,0.75,0.28,27.92
8.54,10,1.33,0.75,0.28,27.93
8.54,10,1.4,0.75,0.28,27.94
8.54,10,1.47,0.75,0.28,27.95
8.41,10,1.59,0.75,0.28,27.96
8.21,10,1.66,0.75,0.28,27.97
8.34,10,1.71,0.75,0.28,27.98
8.21,10,1.73,0.75,0.28,27.99
8.21,10,1.79,0.75,0.28,28
8.15,10,1.83,0.75,0.28,28.01
8.09,10,1.87,0.75,0.28,28.02
8.02,10,1.92,0.75,0.28,28.03
8.02,10,1.92,0.75,0.28,28.04
8.02,10,1.95,0.75,0.28,28.05
8.02,10,1.97,0.75,0.28,28.06
7.89,10,2.02,0.76,0.28,28.07
8.02,10,2.04,0.76,0.28,28.08
7.83,10,2.06,0.76,0.28,28.09
7.89,10,2.08,0.76,0.28,28.1
7.89,10,2.09,0.76,0.28,28.11
7.83,10,2.11,0.76,0.28,28.12
7.83,10,2.13,0.76,0.28,28.13
7.89,10,2.12,0.76,0.28,28.14
7.89,10,2.14,0.76,0.28,28.15
7.83,10,2.16,0.76,0.28,28.16
7.83,10,2.17,0.76,0.28,28.17
7.83,10,2.18,0.76,0.28,28.18
7.77,10,2.17,0.76,0.28,28.19
7.83,10,2.19,0.76,0.28,28.2
7.83,10,2.19,0.76,0.28,28.21
7.83,10,2.2,0.77,0.28,28.22
7.77,10,2.2,0.77,0.28,28.23
7.77,10,2.2,0.77,0.28,28.24
7.77,10,2.2,0.77,0.28,28.25
7.83,10,2.21,0.77,0.28,28.26
7.77,10,2.2,0.77,0.28,28.27
7.77,10,2.21,0.77,0.28,28.28
7.77,10,2.21,0.77,0.28,28.29
7.77,10,2.21,0.77,0.28,28.3
7.77,10,2.22,0.77,0.28,28.31
7.77,10,2.22,0.77,0.28,28.32
7.77,10,2.22,0.77,0.28,28.33
7.77,10,2.21,0.77,0.28,28.34
7.83,10,2.22,0.77,0.28,28.35
7.77,10,2.21,0.77,0.28,28.36
7.83,10,2.21,0.78,0.28,28.37
7.77,10,2.22,0.78,0.28,28.38
7.77,10,2.22,0.78,0.28,28.39
7.83,10,2.22,0.78,0.28,28.4
7.77,10,2.22,0.78,0.28,28.41
7.77,10,2.22,0.78,0.28,28.42
7.77,10,2.21,0.78,0.28,28.43
7.7,10,2.22,0.78,0.28,28.44
7.77,10,2.23,0.78,0.28,28.45
7.83,10,2.21,0.78,0.28,28.46
7.7,10,2.22,0.78,0.28,28.47
7.83,10,2.23,0.78,0.28,28.48
7.77,10,2.21,0.78,0.28,28.49
7.7,10,2.21,0.78,0.28,28.5
7.77,10,2.21,0.78,0.28,28.51
7.7,10,2.21,0.79,0.28,28.52
7.83,10,2.21,0.79,0.28,28.53
7.83,10,2.21,0.79,0.28,28.54
7.77,10,2.21,0.79,0.28,28.55
7.77,10,2.21,0.79,0.28,28.56
7.77,10,2.21,0.79,0.28,28.57
7.83,10,2.21,0.79,0.28,28.58
7.77,10,2.21,0.79,0.28,28.59
7.83,10,2.21,0.79,0.28,28.6
7.83,10,2.21,0.79,0.28,28.61
7.77,10,2.21,0.79,0.28,28.62
7.77,10,2.21,0.79,0.28,28.63
7.77,10,2.2,0.79,0.28,28.64
7.83,10,2.2,0.79,0.28,28.65
7.83,10,2.2,0.79,0.28,28.66
7.83,10,2.2,0.8,0.28,28.67
7.77,10,2.2,0.8,0.28,28.68
7.77,10,2.21,0.8,0.28,28.69
7.83,10,2.19,0.8,0.28,28.7
7.77,10,2.2,0.8,0.28,28.71
7.83,10,2.2,0.8,0.28,28.72
7.83,10,2.2,0.8,0.28,28.73
7.77,10,2.19,0.8,0.28,28.74
7.83,10,2.2,0.8,0.28,28.75
7.83,10,2.18,0.8,0.28,28.76
7.83,10,2.19,0.8,0.28,28.77
7.83,10,2.19,0.8,0.28,28.78
7.77,10,2.19,0.8,0.28,28.79
7.83,10,2.2,0.8,0.28,28.8
7.77,10,2.19,0.8,0.28,28.81
7.83,10,2.18,0.8,0.28,28.82
7.77,10,2.2,0.81,0.28,28.83
7.83,10,2.18,0.81,0.28,28.84
7.83,10,2.19,0.81,0.28,28.85
7.77,10,2.2,0.81,0.28,28.86
7.77,10,2.18,0.81,0.28,28.87
7.89,10,2.19,0.81,0.28,28.88
7.83,10,2.19,0.81,0.28,28.89
7.77,10,2.19,0.81,0.28,28.9
7.77,10,2.18,0.81,0.28,28.91
7.83,10,2.16,0.81,0.28,28.92
7.83,10,2.18,0.81,0.28,28.93
7.83,10,2.17,0.81,0.28,28.94
7.77,10,2.18,0.81,0.28,28.95
7.89,10,2.18,0.81,0.28,28.96
7.83,10,2.18,0.81,0.28,28.97
7.77,10,2.18,0.81,0.28,28.98
7.83,10,2.19,0.82,0.28,28.99
7.77,10,2.2,0.82,0.28,29
7.83,10,2.18,0.82,0.28,29.01
7.83,10,2.16,0.82,0.28,29.02
7.89,10,2.17,0.82,0.28,29.03
7.89,10,2.19,0.82,0.28,29.04
7.89,10,2.17,0.82,0.28,29.05
7.83,10,2.18,0.82,0.28,29.06
7.83,10,2.17,0.82,0.28,29.07
7.83,10,2.19,0.82,0.28,29.08
7.77,10,2.18,0.82,0.28,29.09
7.83,10,2.16,0.82,0.28,29.1
7.77,10,2.16,0.82,0.28,29.11
7.89,10,2.17,0.82,0.28,29.12
7.83,10,2.15,0.82,0.28,29.13
7.83,10,2.16,0.82,0.28,29.14
7.83,10,2.16,0.83,0.28,29.15
7.83,10,2.17,0.83,0.28,29.16
7.83,10,2.16,0.83,0.28,29.17
7.89,10,2.16,0.83,0.28,29.18
7.83,10,2.17,0.83,0.28,29.19
7.89,10,2.17,0.83,0.28,29.2
7.89,10,2.16,0.83,0.28,29.21
7.83,10,2.16,0.83,0.28,29.22
7.83,10,2.16,0.83,0.28,29.23
7.89,10,2.16,0.83,0.28,29.24
7.77,10,2.16,0.83,0.28,29.25
7.83,10,2.15,0.83,0.28,29.26
7.83,10,2.16,0.83,0.28,29.27
7.89,10,2.16,0.83,0.28,29.28
7.83,10,2.15,0.83,0.28,29.29
7.83,10,2.16,0.83,0.28,29.3
7.89,10,2.15,0.83,0.28,29.31
7.83,10,2.15,0.84,0.28,29.32
7.89,10,2.15,0.84,0.28,29.33
8.02,10,2.17,0.84,0.28,29.34
7.83,10,2.14,0.84,0.28,29.35
7.83,10,2.15,0.84,0.28,29.36
7.89,10,2.17,0.84,0.28,29.37
7.83,10,2.16,0.84,0.28,29.38
7.83,10,2.16,0.84,0.28,29.39
7.83,10,2.14,0.84,0.28,29.4
7.89,10,2.15,0.84,0.28,29.41
7.83,10,2.16,0.84,0.28,29.42
7.77,10,2.14,0.84,0.28,29.43
7.83,10,2.15,0.84,0.28,29.44
7.83,10,2.14,0.84,0.28,29.45
7.83,10,2.16,0.84,0.28,29.46
7.83,10,2.15,0.84,0.28,29.47
7.83,10,2.14,0.84,0.28,29.48
7.89,10,2.14,0.85,0.28,29.49
7.89,10,2.14,0.85,0.28,29.5
7.89,10,2.13,0.85,0.28,29.51
7.89,10,2.14,0.85,0.28,29.52
7.77,10,2.13,0.85,0.28,29.53
7.83,10,2.13,0.85,0.28,29.54
7.89,10,2.13,0.85,0.28,29.55
7.83,10,2.14,0.85,0.28,29.56
7.83,10,2.13,0.85,0.28,29.57
7.89,10,2.13,0.85,0.28,29.58
7.83,10,2.14,0.85,0.28,29.59
7.89,10,2.14,0.85,0.28,29.6
7.83,10,2.13,0.85,0.28,29.61
7.83,10,2.14,0.85,0.28,29.62
7.83,10,2.13,0.85,0.28,29.63
7.83,10,2.13,0.85,0.28,29.64
7.89,10,2.13,0.85,0.28,29.65
7.83,10,2.13,0.85,0.28,29.66
7.89,10,2.13,0.86,0.28,29.67
7.83,10,2.13,0.86,0.28,29.68
7.89,10,2.13,0.86,0.28,29.69
7.77,10,2.14,0.86,0.28,29.7
7.89,10,2.13,0.86,0.28,29.71
7.89,10,2.12,0.86,0.28,29.72
7.83,10,2.13,0.86,0.28,29.73
7.77,10,2.12,0.86,0.28,29.74
7.83,10,2.14,0.86,0.28,29.75
7.83,10,2.14,0.86,0.28,29.76
7.83,10,2.14,0.86,0.28,29.77
7.83,10,2.13,0.86,0.28,29.78
7.83,10,2.13,0.86,0.28,29.79
7.83,10,2.14,0.86,0.28,29.8
7.96,10,2.13,0.86,0.28,29.81
7.89,10,2.13,0.86,0.28,29.82
7.83,10,2.13,0.86,0.28,29.83
7.89,10,2.12,0.87,0.28,29.84
7.83,10,2.12,0.87,0.28,29.85
7.89,10,2.14,0.87,0.28,29.86
7.89,10,2.14,0.87,0.28,29.87
7.83,10,2.13,0.87,0.28,29.88
7.83,10,2.13,0.87,0.28,29.89
7.83,10,2.13,0.87,0.28,29.9
7.83,10,2.12,0.87,0.28,29.91
7.89,10,2.12,0.87,0.28,29.92
7.89,10,2.13,0.87,0.28,29.93
7.83,10,2.13,0.87,0.28,29.94
7.89,10,2.12,0.87,0.28,29.95
7.89,10,2.13,0.87,0.28,29.96
7.89,10,2.12,0.87,0.28,29.97
7.83,10,2.11,0.87,0.28,29.98
7.77,10,2.12,0.87,0.28,29.99
7.89,10,2.13,0.87,0.28,30
7.89,10,2.12,0.87,0.28,30.01
7.83,10,2.14,0.87,0.28,30.02
7.83,10,2.11,0.88,0.28,30.03
7.89,10,2.12,0.88,0.28,30.04
7.83,10,2.12,0.88,0.28,30.05
7.89,10,2.12,0.88,0.28,30.06
7.89,10,2.11,0.88,0.28,30.07
7.89,10,2.11,0.88,0.28,30.08
7.89,10,2.12,0.88,0.28,30.09
7.89,10,2.12,0.88,0.28,30.1
7.77,10,2.13,0.88,0.28,30.11
7.89,10,2.12,0.88,0.28,30.12
7.83,10,2.13,0.88,0.28,30.13
7.83,3,4.9,0.88,0.08,30.14
7.51,3,4.72,0.88,0.08,30.15
7.07,3,4.27,0.88,0.08,30.16
6.63,3,3.81,0.88,0.08,30.17
6.14,3,3.38,0.88,0.08,30.18
5.77,3,3.03,0.88,0.08,30.19
5.4,3,2.66,0.88,0.08,30.2
5.16,3,2.31,0.88,0.08,30.21
4.81,3,2.05,0.88,0.08,30.22
4.57,3,1.77,0.88,0.08,30.23
4.39,3,1.51,0.88,0.08,30.24
4.16,3,1.29,0.88,0.08,30.25
3.99,3,1.09,0.88,0.08,30.26
3.81,3,0.88,0.88,0.08,30.27
3.58,3,0.73,0.88,0.08,30.28
3.41,3,0.55,0.87,0.08,30.29
3.36,3,0.42,0.87,0.08,30.3
3.19,3,0.3,0.87,0.08,30.31
3.02,3,0.18,0.87,0.08,30.32
2.96,3,0.05,0.87,0.08,30.33
2.91,3,0.01,0.87,0.08,30.34
2.8,3,0.11,0.87,0.08,30.35
2.74,3,0.2,0.87,0.08,30.36
2.74,3,0.3,0.87,0.08,30.37
2.52,3,0.38,0.87,0.08,30.38
2.52,3,0.42,0.87,0.08,30.39
2.47,3,0.48,0.87,0.08,30.4
2.47,3,0.54,0.87,0.08,30.41
2.41,3,0.58,0.87,0.08,30.42
2.3,3,0.63,0.87,0.08,30.43
2.3,3,0.65,0.87,0.08,30.44
2.3,3,0.68,0.87,0.08,30.45
2.2,3,0.74,0.87,0.08,30.46
2.14,3,0.78,0.87,0.08,30.47
2.2,3,0.82,0.87,0.08,30.48
2.14,3,0.84,0.87,0.08,30.49
2.14,3,0.86,0.87,0.08,30.5
2.14,3,0.88,0.87,0.08,30.51
2.09,3,0.89,0.87,0.08,30.52
2.04,3,0.9,0.87,0.08,30.53
2.09,3,0.93,0.87,0.08,30.54
2.04,3,0.92,0.87,0.08,30.55
2.04,3,0.93,0.87,0.08,30.56
2.04,3,0.96,0.87,0.08,30.57
2.04,3,0.96,0.87,0.08,30.58
2.04,3,0.97,0.87,0.08,30.59
1.93,3,0.98,0.87,0.08,30.6
2.04,3,1,0.87,0.08,30.61
1.98,3,1,0.87,0.08,30.62
1.98,3,1.02,0.87,0.08,30.63
1.98,3,1.01,0.87,0.08,30.64
1.98,3,1.04,0.87,0.08,30.65
1.98,3,1.03,0.87,0.08,30.66
1.93,3,1.04,0.87,0.08,30.67
1.93,3,1.04,0.87,0.08,30.68
1.98,3,1.05,0.87,0.08,30.69
1.98,3,1.05,0.87,0.08,30.7
1.93,3,1.06,0.87,0.08,30.71
1.93,3,1.06,0.87,0.08,30.72
1.93,3,1.06,0.87,0.08,30.73
1.93,3,1.07,0.87,0.08,30.74
1.98,3,1.07,0.87,0.08,30.75
1.93,3,1.07,0.87,0.08,30.76
1.88,3,1.08,0.87,0.08,30.77
1.93,3,1.07,0.87,0.08,30.78
1.88,3,1.07,0.87,0.08,30.79
1.93,3,1.08,0.87,0.08,30.8
1.93,3,1.09,0.87,0.08,30.81
1.88,3,1.08,0.87,0.08,30.82
1.88,3,1.09,0.87,0.08,30.83
1.88,3,1.07,0.87,0.08,30.84
1.93,3,1.08,0.87,0.08,30.85
1.93,3,1.09,0.87,0.08,30.86
1.93,3,1.09,0.87,0.08,30.87
1.93,3,1.09,0.87,0.08,30.88
1.98,3,1.09,0.87,0.08,30.89
1.88,3,1.09,0.87,0.08,30.9
1.88,3,1.09,0.87,0.08,30.91
1.93,3,1.09,0.87,0.08,30.92
1.98,3,1.09,0.87,0.08,30.93
1.93,3,1.09,0.87,0.08,30.94
1.93,3,1.09,0.87,0.08,30.95
1.93,3,1.09,0.87,0.08,30.96
1.93,3,1.08,0.87,0.08,30.97
1.93,3,1.08,0.87,0.08,30.98
1.88,3,1.08,0.87,0.08,30.99
1.88,3,1.09,0.87,0.08,31
1.93,3,1.09,0.87,0.08,31.01
1.93,3,1.1,0.87,0.08,31.02
1.98,3,1.09,0.87,0.08,31.03
1.93,3,1.1,0.87,0.08,31.04
1.93,3,1.09,0.87,0.08,31.05
1.88,3,1.09,0.87,0.08,31.06
1.98,3,1.08,0.87,0.08,31.07
1.88,3,1.09,0.88,0.08,31.08
1.93,3,1.08,0.88,0.08,31.09
1.98,3,1.09,0.88,0.08,31.1
1.93,3,1.09,0.88,0.08,31.11
1.88,3,1.09,0.88,0.08,31.12
1.88,3,1.08,0.88,0.08,31.13
1.98,3,1.08,0.88,0.08,31.14
1.88,3,1.09,0.88,0.08,31.15
1.88,3,1.08,0.88,0.08,31.16
1.93,3,1.08,0.88,0.08,31.17
1.93,3,1.08,0.88,0.08,31.18
1.93,3,1.08,0.88,0.08,31.19
1.88,3,1.08,0.88,0.08,31.2
1.93,3,1.09,0.88,0.08,31.21
1.88,3,1.09,0.88,0.08,31.22
1.98,3,1.08,0.88,0.08,31.23
1.93,3,1.08,0.88,0.08,31.24
1.93,3,1.09,0.88,0.08,31.25
1.88,3,1.08,0.88,0.08,31.26
1.88,3,1.07,0.88,0.08,31.27
1.93,3,1.08,0.88,0.08,31.28
1.93,3,1.08,0.88,0.08,31.29
1.88,3,1.09,0.88,0.08,31.3
1.93,3,1.07,0.88,0.08,31.31
1.98,3,1.08,0.88,0.08,31.32
1.88,3,1.08,0.88,0.08,31.33
1.93,3,1.08,0.88,0.08,31.34
1.88,3,1.07,0.88,0.08,31.35
1.93,3,1.08,0.88,0.08,31.36
1.88,3,1.07,0.88,0.08,31.37
1.88,3,1.07,0.88,0.08,31.38
1.88,3,1.08,0.88,0.08,31.39
1.88,3,1.08,0.88,0.08,31.4
1.93,3,1.07,0.88,0.08,31.41
1.93,3,1.08,0.88,0.08,31.42
1.77,3,1.08,0.88,0.08,31.43
1.93,3,1.07,0.88,0.08,31.44
1.88,3,1.07,0.88,0.08,31.45
1.93,3,1.08,0.88,0.08,31.46
1.93,3,1.08,0.88,0.08,31.47
1.88,3,1.07,0.88,0.08,31.48
1.93,3,1.07,0.88,0.08,31.49
1.93,3,1.08,0.88,0.08,31.5
1.93,3,1.06,0.88,0.08,31.51
1.93,3,1.07,0.88,0.08,31.52
1.98,3,1.06,0.88,0.08,31.53
1.98,3,1.06,0.88,0.08,31.54
1.93,3,1.06,0.88,0.08,31.55
1.98,3,1.07,0.88,0.08,31.56
1.93,3,1.05,0.88,0.08,31.57
1.88,3,1.06,0.88,0.08,31.58
1.98,3,1.06,0.88,0.08,31.59
1.93,3,1.07,0.88,0.08,31.6
1.98,3,1.06,0.88,0.08,31.61
1.88,3,1.07,0.88,0.08,31.62
1.93,3,1.07,0.88,0.08,31.63
1.93,3,1.06,0.88,0.08,31.64
1.98,3,1.07,0.88,0.08,31.65
1.93,3,1.05,0.88,0.08,31.66
1.93,3,1.06,0.88,0.08,31.67
1.93,3,1.06,0.88,0.08,31.68
1.93,3,1.06,0.88,0.08,31.69
1.98,3,1.06,0.88,0.08,31.7
1.93,3,1.05,0.88,0.08,31.71
1.98,3,1.06,0.88,0.08,31.72
1.98,3,1.05,0.88,0.08,31.73
1.93,3,1.05,0.88,0.08,31.74
1.93,3,1.06,0.88,0.08,31.75
1.98,3,1.05,0.88,0.08,31.76
1.98,3,1.06,0.88,0.08,31.77
1.98,3,1.06,0.88,0.08,31.78
1.98,3,1.05,0.88,0.08,31.79
1.98,3,1.06,0.88,0.08,31.8
1.98,3,1.06,0.88,0.08,31.81
1.93,3,1.05,0.88,0.08,31.82
1.77,3,1.06,0.88,0.08,31.83
1.98,3,1.06,0.88,0.08,31.84
1.93,3,1.07,0.88,0.08,31.85
1.93,3,1.05,0.88,0.08,31.86
1.98,3,1.06,0.88,0.08,31.87
1.98,3,1.05,0.88,0.08,31.88
1.93,3,1.05,0.88,0.08,31.89
1.93,3,1.06,0.88,0.08,31.9
1.98,3,1.06,0.88,0.08,31.91
1.93,3,1.06,0.88,0.08,31.92
1.98,3,1.05,0.88,0.08,31.93
1.93,3,1.05,0.88,0.08,31.94
1.93,3,1.05,0.88,0.08,31.95
1.98,3,1.05,0.88,0.08,31.96
1.88,3,1.05,0.88,0.08,31.97
1.98,3,1.05,0.88,0.08,31.98
1.93,3,1.03,0.88,0.08,31.99
1.93,3,1.04,0.88,0.08,32
1.98,3,1.04,0.88,0.08,32.01
1.98,3,1.06,0.88,0.08,32.02
1.98,3,1.05,0.88,0.08,32.03
1.93,3,1.05,0.88,0.08,32.04
1.98,3,1.04,0.88,0.08,32.05
1.93,3,1.04,0.88,0.08,32.06
1.98,3,1.06,0.88,0.08,32.07
1.93,3,1.05,0.88,0.08,32.08
1.98,3,1.04,0.88,0.08,32.09
1.93,3,1.05,0.88,0.08,32.1
1.98,3,1.04,0.88,0.08,32.11
1.98,3,1.05,0.88,0.08,32.12
1.93,3,1.05,0.88,0.08,32.13
1.93,3,1.04,0.88,0.08,32.14
1.93,3,1.05,0.88,0.08,32.15
1.93,3,1.04,0.88,0.08,32.16
1.93,3,1.05,0.88,0.08,32.17
1.98,3,1.04,0.88,0.08,32.18
1.98,3,1.05,0.88,0.08,32.19
1.98,3,1.04,0.88,0.08,32.2
1.93,3,1.05,0.88,0.08,32.21
1.93,3,1.06,0.88,0.08,32.22
1.93,3,1.04,0.88,0.08,32.23
1.98,3,1.05,0.88,0.08,32.24
1.93,3,1.05,0.88,0.08,32.25
1.98,3,1.04,0.88,0.08,32.26
1.93,3,1.04,0.88,0.08,32.27
1.93,3,1.04,0.88,0.08,32.28
1.93,3,1.04,0.88,0.08,32.29
1.93,3,1.04,0.88,0.08,32.3
1.98,3,1.04,0.88,0.08,32.31
1.98,3,1.05,0.88,0.08,32.32
1.93,3,1.04,0.88,0.08,32.33
1.88,3,1.05,0.88,0.08,32.34
1.93,3,1.05,0.88,0.08,32.35
1.98,3,1.04,0.88,0.08,32.36
1.98,3,1.04,0.88,0.08,32.37
1.93,3,1.04,0.88,0.08,32.38
1.98,3,1.05,0.88,0.08,32.39
1.98,3,1.04,0.88,0.08,32.4
1.93,3,1.04,0.88,0.08,32.41
1.98,3,1.05,0.88,0.08,32.42
1.98,3,1.03,0.88,0.08,32.43
1.98,3,1.04,0.88,0.08,32.44
1.93,3,1.03,0.88,0.08,32.45
1.98,3,1.04,0.89,0.08,32.46
1.98,3,1.03,0.89,0.08,32.47
1.98,3,1.04,0.89,0.08,32.48
1.98,3,1.02,0.89,0.08,32.49
1.98,3,1.04,0.89,0.08,32.5
1.98,3,1.04,0.89,0.08,32.51
1.98,3,1.03,0.89,0.08,32.52
1.98,3,1.03,0.89,0.08,32.53
1.93,3,1.03,0.89,0.08,32.54
1.98,3,1.04,0.89,0.08,32.55
1.93,3,1.03,0.89,0.08,32.56
1.93,3,1.03,0.89,0.08,32.57
1.93,3,1.03,0.89,0.08,32.58
1.98,3,1.04,0.89,0.08,32.59
1.98,3,1.04,0.89,0.08,32.6
1.98,3,1.03,0.89,0.08,32.61
1.93,3,1.04,0.89,0.08,32.62
1.98,3,1.04,0.89,0.08,32.63
1.93,3,1.03,0.89,0.08,32.64
1.98,3,1.03,0.89,0.08,32.65
1.93,3,1.03,0.89,0.08,32.66
1.98,3,1.03,0.89,0.08,32.67
1.93,3,1.03,0.89,0.08,32.68
1.98,3,1.02,0.89,0.08,32.69
1.98,3,1.03,0.89,0.08,32.7
1.93,3,1.03,0.89,0.08,32.71
1.98,3,1.03,0.89,0.08,32.72
1.98,3,1.02,0.89,0.08,32.73
1.93,3,1.03,0.89,0.08,32.74
1.93,3,1.02,0.89,0.08,32.75
1.98,3,1.03,0.89,0.08,32.76
1.98,3,1.02,0.89,0.08,32.77
1.98,3,1.03,0.89,0.08,32.78
1.93,3,1.03,0.89,0.08,32.79
1.93,3,1.03,0.89,0.08,32.8
1.98,3,1.03,0.89,0.08,32.81
1.93,3,1.03,0.89,0.08,32.82
1.98,3,1.03,0.89,0.08,32.83
1.93,3,1.03,0.89,0.08,32.84
1.77,3,1.03,0.89,0.08,32.85
1.93,3,1.04,0.89,0.08,32.86
1.93,3,1.02,0.89,0.08,32.87
1.98,3,1.03,0.89,0.08,32.88
1.93,3,1.03,0.89,0.08,32.89
1.93,3,1.02,0.89,0.08,32.9
1.98,3,1.03,0.89,0.08,32.91
1.98,3,1.02,0.89,0.08,32.92
1.98,3,1.03,0.89,0.08,32.93
1.93,3,1.02,0.89,0.08,32.94
1.98,3,1.03,0.89,0.08,32.95
1.93,3,1.02,0.89,0.08,32.96
1.93,3,1.03,0.89,0.08,32.97
1.98,3,1.03,0.89,0.08,32.98
1.98,3,1.03,0.89,0.08,32.99
1.98,3,1.01,0.89,0.08,33
1.93,3,1.03,0.89,0.08,33.01
1.98,3,1.02,0.89,0.08,33.02
1.93,3,1.02,0.89,0.08,33.03
1.98,3,1.01,0.89,0.08,33.04
1.98,3,1.02,0.89,0.08,33.05
1.98,3,1.02,0.89,0.08,33.06
1.93,3,1.02,0.89,0.08,33.07
1.98,3,1.03,0.89,0.08,33.08
